mtllib worldforge_field_424242.mtl
# WorldForge 0.7.0
# field seed 424242
o surface::surfaceGround
v -17 -17 0
v -16.128205128205128 -17 0
v -15.256410256410255 -17 0
v -14.384615384615385 -17 0
v -13.512820512820513 -17 0
v -12.64102564102564 -17 0
v -11.76923076923077 -17 0
v -10.897435897435898 -17 0
v -10.025641025641026 -17 0
v -9.153846153846153 -17 0
v -8.282051282051281 -17 0
v -7.410256410256411 -17 0
v -6.538461538461538 -17 0
v -5.666666666666666 -17 0
v -4.794871794871796 -17 0
v -3.9230769230769234 -17 0
v -3.051282051282051 -17 0
v -2.179487179487179 -17 0
v -1.3076923076923066 -17 0
v -0.43589743589743435 -17 0
v 0.4358974358974379 -17 0
v 1.3076923076923066 -17 0
v 2.179487179487179 -17 0
v 3.051282051282051 -17 0
v 3.9230769230769234 -17 0
v 4.794871794871796 -17 0
v 5.666666666666668 -17 0
v 6.53846153846154 -17 0
v 7.410256410256409 -17 0
v 8.282051282051281 -17 0
v 9.153846153846153 -17 0
v 10.025641025641026 -17 0
v 10.897435897435898 -17 0
v 11.76923076923077 -17 0
v 12.641025641025642 -17 0
v 13.512820512820515 -17 0
v 14.384615384615387 -17 0
v 15.256410256410255 -17 0
v 16.12820512820513 -17 0
v 17 -17 0
v -17 -16.128205128205128 0
v -16.128205128205128 -16.128205128205128 -0.009107608814624022
v -15.256410256410255 -16.128205128205128 -0.005117345351674885
v -14.384615384615385 -16.128205128205128 -0.025826925302833207
v -13.512820512820513 -16.128205128205128 -0.022443637992679087
v -12.64102564102564 -16.128205128205128 -0.017198448205441204
v -11.76923076923077 -16.128205128205128 -0.02507852153679764
v -10.897435897435898 -16.128205128205128 -0.018415714939368243
v -10.025641025641026 -16.128205128205128 -0.024737961877351545
v -9.153846153846153 -16.128205128205128 -0.006756963112057765
v -8.282051282051281 -16.128205128205128 -0.007317939537240502
v -7.410256410256411 -16.128205128205128 -0.014605192126780341
v -6.538461538461538 -16.128205128205128 -0.012407429898916581
v -5.666666666666666 -16.128205128205128 -0.013272361347291869
v -4.794871794871796 -16.128205128205128 -0.01677720257280833
v -3.9230769230769234 -16.128205128205128 -0.017015630569335173
v -3.051282051282051 -16.128205128205128 -0.012671308852818726
v -2.179487179487179 -16.128205128205128 -0.008973022188623593
v -1.3076923076923066 -16.128205128205128 -0.012008116961543358
v -0.43589743589743435 -16.128205128205128 -0.0107477362517828
v 0.4358974358974379 -16.128205128205128 -0.013023337671066875
v 1.3076923076923066 -16.128205128205128 -0.024280438532078688
v 2.179487179487179 -16.128205128205128 -0.023901648048052872
v 3.051282051282051 -16.128205128205128 -0.02409837963533923
v 3.9230769230769234 -16.128205128205128 -0.008502047656048603
v 4.794871794871796 -16.128205128205128 -0.01113413220160201
v 5.666666666666668 -16.128205128205128 -0.007471631992235472
v 6.53846153846154 -16.128205128205128 -0.02066682998447035
v 7.410256410256409 -16.128205128205128 -0.0144994382971276
v 8.282051282051281 -16.128205128205128 -0.02225529636961298
v 9.153846153846153 -16.128205128205128 -0.017488985576281767
v 10.025641025641026 -16.128205128205128 -0.019139455870900608
v 10.897435897435898 -16.128205128205128 -0.011422247731993976
v 11.76923076923077 -16.128205128205128 -0.019502089443127014
v 12.641025641025642 -16.128205128205128 -0.024154507380343013
v 13.512820512820515 -16.128205128205128 -0.01781119537686443
v 14.384615384615387 -16.128205128205128 -0.014629696911255891
v 15.256410256410255 -16.128205128205128 -0.016934712622338602
v 16.12820512820513 -16.128205128205128 -0.01784970406498288
v 17 -16.128205128205128 0
v -17 -15.256410256410255 0
v -16.128205128205128 -15.256410256410255 -0.006940319572724612
v -15.256410256410255 -15.256410256410255 -0.020038890722730816
v -14.384615384615385 -15.256410256410255 -0.0459754751207988
v -13.512820512820513 -15.256410256410255 -0.04614424454966937
v -12.64102564102564 -15.256410256410255 -0.035761088876439265
v -11.76923076923077 -15.256410256410255 -0.050871170835913956
v -10.897435897435898 -15.256410256410255 -0.0421788119662546
v -10.025641025641026 -15.256410256410255 -0.03662220733036377
v -9.153846153846153 -15.256410256410255 -0.03137771435316415
v -8.282051282051281 -15.256410256410255 -0.022857025150695084
v -7.410256410256411 -15.256410256410255 -0.013437574786224296
v -6.538461538461538 -15.256410256410255 -0.020619145691070012
v -5.666666666666666 -15.256410256410255 -0.020851092186171483
v -4.794871794871796 -15.256410256410255 -0.020890359778082873
v -3.9230769230769234 -15.256410256410255 -0.022931933302755024
v -3.051282051282051 -15.256410256410255 -0.020545866980537595
v -2.179487179487179 -15.256410256410255 -0.016469783430983063
v -1.3076923076923066 -15.256410256410255 -0.018760357657791524
v -0.43589743589743435 -15.256410256410255 -0.02974925697267624
v 0.4358974358974379 -15.256410256410255 -0.029960047184507583
v 1.3076923076923066 -15.256410256410255 -0.04409501125161566
v 2.179487179487179 -15.256410256410255 -0.03300343563844877
v 3.051282051282051 -15.256410256410255 -0.048928039265764924
v 3.9230769230769234 -15.256410256410255 -0.022378736580719517
v 4.794871794871796 -15.256410256410255 -0.009255341801996336
v 5.666666666666668 -15.256410256410255 -0.02009846381863907
v 6.53846153846154 -15.256410256410255 -0.04474647997618264
v 7.410256410256409 -15.256410256410255 -0.0336677130048343
v 8.282051282051281 -15.256410256410255 -0.0374078967211494
v 9.153846153846153 -15.256410256410255 -0.020036650231718686
v 10.025641025641026 -15.256410256410255 -0.03645075743828106
v 10.897435897435898 -15.256410256410255 -0.02496896023221748
v 11.76923076923077 -15.256410256410255 -0.03286530097342422
v 12.641025641025642 -15.256410256410255 -0.03106092213095423
v 13.512820512820515 -15.256410256410255 -0.04903837603302925
v 14.384615384615387 -15.256410256410255 -0.02249773369498545
v 15.256410256410255 -15.256410256410255 -0.032974470442586605
v 16.12820512820513 -15.256410256410255 -0.010940252387000405
v 17 -15.256410256410255 0
v -17 -14.384615384615385 0
v -16.128205128205128 -14.384615384615385 -0.005065487897181104
v -15.256410256410255 -14.384615384615385 -0.021097904783150656
v -14.384615384615385 -14.384615384615385 -0.02677041155058297
v -13.512820512820513 -14.384615384615385 -0.024103524367746588
v -12.64102564102564 -14.384615384615385 -0.017453183841362317
v -11.76923076923077 -14.384615384615385 -0.025290909177755987
v -10.897435897435898 -14.384615384615385 -0.026146121312311657
v -10.025641025641026 -14.384615384615385 -0.019741708652478922
v -9.153846153846153 -14.384615384615385 -0.05351838571266234
v -8.282051282051281 -14.384615384615385 -0.05398652705208971
v -7.410256410256411 -14.384615384615385 -0.05372729950717729
v -6.538461538461538 -14.384615384615385 -0.04415770567861017
v -5.666666666666666 -14.384615384615385 -0.06785357180964424
v -4.794871794871796 -14.384615384615385 -0.04485510592596184
v -3.9230769230769234 -14.384615384615385 -0.04143801647892366
v -3.051282051282051 -14.384615384615385 -0.05142641884752384
v -2.179487179487179 -14.384615384615385 -0.05459707613973069
v -1.3076923076923066 -14.384615384615385 -0.03034110477959621
v -0.43589743589743435 -14.384615384615385 -0.03578357633373491
v 0.4358974358974379 -14.384615384615385 -0.038680254186109
v 1.3076923076923066 -14.384615384615385 -0.039619962980231335
v 2.179487179487179 -14.384615384615385 -0.02327934920673078
v 3.051282051282051 -14.384615384615385 -0.015010528043708312
v 3.9230769230769234 -14.384615384615385 -0.05798832392504935
v 4.794871794871796 -14.384615384615385 -0.031745651500090885
v 5.666666666666668 -14.384615384615385 -0.057444406363507526
v 6.53846153846154 -14.384615384615385 -0.04500997122876976
v 7.410256410256409 -14.384615384615385 -0.04946355614165241
v 8.282051282051281 -14.384615384615385 -0.03348675673107662
v 9.153846153846153 -14.384615384615385 -0.053496318128370274
v 10.025641025641026 -14.384615384615385 -0.07046509031152126
v 10.897435897435898 -14.384615384615385 -0.06824547881518901
v 11.76923076923077 -14.384615384615385 -0.03441253819639222
v 12.641025641025642 -14.384615384615385 -0.021660979257298034
v 13.512820512820515 -14.384615384615385 -0.03528015093974584
v 14.384615384615387 -14.384615384615385 -0.06018520465898727
v 15.256410256410255 -14.384615384615385 -0.04171481539065221
v 16.12820512820513 -14.384615384615385 -0.01719588115820568
v 17 -14.384615384615385 0
v -17 -13.512820512820513 0
v -16.128205128205128 -13.512820512820513 -0.00643199733288497
v -15.256410256410255 -13.512820512820513 -0.02285385751463909
v -14.384615384615385 -13.512820512820513 -0.014995415478910703
v -13.512820512820513 -13.512820512820513 -0.014717286168722405
v -12.64102564102564 -13.512820512820513 -0.0048081259784624915
v -11.76923076923077 -13.512820512820513 -0.023047045490209712
v -10.897435897435898 -13.512820512820513 -0.026913669494227785
v -10.025641025641026 -13.512820512820513 -0.018956105670318062
v -9.153846153846153 -13.512820512820513 -0.05775623800281197
v -8.282051282051281 -13.512820512820513 -0.060596979745258704
v -7.410256410256411 -13.512820512820513 -0.04335037132810851
v -6.538461538461538 -13.512820512820513 -0.04980058799390382
v -5.666666666666666 -13.512820512820513 -0.05700798952752408
v -4.794871794871796 -13.512820512820513 -0.05591063100303082
v -3.9230769230769234 -13.512820512820513 -0.04775389923658441
v -3.051282051282051 -13.512820512820513 -0.04004906947583829
v -2.179487179487179 -13.512820512820513 -0.06455779079678954
v -1.3076923076923066 -13.512820512820513 -0.05220566984003574
v -0.43589743589743435 -13.512820512820513 -0.05250962245560236
v 0.4358974358974379 -13.512820512820513 -0.034833255455815205
v 1.3076923076923066 -13.512820512820513 -0.04185881981073234
v 2.179487179487179 -13.512820512820513 -0.03778738688625198
v 3.051282051282051 -13.512820512820513 -0.0352024663094312
v 3.9230769230769234 -13.512820512820513 -0.04949302352903704
v 4.794871794871796 -13.512820512820513 -0.03553730630876044
v 5.666666666666668 -13.512820512820513 -0.059497512163584024
v 6.53846153846154 -13.512820512820513 -0.02468718906234799
v 7.410256410256409 -13.512820512820513 -0.025885592915265668
v 8.282051282051281 -13.512820512820513 -0.04667975663374863
v 9.153846153846153 -13.512820512820513 -0.0566383726830501
v 10.025641025641026 -13.512820512820513 -0.07075820911626213
v 10.897435897435898 -13.512820512820513 -0.0658125526674144
v 11.76923076923077 -13.512820512820513 -0.029519044595111024
v 12.641025641025642 -13.512820512820513 -0.028687365560673868
v 13.512820512820515 -13.512820512820513 -0.028253386537940177
v 14.384615384615387 -13.512820512820513 -0.04132408441129492
v 15.256410256410255 -13.512820512820513 -0.039294736728177224
v 16.12820512820513 -13.512820512820513 -0.014786647528655987
v 17 -13.512820512820513 0
v -17 -12.64102564102564 0
v -16.128205128205128 -12.64102564102564 -0.004376461190681741
v -15.256410256410255 -12.64102564102564 -0.018618326504084542
v -14.384615384615385 -12.64102564102564 -0.014218975914248458
v -13.512820512820513 -12.64102564102564 -0.004002821440625668
v -12.64102564102564 -12.64102564102564 -0.006596429783829245
v -11.76923076923077 -12.64102564102564 -0.03710129080194532
v -10.897435897435898 -12.64102564102564 -0.03672363376345866
v -10.025641025641026 -12.64102564102564 -0.03207721485446374
v -9.153846153846153 -12.64102564102564 -0.046883564722711234
v -8.282051282051281 -12.64102564102564 -0.05211083499085516
v -7.410256410256411 -12.64102564102564 -0.059038114833027726
v -6.538461538461538 -12.64102564102564 -0.04376513856350597
v -5.666666666666666 -12.64102564102564 -0.05656505901232494
v -4.794871794871796 -12.64102564102564 -0.06603697482539823
v -3.9230769230769234 -12.64102564102564 -0.05079807916454836
v -3.051282051282051 -12.64102564102564 -0.056171961920853775
v -2.179487179487179 -12.64102564102564 -0.05991354813883837
v -1.3076923076923066 -12.64102564102564 -0.03056968948482307
v -0.43589743589743435 -12.64102564102564 -0.0485640637007719
v 0.4358974358974379 -12.64102564102564 -0.04656912378919287
v 1.3076923076923066 -12.64102564102564 -0.03406257840168013
v 2.179487179487179 -12.64102564102564 -0.03381955537963459
v 3.051282051282051 -12.64102564102564 -0.031155957182403007
v 3.9230769230769234 -12.64102564102564 -0.03492378131455661
v 4.794871794871796 -12.64102564102564 -0.04117971297293828
v 5.666666666666668 -12.64102564102564 -0.05053699857334377
v 6.53846153846154 -12.64102564102564 -0.03651640683220486
v 7.410256410256409 -12.64102564102564 -0.04654772705484187
v 8.282051282051281 -12.64102564102564 -0.028662386697088482
v 9.153846153846153 -12.64102564102564 -0.060043718491012664
v 10.025641025641026 -12.64102564102564 -0.060251333954705374
v 10.897435897435898 -12.64102564102564 -0.04494737009446956
v 11.76923076923077 -12.64102564102564 -0.023751665858924745
v 12.641025641025642 -12.64102564102564 -0.020387659844463002
v 13.512820512820515 -12.64102564102564 -0.02046640565396527
v 14.384615384615387 -12.64102564102564 -0.047405889589962565
v 15.256410256410255 -12.64102564102564 -0.04366391822312539
v 16.12820512820513 -12.64102564102564 -0.018650782380181658
v 17 -12.64102564102564 0
v -17 -11.76923076923077 0
v -16.128205128205128 -11.76923076923077 -0.00626696386310674
v -15.256410256410255 -11.76923076923077 -0.021284082579961457
v -14.384615384615385 -11.76923076923077 -0.0486739995323256
v -13.512820512820513 -11.76923076923077 -0.03300233840878027
v -12.64102564102564 -11.76923076923077 -0.039708453187887335
v -11.76923076923077 -11.76923076923077 -0.061453795913614544
v -10.897435897435898 -11.76923076923077 -0.05417075628277176
v -10.025641025641026 -11.76923076923077 -0.07793381446489245
v -9.153846153846153 -11.76923076923077 -0.04796610186544475
v -8.282051282051281 -11.76923076923077 -0.04756470886580988
v -7.410256410256411 -11.76923076923077 -0.059499384043118074
v -6.538461538461538 -11.76923076923077 -0.046620172048548014
v -5.666666666666666 -11.76923076923077 -0.04276421535824462
v -4.794871794871796 -11.76923076923077 -0.03335840896713697
v -3.9230769230769234 -11.76923076923077 -0.01860089293298646
v -3.051282051282051 -11.76923076923077 -0.025011539131897503
v -2.179487179487179 -11.76923076923077 -0.004030673512377613
v -1.3076923076923066 -11.76923076923077 -0.04393648881931233
v -0.43589743589743435 -11.76923076923077 -0.06780653840379641
v 0.4358974358974379 -11.76923076923077 -0.06040538178517707
v 1.3076923076923066 -11.76923076923077 -0.05610763500337877
v 2.179487179487179 -11.76923076923077 -0.05378706299854134
v 3.051282051282051 -11.76923076923077 -0.07214037182548359
v 3.9230769230769234 -11.76923076923077 -0.05378977546708881
v 4.794871794871796 -11.76923076923077 -0.03859830041498435
v 5.666666666666668 -11.76923076923077 -0.05766386799414402
v 6.53846153846154 -11.76923076923077 -0.025593595279002308
v 7.410256410256409 -11.76923076923077 -0.014978934522243737
v 8.282051282051281 -11.76923076923077 -0.02813363540899655
v 9.153846153846153 -11.76923076923077 -0.046124411838916766
v 10.025641025641026 -11.76923076923077 -0.049304216356157726
v 10.897435897435898 -11.76923076923077 -0.0315118974042823
v 11.76923076923077 -11.76923076923077 -0.02440873054809374
v 12.641025641025642 -11.76923076923077 -0.018011086210287203
v 13.512820512820515 -11.76923076923077 -0.009260828338924562
v 14.384615384615387 -11.76923076923077 -0.029815618615696062
v 15.256410256410255 -11.76923076923077 -0.01935152575308847
v 16.12820512820513 -11.76923076923077 -0.00780279379975828
v 17 -11.76923076923077 0
v -17 -10.897435897435898 0
v -16.128205128205128 -10.897435897435898 -0.007176676155431318
v -15.256410256410255 -10.897435897435898 -0.02449496646352061
v -14.384615384615385 -10.897435897435898 -0.05492149981288052
v -13.512820512820513 -10.897435897435898 -0.05687187867585
v -12.64102564102564 -10.897435897435898 -0.05747734090177831
v -11.76923076923077 -10.897435897435898 -0.06843576792565699
v -10.897435897435898 -10.897435897435898 -0.07302321466797809
v -10.025641025641026 -10.897435897435898 -0.07624633542378867
v -9.153846153846153 -10.897435897435898 -0.05658926190645895
v -8.282051282051281 -10.897435897435898 -0.06265089721586142
v -7.410256410256411 -10.897435897435898 -0.06201509688015539
v -6.538461538461538 -10.897435897435898 -0.037292103629338255
v -5.666666666666666 -10.897435897435898 -0.03358227687017315
v -4.794871794871796 -10.897435897435898 -0.0465297179542081
v -3.9230769230769234 -10.897435897435898 -0.017897774506639808
v -3.051282051282051 -10.897435897435898 -0.019500841353551814
v -2.179487179487179 -10.897435897435898 -0.01353058640680659
v -1.3076923076923066 -10.897435897435898 -0.06367866264168963
v -0.43589743589743435 -10.897435897435898 -0.05353160800979134
v 0.4358974358974379 -10.897435897435898 -0.050207155323655446
v 1.3076923076923066 -10.897435897435898 -0.07124019895618387
v 2.179487179487179 -10.897435897435898 -0.0652126785460582
v 3.051282051282051 -10.897435897435898 -0.05709345667614518
v 3.9230769230769234 -10.897435897435898 -0.036005843652070886
v 4.794871794871796 -10.897435897435898 -0.053510315670446965
v 5.666666666666668 -10.897435897435898 -0.06170846760405748
v 6.53846153846154 -10.897435897435898 -0.019558732857477012
v 7.410256410256409 -10.897435897435898 -0.008355287897420826
v 8.282051282051281 -10.897435897435898 -0.01241502893859359
v 9.153846153846153 -10.897435897435898 -0.0403231332105178
v 10.025641025641026 -10.897435897435898 -0.04194563185109818
v 10.897435897435898 -10.897435897435898 -0.027527437942862838
v 11.76923076923077 -10.897435897435898 -0.013634120276262847
v 12.641025641025642 -10.897435897435898 -0.008105538726785235
v 13.512820512820515 -10.897435897435898 -0.01916661450785084
v 14.384615384615387 -10.897435897435898 -0.04339610109171285
v 15.256410256410255 -10.897435897435898 -0.028132515811561586
v 16.12820512820513 -10.897435897435898 -0.010357699122468034
v 17 -10.897435897435898 0
v -17 -10.025641025641026 0
v -16.128205128205128 -10.025641025641026 -0.007643060930554243
v -15.256410256410255 -10.025641025641026 -0.02039772461647297
v -14.384615384615385 -10.025641025641026 -0.049329340436485535
v -13.512820512820513 -10.025641025641026 -0.05217565532712792
v -12.64102564102564 -10.025641025641026 -0.03629582453407746
v -11.76923076923077 -10.025641025641026 -0.07230860981581289
v -10.897435897435898 -10.025641025641026 -0.06726769010392317
v -10.025641025641026 -10.025641025641026 -0.05585209415130864
v -9.153846153846153 -10.025641025641026 -0.05149323803741733
v -8.282051282051281 -10.025641025641026 -0.06189380312102513
v -7.410256410256411 -10.025641025641026 -0.036243895352435024
v -6.538461538461538 -10.025641025641026 -0.057163409962006195
v -5.666666666666666 -10.025641025641026 -0.04923827429646846
v -4.794871794871796 -10.025641025641026 -0.03158453074582214
v -3.9230769230769234 -10.025641025641026 -0.02146981120247634
v -3.051282051282051 -10.025641025641026 -0.008380757143054512
v -2.179487179487179 -10.025641025641026 -0.0167717888379019
v -1.3076923076923066 -10.025641025641026 -0.06306437625770751
v -0.43589743589743435 -10.025641025641026 -0.04862851849507287
v 0.4358974358974379 -10.025641025641026 -0.05972075420912826
v 1.3076923076923066 -10.025641025641026 -0.047539983762527854
v 2.179487179487179 -10.025641025641026 -0.04693875147231895
v 3.051282051282051 -10.025641025641026 -0.06099085591904213
v 3.9230769230769234 -10.025641025641026 -0.04267313714252397
v 4.794871794871796 -10.025641025641026 -0.03691696470454353
v 5.666666666666668 -10.025641025641026 -0.051032693815612665
v 6.53846153846154 -10.025641025641026 -0.012713430843419556
v 7.410256410256409 -10.025641025641026 -0.01030926306561818
v 8.282051282051281 -10.025641025641026 -0.027925543430949596
v 9.153846153846153 -10.025641025641026 -0.03310052291978519
v 10.025641025641026 -10.025641025641026 -0.03402857535536604
v 10.897435897435898 -10.025641025641026 -0.02707027069050518
v 11.76923076923077 -10.025641025641026 -0.026528525987749886
v 12.641025641025642 -10.025641025641026 -0.016654920969613355
v 13.512820512820515 -10.025641025641026 -0.027327480010957864
v 14.384615384615387 -10.025641025641026 -0.02626550721818071
v 15.256410256410255 -10.025641025641026 -0.011105666293788154
v 16.12820512820513 -10.025641025641026 -0.013943534605835833
v 17 -10.025641025641026 0
v -17 -9.153846153846153 0
v -16.128205128205128 -9.153846153846153 -0.007581830083843777
v -15.256410256410255 -9.153846153846153 -0.010924328259902538
v -14.384615384615385 -9.153846153846153 -0.02631247877434425
v -13.512820512820513 -9.153846153846153 -0.010982585005528738
v -12.64102564102564 -9.153846153846153 -0.0050271984841470845
v -11.76923076923077 -9.153846153846153 -0.02950776694678105
v -10.897435897435898 -9.153846153846153 -0.04571966850594285
v -10.025641025641026 -9.153846153846153 -0.04710100626463983
v -9.153846153846153 -9.153846153846153 -0.04507094706142584
v -8.282051282051281 -9.153846153846153 -0.05172939308638763
v -7.410256410256411 -9.153846153846153 -0.032597688353727956
v -6.538461538461538 -9.153846153846153 -0.0758966535465677
v -5.666666666666666 -9.153846153846153 -0.0654084867713917
v -4.794871794871796 -9.153846153846153 -0.08031648445453135
v -3.9230769230769234 -9.153846153846153 -0.035919917115129284
v -3.051282051282051 -9.153846153846153 -0.0354910633749622
v -2.179487179487179 -9.153846153846153 -0.05112921205197822
v -1.3076923076923066 -9.153846153846153 -0.035411314612474765
v -0.43589743589743435 -9.153846153846153 -0.036830607278674085
v 0.4358974358974379 -9.153846153846153 -0.05052739305156185
v 1.3076923076923066 -9.153846153846153 -0.053531846268413626
v 2.179487179487179 -9.153846153846153 -0.05573627489804222
v 3.051282051282051 -9.153846153846153 -0.07382340203923099
v 3.9230769230769234 -9.153846153846153 -0.022040569599164426
v 4.794871794871796 -9.153846153846153 -0.011381722446016478
v 5.666666666666668 -9.153846153846153 -0.02086450929032853
v 6.53846153846154 -9.153846153846153 -0.06627011779464735
v 7.410256410256409 -9.153846153846153 -0.06465128710808407
v 8.282051282051281 -9.153846153846153 -0.04930672064647364
v 9.153846153846153 -9.153846153846153 -0.045224008265294435
v 10.025641025641026 -9.153846153846153 -0.03261884319923081
v 10.897435897435898 -9.153846153846153 -0.03253992905823581
v 11.76923076923077 -9.153846153846153 -0.06194026976460251
v 12.641025641025642 -9.153846153846153 -0.05730174614888476
v 13.512820512820515 -9.153846153846153 -0.06775666909979455
v 14.384615384615387 -9.153846153846153 -0.02259660820550138
v 15.256410256410255 -9.153846153846153 -0.02216782086275644
v 16.12820512820513 -9.153846153846153 -0.008730817793752604
v 17 -9.153846153846153 0
v -17 -8.282051282051281 0
v -16.128205128205128 -8.282051282051281 -0.008358648902416447
v -15.256410256410255 -8.282051282051281 -0.02364984923274887
v -14.384615384615385 -8.282051282051281 -0.01451043185202219
v -13.512820512820513 -8.282051282051281 -0.03266798219292795
v -12.64102564102564 -8.282051282051281 -0.008993269179956433
v -11.76923076923077 -8.282051282051281 -0.031674221778822745
v -10.897435897435898 -8.282051282051281 -0.027244837485402323
v -10.025641025641026 -8.282051282051281 -0.041280999395376355
v -9.153846153846153 -8.282051282051281 -0.03044666737496178
v -8.282051282051281 -8.282051282051281 -0.034971076036934313
v -7.410256410256411 -8.282051282051281 -0.030903094393626578
v -6.538461538461538 -8.282051282051281 -0.059053525480026535
v -5.666666666666666 -8.282051282051281 -0.0649950479606953
v -4.794871794871796 -8.282051282051281 -0.07584540747843989
v -3.9230769230769234 -8.282051282051281 -0.055378754492214535
v -3.051282051282051 -8.282051282051281 -0.034796521627003626
v -2.179487179487179 -8.282051282051281 -0.046939433806414056
v -1.3076923076923066 -8.282051282051281 -0.059200446445860894
v -0.43589743589743435 -8.282051282051281 -0.04914635883581984
v 0.4358974358974379 -8.282051282051281 -0.04971444485444853
v 1.3076923076923066 -8.282051282051281 -0.07913960405377743
v 2.179487179487179 -8.282051282051281 -0.06376423159367522
v 3.051282051282051 -8.282051282051281 -0.05436748935439144
v 3.9230769230769234 -8.282051282051281 -0.0071350270065676895
v 4.794871794871796 -8.282051282051281 -0.02241085619333586
v 5.666666666666668 -8.282051282051281 -0.01850689494239612
v 6.53846153846154 -8.282051282051281 -0.06969931569630239
v 7.410256410256409 -8.282051282051281 -0.0610192869848447
v 8.282051282051281 -8.282051282051281 -0.061558070388649855
v 9.153846153846153 -8.282051282051281 -0.02565499990896722
v 10.025641025641026 -8.282051282051281 -0.03954757934485726
v 10.897435897435898 -8.282051282051281 -0.04053800862015368
v 11.76923076923077 -8.282051282051281 -0.03962353783456244
v 12.641025641025642 -8.282051282051281 -0.05323909076758333
v 13.512820512820515 -8.282051282051281 -0.06531221337102422
v 14.384615384615387 -8.282051282051281 -0.01971406609813422
v 15.256410256410255 -8.282051282051281 -0.009667641936660936
v 16.12820512820513 -8.282051282051281 -0.008869609083268355
v 17 -8.282051282051281 0
v -17 -7.410256410256411 0
v -16.128205128205128 -7.410256410256411 -0.005330114835937789
v -15.256410256410255 -7.410256410256411 -0.021392401416292818
v -14.384615384615385 -7.410256410256411 -0.006276085936366241
v -13.512820512820513 -7.410256410256411 -0.006210738221149262
v -12.64102564102564 -7.410256410256411 -0.015751501911487914
v -11.76923076923077 -7.410256410256411 -0.03497897872939798
v -10.897435897435898 -7.410256410256411 -0.03934544429192604
v -10.025641025641026 -7.410256410256411 -0.024302965817165588
v -9.153846153846153 -7.410256410256411 -0.028936040960980118
v -8.282051282051281 -7.410256410256411 -0.02946282816295694
v -7.410256410256411 -7.410256410256411 -0.042375690842633665
v -6.538461538461538 -7.410256410256411 -0.07311598894295404
v -5.666666666666666 -7.410256410256411 -0.0533941464221713
v -4.794871794871796 -7.410256410256411 -0.05622434267542598
v -3.9230769230769234 -7.410256410256411 -0.052112305412496396
v -3.051282051282051 -7.410256410256411 -0.036584075264691596
v -2.179487179487179 -7.410256410256411 -0.03205700952112892
v -1.3076923076923066 -7.410256410256411 -0.05666936082966659
v -0.43589743589743435 -7.410256410256411 -0.039564388695340715
v 0.4358974358974379 -7.410256410256411 -0.05995991556587622
v 1.3076923076923066 -7.410256410256411 -0.06747164858905874
v 2.179487179487179 -7.410256410256411 -0.07907514332952949
v 3.051282051282051 -7.410256410256411 -0.06054398718875859
v 3.9230769230769234 -7.410256410256411 -0.019366884312576212
v 4.794871794871796 -7.410256410256411 -0.004463384169067485
v 5.666666666666668 -7.410256410256411 -0.00799300327102215
v 6.53846153846154 -7.410256410256411 -0.05054206605265621
v 7.410256410256409 -7.410256410256411 -0.06756356218834951
v 8.282051282051281 -7.410256410256411 -0.05204260062272586
v 9.153846153846153 -7.410256410256411 -0.042317266846810773
v 10.025641025641026 -7.410256410256411 -0.028464185161528984
v 10.897435897435898 -7.410256410256411 -0.04706742097562443
v 11.76923076923077 -7.410256410256411 -0.041431020929614426
v 12.641025641025642 -7.410256410256411 -0.04984420537936373
v 13.512820512820515 -7.410256410256411 -0.052026614186063705
v 14.384615384615387 -7.410256410256411 -0.011009877811503744
v 15.256410256410255 -7.410256410256411 -0.020044323222796326
v 16.12820512820513 -7.410256410256411 -0.002562121303547447
v 17 -7.410256410256411 0
v -17 -6.538461538461538 0
v -16.128205128205128 -6.538461538461538 -0.017187130500022275
v -15.256410256410255 -6.538461538461538 -0.03782775800227872
v -14.384615384615385 -6.538461538461538 -0.05832422548894052
v -13.512820512820513 -6.538461538461538 -0.052728789205534615
v -12.64102564102564 -6.538461538461538 -0.07636252884274021
v -11.76923076923077 -6.538461538461538 -0.06446540893978883
v -10.897435897435898 -6.538461538461538 -0.06065800842621894
v -10.025641025641026 -6.538461538461538 -0.06780964735409109
v -9.153846153846153 -6.538461538461538 -0.060648864613674226
v -8.282051282051281 -6.538461538461538 -0.05551829390242927
v -7.410256410256411 -6.538461538461538 -0.05343854184076195
v -6.538461538461538 -6.538461538461538 -0.06955310541944046
v -5.666666666666666 -6.538461538461538 -0.06633032484700954
v -4.794871794871796 -6.538461538461538 -0.07960558824901866
v -3.9230769230769234 -6.538461538461538 -0.033926168008199704
v -3.051282051282051 -6.538461538461538 -0.048589076474405093
v -2.179487179487179 -6.538461538461538 -0.04081801309326503
v -1.3076923076923066 -6.538461538461538 -0.05285849411804852
v -0.43589743589743435 -6.538461538461538 -0.05321484437528903
v 0.4358974358974379 -6.538461538461538 -0.07283086433876698
v 1.3076923076923066 -6.538461538461538 -0.02560087097133923
v 2.179487179487179 -6.538461538461538 -0.01966358641134528
v 3.051282051282051 -6.538461538461538 -0.022619503177810345
v 3.9230769230769234 -6.538461538461538 -0.04756162265067183
v 4.794871794871796 -6.538461538461538 -0.028286053583094543
v 5.666666666666668 -6.538461538461538 -0.03449265300665523
v 6.53846153846154 -6.538461538461538 -0.03965851877200776
v 7.410256410256409 -6.538461538461538 -0.03794532863977674
v 8.282051282051281 -6.538461538461538 -0.04246100809992212
v 9.153846153846153 -6.538461538461538 -0.035779626960137756
v 10.025641025641026 -6.538461538461538 -0.01296200883170143
v 10.897435897435898 -6.538461538461538 -0.03226751071861626
v 11.76923076923077 -6.538461538461538 -0.048098446503253914
v 12.641025641025642 -6.538461538461538 -0.047617756941258034
v 13.512820512820515 -6.538461538461538 -0.06220140164816255
v 14.384615384615387 -6.538461538461538 -0.0667668929212088
v 15.256410256410255 -6.538461538461538 -0.04426517207759535
v 16.12820512820513 -6.538461538461538 -0.018805255131417918
v 17 -6.538461538461538 0
v -17 -5.666666666666666 0
v -16.128205128205128 -5.666666666666666 -0.023068940573580304
v -15.256410256410255 -5.666666666666666 -0.0460525484373263
v -14.384615384615385 -5.666666666666666 -0.06650479298608677
v -13.512820512820513 -5.666666666666666 -0.05408105556242477
v -12.64102564102564 -5.666666666666666 -0.052076644057229664
v -11.76923076923077 -5.666666666666666 -0.046744637144290946
v -10.897435897435898 -5.666666666666666 -0.042363029287265166
v -10.025641025641026 -5.666666666666666 -0.045035074400615126
v -9.153846153846153 -5.666666666666666 -0.060841790119803535
v -8.282051282051281 -5.666666666666666 -0.05265656452067946
v -7.410256410256411 -5.666666666666666 -0.062442162759129116
v -6.538461538461538 -5.666666666666666 -0.060401941205848686
v -5.666666666666666 -5.666666666666666 -0.07561135678026741
v -4.794871794871796 -5.666666666666666 -0.07502580199912333
v -3.9230769230769234 -5.666666666666666 -0.028640430136240937
v -3.051282051282051 -5.666666666666666 -0.029998532079295818
v -2.179487179487179 -5.666666666666666 -0.04101879850664016
v -1.3076923076923066 -5.666666666666666 -0.06277669557082596
v -0.43589743589743435 -5.666666666666666 -0.06532626600139317
v 0.4358974358974379 -5.666666666666666 -0.07497123106029965
v 1.3076923076923066 -5.666666666666666 -0.02716819078464401
v 2.179487179487179 -5.666666666666666 -0.024128225254107825
v 3.051282051282051 -5.666666666666666 -0.03264483134557418
v 3.9230769230769234 -5.666666666666666 -0.0399308575058223
v 4.794871794871796 -5.666666666666666 -0.030717267032115164
v 5.666666666666668 -5.666666666666666 -0.022339406838210746
v 6.53846153846154 -5.666666666666666 -0.03658143601244329
v 7.410256410256409 -5.666666666666666 -0.030590178151121323
v 8.282051282051281 -5.666666666666666 -0.02920087829933004
v 9.153846153846153 -5.666666666666666 -0.029855726898423914
v 10.025641025641026 -5.666666666666666 -0.03135333547464617
v 10.897435897435898 -5.666666666666666 -0.034132449681817716
v 11.76923076923077 -5.666666666666666 -0.042115550104190366
v 12.641025641025642 -5.666666666666666 -0.05084876652280165
v 13.512820512820515 -5.666666666666666 -0.03876045587322656
v 14.384615384615387 -5.666666666666666 -0.06343938065507936
v 15.256410256410255 -5.666666666666666 -0.051002520164958265
v 16.12820512820513 -5.666666666666666 -0.021361179664448688
v 17 -5.666666666666666 0
v -17 -4.794871794871796 0
v -16.128205128205128 -4.794871794871796 -0.019518360716354648
v -15.256410256410255 -4.794871794871796 -0.037382813221377306
v -14.384615384615385 -4.794871794871796 -0.056430878205690926
v -13.512820512820513 -4.794871794871796 -0.06798633645244767
v -12.64102564102564 -4.794871794871796 -0.060211624965030235
v -11.76923076923077 -4.794871794871796 -0.0524936717807115
v -10.897435897435898 -4.794871794871796 -0.04903096072440188
v -10.025641025641026 -4.794871794871796 -0.05036685465180759
v -9.153846153846153 -4.794871794871796 -0.059223155395106614
v -8.282051282051281 -4.794871794871796 -0.06821596581682951
v -7.410256410256411 -4.794871794871796 -0.06875586321633308
v -6.538461538461538 -4.794871794871796 -0.06017613681624108
v -5.666666666666666 -4.794871794871796 -0.053785136925746845
v -4.794871794871796 -4.794871794871796 -0.05488015517715168
v -3.9230769230769234 -4.794871794871796 -0.02628152091043998
v -3.051282051282051 -4.794871794871796 -0.049712814243310005
v -2.179487179487179 -4.794871794871796 -0.03017087335497225
v -1.3076923076923066 -4.794871794871796 -0.07623042508698885
v -0.43589743589743435 -4.794871794871796 -0.06341664815079322
v 0.4358974358974379 -4.794871794871796 -0.0684138597138687
v 1.3076923076923066 -4.794871794871796 -0.0443644565261655
v 2.179487179487179 -4.794871794871796 -0.03194527923366422
v 3.051282051282051 -4.794871794871796 -0.04207921330243063
v 3.9230769230769234 -4.794871794871796 -0.036155867771207065
v 4.794871794871796 -4.794871794871796 -0.03961173691441483
v 5.666666666666668 -4.794871794871796 -0.0394710577606815
v 6.53846153846154 -4.794871794871796 -0.04126889735627808
v 7.410256410256409 -4.794871794871796 -0.04144838462753537
v 8.282051282051281 -4.794871794871796 -0.04142294115380776
v 9.153846153846153 -4.794871794871796 -0.03887205833492739
v 10.025641025641026 -4.794871794871796 -0.026949785492894004
v 10.897435897435898 -4.794871794871796 -0.01674754232228783
v 11.76923076923077 -4.794871794871796 -0.06266300731506311
v 12.641025641025642 -4.794871794871796 -0.044902172873824996
v 13.512820512820515 -4.794871794871796 -0.05266121288810255
v 14.384615384615387 -4.794871794871796 -0.05444667598006343
v 15.256410256410255 -4.794871794871796 -0.039925005770547674
v 16.12820512820513 -4.794871794871796 -0.02672472987944282
v 17 -4.794871794871796 0
v -17 -3.9230769230769234 0
v -16.128205128205128 -3.9230769230769234 -0.017808491641540816
v -15.256410256410255 -3.9230769230769234 -0.04525100461438433
v -14.384615384615385 -3.9230769230769234 -0.027350035363497074
v -13.512820512820513 -3.9230769230769234 -0.025487416812156247
v -12.64102564102564 -3.9230769230769234 -0.009979195978013763
v -11.76923076923077 -3.9230769230769234 -0.027942809147455637
v -10.897435897435898 -3.9230769230769234 -0.010971242182697738
v -10.025641025641026 -3.9230769230769234 -0.024769675399554887
v -9.153846153846153 -3.9230769230769234 -0.03558341035847938
v -8.282051282051281 -3.9230769230769234 -0.034231327008135165
v -7.410256410256411 -3.9230769230769234 -0.020706558789770683
v -6.538461538461538 -3.9230769230769234 -0.03324609598891872
v -5.666666666666666 -3.9230769230769234 -0.02651714302336873
v -4.794871794871796 -3.9230769230769234 -0.02744552522951574
v -3.9230769230769234 -3.9230769230769234 -0.00554482107396497
v -3.051282051282051 -3.9230769230769234 -0.004407063672365233
v -2.179487179487179 -3.9230769230769234 -0.0025402734606427015
v -1.3076923076923066 -3.9230769230769234 -0.07465918866846337
v -0.43589743589743435 -3.9230769230769234 -0.06928967029051786
v 0.4358974358974379 -3.9230769230769234 -0.05535391985592308
v 1.3076923076923066 -3.9230769230769234 -0.037329098209142916
v 2.179487179487179 -3.9230769230769234 -0.030817216769354127
v 3.051282051282051 -3.9230769230769234 -0.04652117558762053
v 3.9230769230769234 -3.9230769230769234 -0.06159669538112527
v 4.794871794871796 -3.9230769230769234 -0.06113308956381949
v 5.666666666666668 -3.9230769230769234 -0.05208673768927841
v 6.53846153846154 -3.9230769230769234 -0.038451357110928897
v 7.410256410256409 -3.9230769230769234 -0.043467096205191194
v 8.282051282051281 -3.9230769230769234 -0.05187116385906085
v 9.153846153846153 -3.9230769230769234 -0.021766606599399167
v 10.025641025641026 -3.9230769230769234 -0.02767560003744916
v 10.897435897435898 -3.9230769230769234 -0.037588511484234116
v 11.76923076923077 -3.9230769230769234 -0.031148314700444983
v 12.641025641025642 -3.9230769230769234 -0.029310636786449636
v 13.512820512820515 -3.9230769230769234 -0.010267301386870974
v 14.384615384615387 -3.9230769230769234 -0.0325255959977353
v 15.256410256410255 -3.9230769230769234 -0.02246799128908783
v 16.12820512820513 -3.9230769230769234 -0.007345810927805932
v 17 -3.9230769230769234 0
v -17 -3.051282051282051 0
v -16.128205128205128 -3.051282051282051 -0.019299507281506107
v -15.256410256410255 -3.051282051282051 -0.027144029591862632
v -14.384615384615385 -3.051282051282051 -0.01824686210779242
v -13.512820512820513 -3.051282051282051 -0.029270850879918636
v -12.64102564102564 -3.051282051282051 -0.035736235431955254
v -11.76923076923077 -3.051282051282051 -0.03501132114873303
v -10.897435897435898 -3.051282051282051 -0.02455060156529241
v -10.025641025641026 -3.051282051282051 -0.01281166782506182
v -9.153846153846153 -3.051282051282051 -0.027399136061586934
v -8.282051282051281 -3.051282051282051 -0.025297762406410636
v -7.410256410256411 -3.051282051282051 -0.03266938719342861
v -6.538461538461538 -3.051282051282051 -0.03238994722718463
v -5.666666666666666 -3.051282051282051 -0.025593417206210792
v -4.794871794871796 -3.051282051282051 -0.0414831753895094
v -3.9230769230769234 -3.051282051282051 -0.02990474738374426
v -3.051282051282051 -3.051282051282051 -0.016620876860704528
v -2.179487179487179 -3.051282051282051 -0.008813171685842405
v -1.3076923076923066 -3.051282051282051 -0.06287069003716836
v -0.43589743589743435 -3.051282051282051 -0.06422130025090943
v 0.4358974358974379 -3.051282051282051 -0.07023966852633245
v 1.3076923076923066 -3.051282051282051 -0.02727149025211127
v 2.179487179487179 -3.051282051282051 -0.05269872141366688
v 3.051282051282051 -3.051282051282051 -0.04787283939734649
v 3.9230769230769234 -3.051282051282051 -0.05922470271144467
v 4.794871794871796 -3.051282051282051 -0.04756777787591248
v 5.666666666666668 -3.051282051282051 -0.05818598314359346
v 6.53846153846154 -3.051282051282051 -0.03104803588149641
v 7.410256410256409 -3.051282051282051 -0.045980238709355956
v 8.282051282051281 -3.051282051282051 -0.05187713065072201
v 9.153846153846153 -3.051282051282051 -0.03878438946105809
v 10.025641025641026 -3.051282051282051 -0.04895022154515513
v 10.897435897435898 -3.051282051282051 -0.03645095478556802
v 11.76923076923077 -3.051282051282051 -0.02463201513221626
v 12.641025641025642 -3.051282051282051 -0.0318362174502838
v 13.512820512820515 -3.051282051282051 -0.009991117849811215
v 14.384615384615387 -3.051282051282051 -0.01280614468785207
v 15.256410256410255 -3.051282051282051 -0.01289097563810426
v 16.12820512820513 -3.051282051282051 -0.01174294576669629
v 17 -3.051282051282051 0
v -17 -2.179487179487179 0
v -16.128205128205128 -2.179487179487179 -0.02239348617752447
v -15.256410256410255 -2.179487179487179 -0.03898397988365547
v -14.384615384615385 -2.179487179487179 -0.020130049351294484
v -13.512820512820513 -2.179487179487179 -0.03216479988052047
v -12.64102564102564 -2.179487179487179 -0.012778887516474833
v -11.76923076923077 -2.179487179487179 -0.017124332093261946
v -10.897435897435898 -2.179487179487179 -0.015397031256682353
v -10.025641025641026 -2.179487179487179 -0.03162125584108871
v -9.153846153846153 -2.179487179487179 -0.029129392673739565
v -8.282051282051281 -2.179487179487179 -0.030418724538892068
v -7.410256410256411 -2.179487179487179 -0.03512168643465874
v -6.538461538461538 -2.179487179487179 -0.03388422710883457
v -5.666666666666666 -2.179487179487179 -0.05145545265317775
v -4.794871794871796 -2.179487179487179 -0.035900114680987145
v -3.9230769230769234 -2.179487179487179 -0.023951379794947603
v -3.051282051282051 -2.179487179487179 -0.026478879033155902
v -2.179487179487179 -2.179487179487179 -0.026905243315100302
v -1.3076923076923066 -2.179487179487179 -0.07767386005877529
v -0.43589743589743435 -2.179487179487179 -0.06728533798744817
v 0.4358974358974379 -2.179487179487179 -0.0524159919598681
v 1.3076923076923066 -2.179487179487179 -0.036673803919857896
v 2.179487179487179 -2.179487179487179 -0.03645883528336251
v 3.051282051282051 -2.179487179487179 -0.03025367922142338
v 3.9230769230769234 -2.179487179487179 -0.03692287913828933
v 4.794871794871796 -2.179487179487179 -0.03735370211413556
v 5.666666666666668 -2.179487179487179 -0.04485819253996229
v 6.53846153846154 -2.179487179487179 -0.05239546823896038
v 7.410256410256409 -2.179487179487179 -0.03745529554886072
v 8.282051282051281 -2.179487179487179 -0.04968128533562686
v 9.153846153846153 -2.179487179487179 -0.03425318873800269
v 10.025641025641026 -2.179487179487179 -0.04329563223988146
v 10.897435897435898 -2.179487179487179 -0.04151911008787437
v 11.76923076923077 -2.179487179487179 -0.01501726560323128
v 12.641025641025642 -2.179487179487179 -0.013217301429503479
v 13.512820512820515 -2.179487179487179 -0.016780973216871938
v 14.384615384615387 -2.179487179487179 -0.033331717604228796
v 15.256410256410255 -2.179487179487179 -0.02392874535750098
v 16.12820512820513 -2.179487179487179 -0.007000264227582033
v 17 -2.179487179487179 0
v -17 -1.3076923076923066 0
v -16.128205128205128 -1.3076923076923066 -0.00929169792770788
v -15.256410256410255 -1.3076923076923066 -0.026655998201519933
v -14.384615384615385 -1.3076923076923066 -0.03297393193949219
v -13.512820512820513 -1.3076923076923066 -0.022793562697776895
v -12.64102564102564 -1.3076923076923066 -0.02904638406090758
v -11.76923076923077 -1.3076923076923066 -0.05374607793533644
v -10.897435897435898 -1.3076923076923066 -0.0531180278688523
v -10.025641025641026 -1.3076923076923066 -0.052103346402341856
v -9.153846153846153 -1.3076923076923066 -0.014155029901691592
v -8.282051282051281 -1.3076923076923066 -0.013605912326763015
v -7.410256410256411 -1.3076923076923066 -0.022414612329662933
v -6.538461538461538 -1.3076923076923066 -0.049549991980593414
v -5.666666666666666 -1.3076923076923066 -0.05913950305497655
v -4.794871794871796 -1.3076923076923066 -0.06330218059112788
v -3.9230769230769234 -1.3076923076923066 -0.05860665403959826
v -3.051282051282051 -1.3076923076923066 -0.05914054752818843
v -2.179487179487179 -1.3076923076923066 -0.06657122389981526
v -1.3076923076923066 -1.3076923076923066 -0.019289239770822777
v -0.43589743589743435 -1.3076923076923066 -0.029128935401123945
v 0.4358974358974379 -1.3076923076923066 -0.02358061020635313
v 1.3076923076923066 -1.3076923076923066 -0.03460228466227666
v 2.179487179487179 -1.3076923076923066 -0.04386001102618132
v 3.051282051282051 -1.3076923076923066 -0.041269009703483316
v 3.9230769230769234 -1.3076923076923066 -0.05700054853755357
v 4.794871794871796 -1.3076923076923066 -0.06925996170217819
v 5.666666666666668 -1.3076923076923066 -0.06331262521630529
v 6.53846153846154 -1.3076923076923066 -0.06679155086434874
v 7.410256410256409 -1.3076923076923066 -0.04652115166454763
v 8.282051282051281 -1.3076923076923066 -0.05054499697929459
v 9.153846153846153 -1.3076923076923066 -0.004549252675384079
v 10.025641025641026 -1.3076923076923066 -0.0016997955496690107
v 10.897435897435898 -1.3076923076923066 -0.02627091301855152
v 11.76923076923077 -1.3076923076923066 -0.030407818098499503
v 12.641025641025642 -1.3076923076923066 -0.02345546511862739
v 13.512820512820515 -1.3076923076923066 -0.04003663258694063
v 14.384615384615387 -1.3076923076923066 -0.06396190202950168
v 15.256410256410255 -1.3076923076923066 -0.03818432031429507
v 16.12820512820513 -1.3076923076923066 -0.021935055346756344
v 17 -1.3076923076923066 0
v -17 -0.43589743589743435 0
v -16.128205128205128 -0.43589743589743435 -0.014476997046852402
v -15.256410256410255 -0.43589743589743435 -0.03140987525060773
v -14.384615384615385 -0.43589743589743435 -0.050158324079273724
v -13.512820512820513 -0.43589743589743435 -0.029758193706590722
v -12.64102564102564 -0.43589743589743435 -0.02895701335102227
v -11.76923076923077 -0.43589743589743435 -0.0418414603153181
v -10.897435897435898 -0.43589743589743435 -0.04139700141625664
v -10.025641025641026 -0.43589743589743435 -0.06344558841358067
v -9.153846153846153 -0.43589743589743435 -0.011219254308558153
v -8.282051282051281 -0.43589743589743435 -0.03784613153661205
v -7.410256410256411 -0.43589743589743435 -0.029915135008209484
v -6.538461538461538 -0.43589743589743435 -0.04127087978139254
v -5.666666666666666 -0.43589743589743435 -0.052737740145951395
v -4.794871794871796 -0.43589743589743435 -0.045696409229677
v -3.9230769230769234 -0.43589743589743435 -0.06252598375350288
v -3.051282051282051 -0.43589743589743435 -0.06461477119687596
v -2.179487179487179 -0.43589743589743435 -0.07243232931441618
v -1.3076923076923066 -0.43589743589743435 -0.0128616807416856
v -0.43589743589743435 -0.43589743589743435 -0.0028889476813851963
v 0.4358974358974379 -0.43589743589743435 -0.029880043706309683
v 1.3076923076923066 -0.43589743589743435 -0.03476794135005406
v 2.179487179487179 -0.43589743589743435 -0.022057224567741254
v 3.051282051282051 -0.43589743589743435 -0.02039514907558795
v 3.9230769230769234 -0.43589743589743435 -0.07938546482473706
v 4.794871794871796 -0.43589743589743435 -0.06676522501258242
v 5.666666666666668 -0.43589743589743435 -0.07757347943549878
v 6.53846153846154 -0.43589743589743435 -0.050633374951503905
v 7.410256410256409 -0.43589743589743435 -0.06487767546114384
v 8.282051282051281 -0.43589743589743435 -0.06737035933604646
v 9.153846153846153 -0.43589743589743435 -0.015448632805622526
v 10.025641025641026 -0.43589743589743435 -0.020586471498828172
v 10.897435897435898 -0.43589743589743435 -0.01928772328731874
v 11.76923076923077 -0.43589743589743435 -0.04286371163903695
v 12.641025641025642 -0.43589743589743435 -0.023783750206581505
v 13.512820512820515 -0.43589743589743435 -0.04195695734557395
v 14.384615384615387 -0.43589743589743435 -0.05773175137781557
v 15.256410256410255 -0.43589743589743435 -0.03586302511797961
v 16.12820512820513 -0.43589743589743435 -0.02407251349207524
v 17 -0.43589743589743435 0
v -17 0.4358974358974379 0
v -16.128205128205128 0.4358974358974379 -0.01290949810707855
v -15.256410256410255 0.4358974358974379 -0.01863927527935324
v -14.384615384615385 0.4358974358974379 -0.03266638129222082
v -13.512820512820513 0.4358974358974379 -0.049815595933433654
v -12.64102564102564 0.4358974358974379 -0.030658760212611894
v -11.76923076923077 0.4358974358974379 -0.05417160745223649
v -10.897435897435898 0.4358974358974379 -0.046318904632443626
v -10.025641025641026 0.4358974358974379 -0.041354992140893505
v -9.153846153846153 0.4358974358974379 -0.024157429249721998
v -8.282051282051281 0.4358974358974379 -0.037099820314790456
v -7.410256410256411 0.4358974358974379 -0.02377275613978139
v -6.538461538461538 0.4358974358974379 -0.0416031887001482
v -5.666666666666666 0.4358974358974379 -0.0672949365493703
v -4.794871794871796 0.4358974358974379 -0.06137861669890876
v -3.9230769230769234 0.4358974358974379 -0.05393774741896066
v -3.051282051282051 0.4358974358974379 -0.0630622028468723
v -2.179487179487179 0.4358974358974379 -0.06816535264120142
v -1.3076923076923066 0.4358974358974379 -0.005602743091826966
v -0.43589743589743435 0.4358974358974379 -0.008881073974050073
v 0.4358974358974379 0.4358974358974379 -0.0012194156436279042
v 1.3076923076923066 0.4358974358974379 -0.039305370432757225
v 2.179487179487179 0.4358974358974379 -0.029316159843694223
v 3.051282051282051 0.4358974358974379 -0.02213126651688516
v 3.9230769230769234 0.4358974358974379 -0.07743385464657208
v 4.794871794871796 0.4358974358974379 -0.0611034970492545
v 5.666666666666668 0.4358974358974379 -0.07364041538919856
v 6.53846153846154 0.4358974358974379 -0.06797886538786707
v 7.410256410256409 0.4358974358974379 -0.061607937389076856
v 8.282051282051281 0.4358974358974379 -0.058325908339491805
v 9.153846153846153 0.4358974358974379 -0.008440043295363324
v 10.025641025641026 0.4358974358974379 -0.01646071242431389
v 10.897435897435898 0.4358974358974379 -0.009320442521834591
v 11.76923076923077 0.4358974358974379 -0.040879245183449896
v 12.641025641025642 0.4358974358974379 -0.03910400146057293
v 13.512820512820515 0.4358974358974379 -0.04109776734766282
v 14.384615384615387 0.4358974358974379 -0.06917002581102048
v 15.256410256410255 0.4358974358974379 -0.048670549231609433
v 16.12820512820513 0.4358974358974379 -0.024583697133497576
v 17 0.4358974358974379 0
v -17 1.3076923076923066 0
v -16.128205128205128 1.3076923076923066 -0.004028195324105096
v -15.256410256410255 1.3076923076923066 -0.013357115715000416
v -14.384615384615385 1.3076923076923066 -0.07191564900040047
v -13.512820512820513 1.3076923076923066 -0.06201420044944296
v -12.64102564102564 1.3076923076923066 -0.047544879606726397
v -11.76923076923077 1.3076923076923066 -0.03392394235313456
v -10.897435897435898 1.3076923076923066 -0.04396470309280437
v -10.025641025641026 1.3076923076923066 -0.029894633305662218
v -9.153846153846153 1.3076923076923066 -0.052660591092455696
v -8.282051282051281 1.3076923076923066 -0.051969230155536866
v -7.410256410256411 1.3076923076923066 -0.07131665283587635
v -6.538461538461538 1.3076923076923066 -0.06540849157315544
v -5.666666666666666 1.3076923076923066 -0.07314563607758151
v -4.794871794871796 1.3076923076923066 -0.06195469099874207
v -3.9230769230769234 1.3076923076923066 -0.030772606171244388
v -3.051282051282051 1.3076923076923066 -0.016438350748371463
v -2.179487179487179 1.3076923076923066 -0.021382733900311254
v -1.3076923076923066 1.3076923076923066 -0.0742736690116227
v -0.43589743589743435 1.3076923076923066 -0.06103763773231702
v 0.4358974358974379 1.3076923076923066 -0.07064953939727607
v 1.3076923076923066 1.3076923076923066 -0.029119486979100887
v 2.179487179487179 1.3076923076923066 -0.04415032191190551
v 3.051282051282051 1.3076923076923066 -0.02062492034923731
v 3.9230769230769234 1.3076923076923066 -0.021819724696393566
v 4.794871794871796 1.3076923076923066 -0.03141043957024743
v 5.666666666666668 1.3076923076923066 -0.02833148562000547
v 6.53846153846154 1.3076923076923066 -0.05912780678803634
v 7.410256410256409 1.3076923076923066 -0.052883989999790146
v 8.282051282051281 1.3076923076923066 -0.041985172714492425
v 9.153846153846153 1.3076923076923066 -0.057157182458852804
v 10.025641025641026 1.3076923076923066 -0.06523690619374671
v 10.897435897435898 1.3076923076923066 -0.05638527582659687
v 11.76923076923077 1.3076923076923066 -0.051988258312984224
v 12.641025641025642 1.3076923076923066 -0.049669265845629786
v 13.512820512820515 1.3076923076923066 -0.04886838935673073
v 14.384615384615387 1.3076923076923066 -0.018400266908493505
v 15.256410256410255 1.3076923076923066 -0.017522204074391503
v 16.12820512820513 1.3076923076923066 -0.002900448103034769
v 17 1.3076923076923066 0
v -17 2.179487179487179 0
v -16.128205128205128 2.179487179487179 -0.004707712452249699
v -15.256410256410255 2.179487179487179 -0.007102585110565469
v -14.384615384615385 2.179487179487179 -0.05016014175302267
v -13.512820512820513 2.179487179487179 -0.06342203518343577
v -12.64102564102564 2.179487179487179 -0.06486674672106761
v -11.76923076923077 2.179487179487179 -0.05695742690625966
v -10.897435897435898 2.179487179487179 -0.04429806064392401
v -10.025641025641026 2.179487179487179 -0.03627751582130654
v -9.153846153846153 2.179487179487179 -0.062009267487919045
v -8.282051282051281 2.179487179487179 -0.05366026751937788
v -7.410256410256411 2.179487179487179 -0.06275348877579526
v -6.538461538461538 2.179487179487179 -0.07592548404415772
v -5.666666666666666 2.179487179487179 -0.06840743797628923
v -4.794871794871796 2.179487179487179 -0.07324167454221658
v -3.9230769230769234 2.179487179487179 -0.014263151823639797
v -3.051282051282051 2.179487179487179 -0.026463795028447413
v -2.179487179487179 2.179487179487179 -0.02703368071710133
v -1.3076923076923066 2.179487179487179 -0.06491985454012952
v -0.43589743589743435 2.179487179487179 -0.07059574155590183
v 0.4358974358974379 2.179487179487179 -0.07416235703350538
v 1.3076923076923066 2.179487179487179 -0.04178095352749898
v 2.179487179487179 2.179487179487179 -0.022942096535970895
v 3.051282051282051 2.179487179487179 -0.022036321168369104
v 3.9230769230769234 2.179487179487179 -0.03778868103287281
v 4.794871794871796 2.179487179487179 -0.021719877563134187
v 5.666666666666668 2.179487179487179 -0.01958947966729403
v 6.53846153846154 2.179487179487179 -0.05204025824838407
v 7.410256410256409 2.179487179487179 -0.05214387778750989
v 8.282051282051281 2.179487179487179 -0.060085820529822725
v 9.153846153846153 2.179487179487179 -0.05639628875939567
v 10.025641025641026 2.179487179487179 -0.07167031418250015
v 10.897435897435898 2.179487179487179 -0.05193433333373926
v 11.76923076923077 2.179487179487179 -0.05340484555624165
v 12.641025641025642 2.179487179487179 -0.052194152452282754
v 13.512820512820515 2.179487179487179 -0.04859238882621692
v 14.384615384615387 2.179487179487179 -0.01277365516055023
v 15.256410256410255 2.179487179487179 -0.007905513382960291
v 16.12820512820513 2.179487179487179 -0.00750483098077144
v 17 2.179487179487179 0
v -17 3.051282051282051 0
v -16.128205128205128 3.051282051282051 -0.0033883359761356863
v -15.256410256410255 3.051282051282051 -0.009790176230745592
v -14.384615384615385 3.051282051282051 -0.07336955438468537
v -13.512820512820513 3.051282051282051 -0.06039140658132148
v -12.64102564102564 3.051282051282051 -0.060432873729466076
v -11.76923076923077 3.051282051282051 -0.03776325296737301
v -10.897435897435898 3.051282051282051 -0.04576901158134278
v -10.025641025641026 3.051282051282051 -0.033319788816889594
v -9.153846153846153 3.051282051282051 -0.0570460369682122
v -8.282051282051281 3.051282051282051 -0.05134747319158231
v -7.410256410256411 3.051282051282051 -0.0488568473108034
v -6.538461538461538 3.051282051282051 -0.06005792696385684
v -5.666666666666666 3.051282051282051 -0.06917019327638449
v -4.794871794871796 3.051282051282051 -0.0750065613530329
v -3.9230769230769234 3.051282051282051 -0.014694794019494702
v -3.051282051282051 3.051282051282051 -0.026132359720465202
v -2.179487179487179 3.051282051282051 -0.028705196078858623
v -1.3076923076923066 3.051282051282051 -0.06385630569943362
v -0.43589743589743435 3.051282051282051 -0.07127822999341506
v 0.4358974358974379 3.051282051282051 -0.07316911096402222
v 1.3076923076923066 3.051282051282051 -0.039348693813276006
v 2.179487179487179 3.051282051282051 -0.03409382927915016
v 3.051282051282051 3.051282051282051 -0.034272339351023084
v 3.9230769230769234 3.051282051282051 -0.020592101504184102
v 4.794871794871796 3.051282051282051 -0.0447164650130292
v 5.666666666666668 3.051282051282051 -0.01862265427766691
v 6.53846153846154 3.051282051282051 -0.06432685261266054
v 7.410256410256409 3.051282051282051 -0.06594429864455915
v 8.282051282051281 3.051282051282051 -0.058509228746787476
v 9.153846153846153 3.051282051282051 -0.07586525251667396
v 10.025641025641026 3.051282051282051 -0.07079151283732839
v 10.897435897435898 3.051282051282051 -0.0606087014603906
v 11.76923076923077 3.051282051282051 -0.05350005529850133
v 12.641025641025642 3.051282051282051 -0.06901371202593001
v 13.512820512820515 3.051282051282051 -0.04708231834452454
v 14.384615384615387 3.051282051282051 -0.02886545565260185
v 15.256410256410255 3.051282051282051 -0.009768511613086703
v 16.12820512820513 3.051282051282051 -0.003327047185830573
v 17 3.051282051282051 0
v -17 3.9230769230769234 0
v -16.128205128205128 3.9230769230769234 -0.023287402605272574
v -15.256410256410255 3.9230769230769234 -0.0379347950747077
v -14.384615384615385 3.9230769230769234 -0.04678570227574999
v -13.512820512820513 3.9230769230769234 -0.04976114492887168
v -12.64102564102564 3.9230769230769234 -0.02943086196238858
v -11.76923076923077 3.9230769230769234 -0.06758953731289541
v -10.897435897435898 3.9230769230769234 -0.06779578711316878
v -10.025641025641026 3.9230769230769234 -0.0725409689144741
v -9.153846153846153 3.9230769230769234 -0.02642272007572441
v -8.282051282051281 3.9230769230769234 -0.018144936636500224
v -7.410256410256411 3.9230769230769234 -0.031877672519834525
v -6.538461538461538 3.9230769230769234 -0.016791921957874163
v -5.666666666666666 3.9230769230769234 -0.04094858143496347
v -4.794871794871796 3.9230769230769234 -0.03618477929759666
v -3.9230769230769234 3.9230769230769234 -0.06272178093497248
v -3.051282051282051 3.9230769230769234 -0.06616826113964329
v -2.179487179487179 3.9230769230769234 -0.06910493516165489
v -1.3076923076923066 3.9230769230769234 -0.03612940750666673
v -0.43589743589743435 3.9230769230769234 -0.03429720476330588
v 0.4358974358974379 3.9230769230769234 -0.056516374262201435
v 1.3076923076923066 3.9230769230769234 -0.05064608718937302
v 2.179487179487179 3.9230769230769234 -0.03503725351600073
v 3.051282051282051 3.9230769230769234 -0.05426661099612506
v 3.9230769230769234 3.9230769230769234 -0.01768966218083
v 4.794871794871796 3.9230769230769234 -0.008382746441319545
v 5.666666666666668 3.9230769230769234 -0.02197949475710753
v 6.53846153846154 3.9230769230769234 -0.01573253731864046
v 7.410256410256409 3.9230769230769234 -0.028706206580362822
v 8.282051282051281 3.9230769230769234 -0.006467131032701444
v 9.153846153846153 3.9230769230769234 -0.025297924459192638
v 10.025641025641026 3.9230769230769234 -0.03588286605486772
v 10.897435897435898 3.9230769230769234 -0.0436168855889896
v 11.76923076923077 3.9230769230769234 -0.04892715767292635
v 12.641025641025642 3.9230769230769234 -0.0283776830468799
v 13.512820512820515 3.9230769230769234 -0.026908584214476592
v 14.384615384615387 3.9230769230769234 -0.012515103106448858
v 15.256410256410255 3.9230769230769234 -0.012048132621164763
v 16.12820512820513 3.9230769230769234 -0.012360163111037057
v 17 3.9230769230769234 0
v -17 4.794871794871796 0
v -16.128205128205128 4.794871794871796 -0.015591698281782418
v -15.256410256410255 4.794871794871796 -0.03942125561906974
v -14.384615384615385 4.794871794871796 -0.025064988594907665
v -13.512820512820513 4.794871794871796 -0.030317508539752947
v -12.64102564102564 4.794871794871796 -0.04315721928258929
v -11.76923076923077 4.794871794871796 -0.05014746801789952
v -10.897435897435898 4.794871794871796 -0.04597044907018669
v -10.025641025641026 4.794871794871796 -0.05395314376086558
v -9.153846153846153 4.794871794871796 -0.016257016620896632
v -8.282051282051281 4.794871794871796 -0.007878894859005614
v -7.410256410256411 4.794871794871796 -0.03113024036943091
v -6.538461538461538 4.794871794871796 -0.03677840116320841
v -5.666666666666666 4.794871794871796 -0.023169001488092374
v -4.794871794871796 4.794871794871796 -0.03648045764472978
v -3.9230769230769234 4.794871794871796 -0.07048243091588749
v -3.051282051282051 4.794871794871796 -0.07763519380042018
v -2.179487179487179 4.794871794871796 -0.06436882095838307
v -1.3076923076923066 4.794871794871796 -0.054185905619984744
v -0.43589743589743435 4.794871794871796 -0.03275352660909551
v 0.4358974358974379 4.794871794871796 -0.03706608123927171
v 1.3076923076923066 4.794871794871796 -0.05568297897007868
v 2.179487179487179 4.794871794871796 -0.04832736469983577
v 3.051282051282051 4.794871794871796 -0.058446443291814976
v 3.9230769230769234 4.794871794871796 -0.02839961878788107
v 4.794871794871796 4.794871794871796 -0.02035903725052536
v 5.666666666666668 4.794871794871796 -0.010264793758250219
v 6.53846153846154 4.794871794871796 -0.031059130016513233
v 7.410256410256409 4.794871794871796 -0.006336674726055056
v 8.282051282051281 4.794871794871796 -0.03266953277820348
v 9.153846153846153 4.794871794871796 -0.046246087525170475
v 10.025641025641026 4.794871794871796 -0.03835465751645594
v 10.897435897435898 4.794871794871796 -0.021547024626967667
v 11.76923076923077 4.794871794871796 -0.024085504013219922
v 12.641025641025642 4.794871794871796 -0.04707474491971359
v 13.512820512820515 4.794871794871796 -0.032918953601267495
v 14.384615384615387 4.794871794871796 -0.02132707353532745
v 15.256410256410255 4.794871794871796 -0.02213982174823019
v 16.12820512820513 4.794871794871796 -0.010401261798587086
v 17 4.794871794871796 0
v -17 5.666666666666668 0
v -16.128205128205128 5.666666666666668 -0.02517942335857807
v -15.256410256410255 5.666666666666668 -0.046253166300876225
v -14.384615384615385 5.666666666666668 -0.04987169551721071
v -13.512820512820513 5.666666666666668 -0.05049760126572874
v -12.64102564102564 5.666666666666668 -0.03359841881885206
v -11.76923076923077 5.666666666666668 -0.07291846365739296
v -10.897435897435898 5.666666666666668 -0.06129033171462691
v -10.025641025641026 5.666666666666668 -0.06533713779567304
v -9.153846153846153 5.666666666666668 -0.006667293614736292
v -8.282051282051281 5.666666666666668 -0.010696638709156894
v -7.410256410256411 5.666666666666668 -0.009708207749884042
v -6.538461538461538 5.666666666666668 -0.016468784657382142
v -5.666666666666666 5.666666666666668 -0.042045025776477334
v -4.794871794871796 5.666666666666668 -0.01802941470335734
v -3.9230769230769234 5.666666666666668 -0.06922618748534078
v -3.051282051282051 5.666666666666668 -0.0686406301144814
v -2.179487179487179 5.666666666666668 -0.06567057156034045
v -1.3076923076923066 5.666666666666668 -0.04216459364934518
v -0.43589743589743435 5.666666666666668 -0.03968203571627233
v 0.4358974358974379 5.666666666666668 -0.03398484623544602
v 1.3076923076923066 5.666666666666668 -0.04928382006022461
v 2.179487179487179 5.666666666666668 -0.0425131202505365
v 3.051282051282051 5.666666666666668 -0.03921801919498093
v 3.9230769230769234 5.666666666666668 -0.017822501490866817
v 4.794871794871796 5.666666666666668 -0.029512402108390446
v 5.666666666666668 5.666666666666668 -0.023731998635281425
v 6.53846153846154 5.666666666666668 -0.018386363501796225
v 7.410256410256409 5.666666666666668 -0.024072755427810587
v 8.282051282051281 5.666666666666668 -0.025938145446576816
v 9.153846153846153 5.666666666666668 -0.03703670885917583
v 10.025641025641026 5.666666666666668 -0.023600204665548654
v 10.897435897435898 5.666666666666668 -0.02487170693452441
v 11.76923076923077 5.666666666666668 -0.025232589872714508
v 12.641025641025642 5.666666666666668 -0.036558011042571774
v 13.512820512820515 5.666666666666668 -0.050374841718119734
v 14.384615384615387 5.666666666666668 -0.015543515741807819
v 15.256410256410255 5.666666666666668 -0.01629807676400656
v 16.12820512820513 5.666666666666668 -0.006559282876162947
v 17 5.666666666666668 0
v -17 6.53846153846154 0
v -16.128205128205128 6.53846153846154 -0.0213817823964004
v -15.256410256410255 6.53846153846154 -0.039929292262514245
v -14.384615384615385 6.53846153846154 -0.052058746138043885
v -13.512820512820513 6.53846153846154 -0.059328320773623495
v -12.64102564102564 6.53846153846154 -0.035758359888822575
v -11.76923076923077 6.53846153846154 -0.026899883618983465
v -10.897435897435898 6.53846153846154 -0.04275104410586807
v -10.025641025641026 6.53846153846154 -0.026457912613525043
v -9.153846153846153 6.53846153846154 -0.0630274136437373
v -8.282051282051281 6.53846153846154 -0.05118507941113107
v -7.410256410256411 6.53846153846154 -0.052599150273917455
v -6.538461538461538 6.53846153846154 -0.02065787090751759
v -5.666666666666666 6.53846153846154 -0.01830981188732841
v -4.794871794871796 6.53846153846154 -0.029603718926679935
v -3.9230769230769234 6.53846153846154 -0.05585946249629737
v -3.051282051282051 6.53846153846154 -0.052630892891880186
v -2.179487179487179 6.53846153846154 -0.06203274559030827
v -1.3076923076923066 6.53846153846154 -0.011028106728672833
v -0.43589743589743435 6.53846153846154 -0.0029076508931525804
v 0.4358974358974379 6.53846153846154 -0.027476281655384894
v 1.3076923076923066 6.53846153846154 -0.02758580946901181
v 2.179487179487179 6.53846153846154 -0.03970943402231475
v 3.051282051282051 6.53846153846154 -0.035785291673266266
v 3.9230769230769234 6.53846153846154 -0.054381014661695454
v 4.794871794871796 6.53846153846154 -0.02757831034725555
v 5.666666666666668 6.53846153846154 -0.02704502372876574
v 6.53846153846154 6.53846153846154 -0.042144257161576014
v 7.410256410256409 6.53846153846154 -0.038538657243256294
v 8.282051282051281 6.53846153846154 -0.05027731474719112
v 9.153846153846153 6.53846153846154 -0.07313396985634833
v 10.025641025641026 6.53846153846154 -0.05273234950716884
v 10.897435897435898 6.53846153846154 -0.058416635205612556
v 11.76923076923077 6.53846153846154 -0.03969050420949757
v 12.641025641025642 6.53846153846154 -0.018346484179572308
v 13.512820512820515 6.53846153846154 -0.01909266331917095
v 14.384615384615387 6.53846153846154 -0.0293844631745539
v 15.256410256410255 6.53846153846154 -0.004910777737715182
v 16.12820512820513 6.53846153846154 -0.005272517292956838
v 17 6.53846153846154 0
v -17 7.410256410256409 0
v -16.128205128205128 7.410256410256409 -0.016565385502260763
v -15.256410256410255 7.410256410256409 -0.044155917682856954
v -14.384615384615385 7.410256410256409 -0.06117200000881698
v -13.512820512820513 7.410256410256409 -0.04764708568734918
v -12.64102564102564 7.410256410256409 -0.05131083617842838
v -11.76923076923077 7.410256410256409 -0.03370324369027487
v -10.897435897435898 7.410256410256409 -0.018224657419850302
v -10.025641025641026 7.410256410256409 -0.033876951060989854
v -9.153846153846153 7.410256410256409 -0.07024882294052405
v -8.282051282051281 7.410256410256409 -0.04581193818337613
v -7.410256410256411 7.410256410256409 -0.062419091252635506
v -6.538461538461538 7.410256410256409 -0.013197351924968553
v -5.666666666666666 7.410256410256409 -0.016104867897616476
v -4.794871794871796 7.410256410256409 -0.02074192226130399
v -3.9230769230769234 7.410256410256409 -0.052595740858845
v -3.051282051282051 7.410256410256409 -0.05014475073891741
v -2.179487179487179 7.410256410256409 -0.07216518796284539
v -1.3076923076923066 7.410256410256409 -0.026001758151794906
v -0.43589743589743435 7.410256410256409 -0.0024640112208438544
v 0.4358974358974379 7.410256410256409 -0.028455305649274638
v 1.3076923076923066 7.410256410256409 -0.03574509867852398
v 2.179487179487179 7.410256410256409 -0.025770209221663568
v 3.051282051282051 7.410256410256409 -0.02137249826554172
v 3.9230769230769234 7.410256410256409 -0.04571580390312971
v 4.794871794871796 7.410256410256409 -0.05328427077644836
v 5.666666666666668 7.410256410256409 -0.04861022607978094
v 6.53846153846154 7.410256410256409 -0.03839664615309863
v 7.410256410256409 7.410256410256409 -0.054408182540884746
v 8.282051282051281 7.410256410256409 -0.042548276172961794
v 9.153846153846153 7.410256410256409 -0.07057207909815662
v 10.025641025641026 7.410256410256409 -0.07534837723891132
v 10.897435897435898 7.410256410256409 -0.062376233778080034
v 11.76923076923077 7.410256410256409 -0.031126756593497618
v 12.641025641025642 7.410256410256409 -0.042263577526838444
v 13.512820512820515 7.410256410256409 -0.02638969626068066
v 14.384615384615387 7.410256410256409 -0.012411879308188163
v 15.256410256410255 7.410256410256409 -0.005978927423402799
v 16.12820512820513 7.410256410256409 -0.0017336259335255695
v 17 7.410256410256409 0
v -17 8.282051282051281 0
v -16.128205128205128 8.282051282051281 -0.019983308192757124
v -15.256410256410255 8.282051282051281 -0.026764769298353048
v -14.384615384615385 8.282051282051281 -0.03662111425213989
v -13.512820512820513 8.282051282051281 -0.03653839402549181
v -12.64102564102564 8.282051282051281 -0.06074579672758275
v -11.76923076923077 8.282051282051281 -0.01816962459451725
v -10.897435897435898 8.282051282051281 -0.0445080908639223
v -10.025641025641026 8.282051282051281 -0.016369384717273654
v -9.153846153846153 8.282051282051281 -0.05873291888533159
v -8.282051282051281 8.282051282051281 -0.05957722901322597
v -7.410256410256411 8.282051282051281 -0.07132542889632765
v -6.538461538461538 8.282051282051281 -0.028480522205945515
v -5.666666666666666 8.282051282051281 -0.013842736082029869
v -4.794871794871796 8.282051282051281 -0.037649992745877894
v -3.9230769230769234 8.282051282051281 -0.061319203398131426
v -3.051282051282051 8.282051282051281 -0.06363612881410276
v -2.179487179487179 8.282051282051281 -0.07130741045903813
v -1.3076923076923066 8.282051282051281 -0.013105029641053475
v -0.43589743589743435 8.282051282051281 -0.015387595490351187
v 0.4358974358974379 8.282051282051281 -0.0029506857159958943
v 1.3076923076923066 8.282051282051281 -0.02504164386189156
v 2.179487179487179 8.282051282051281 -0.03181796689434797
v 3.051282051282051 8.282051282051281 -0.03179606792479874
v 3.9230769230769234 8.282051282051281 -0.03867356140033524
v 4.794871794871796 8.282051282051281 -0.04645136160204305
v 5.666666666666668 8.282051282051281 -0.0391470428135837
v 6.53846153846154 8.282051282051281 -0.035641432954215596
v 7.410256410256409 8.282051282051281 -0.03561743585669999
v 8.282051282051281 8.282051282051281 -0.0515891748894482
v 9.153846153846153 8.282051282051281 -0.06642054160666205
v 10.025641025641026 8.282051282051281 -0.06557353468146598
v 10.897435897435898 8.282051282051281 -0.07075152666044639
v 11.76923076923077 8.282051282051281 -0.021869279273878366
v 12.641025641025642 8.282051282051281 -0.020623947345615595
v 13.512820512820515 8.282051282051281 -0.032717718929135234
v 14.384615384615387 8.282051282051281 -0.004007605340335115
v 15.256410256410255 8.282051282051281 -0.00558166709229946
v 16.12820512820513 8.282051282051281 -0.00640608922236008
v 17 8.282051282051281 0
v -17 9.153846153846153 0
v -16.128205128205128 9.153846153846153 -0.017200699211391016
v -15.256410256410255 9.153846153846153 -0.023475157358843174
v -14.384615384615385 9.153846153846153 -0.06215753539761627
v -13.512820512820513 9.153846153846153 -0.06229771234890819
v -12.64102564102564 9.153846153846153 -0.05673820761632269
v -11.76923076923077 9.153846153846153 -0.07189523094238083
v -10.897435897435898 9.153846153846153 -0.05651810780777801
v -10.025641025641026 9.153846153846153 -0.062141213897271994
v -9.153846153846153 9.153846153846153 -0.05819560371713196
v -8.282051282051281 9.153846153846153 -0.06441847197482214
v -7.410256410256411 9.153846153846153 -0.06946544998839005
v -6.538461538461538 9.153846153846153 -0.05232322077463055
v -5.666666666666666 9.153846153846153 -0.038264735175058504
v -4.794871794871796 9.153846153846153 -0.032874212378613064
v -3.9230769230769234 9.153846153846153 -0.07304389559558602
v -3.051282051282051 9.153846153846153 -0.05880198198065347
v -2.179487179487179 9.153846153846153 -0.0700811496420418
v -1.3076923076923066 9.153846153846153 -0.009882435955887675
v -0.43589743589743435 9.153846153846153 -0.027691128955819582
v 0.4358974358974379 9.153846153846153 -0.022711286990745518
v 1.3076923076923066 9.153846153846153 -0.04641690182263736
v 2.179487179487179 9.153846153846153 -0.05028297410265347
v 3.051282051282051 9.153846153846153 -0.0541372957924051
v 3.9230769230769234 9.153846153846153 -0.05024177838229685
v 4.794871794871796 9.153846153846153 -0.05342408805790931
v 5.666666666666668 9.153846153846153 -0.046819323762009646
v 6.53846153846154 9.153846153846153 -0.05251217730220881
v 7.410256410256409 9.153846153846153 -0.040053346977343675
v 8.282051282051281 9.153846153846153 -0.057084873667020856
v 9.153846153846153 9.153846153846153 -0.061507125513657245
v 10.025641025641026 9.153846153846153 -0.05065772937673818
v 10.897435897435898 9.153846153846153 -0.05961304532749735
v 11.76923076923077 9.153846153846153 -0.03900715671198088
v 12.641025641025642 9.153846153846153 -0.04873372839973598
v 13.512820512820515 9.153846153846153 -0.041325382616870514
v 14.384615384615387 9.153846153846153 -0.049738186746507165
v 15.256410256410255 9.153846153846153 -0.03284179136540168
v 16.12820512820513 9.153846153846153 -0.01651618268929553
v 17 9.153846153846153 0
v -17 10.025641025641026 0
v -16.128205128205128 10.025641025641026 -0.015161659807253343
v -15.256410256410255 10.025641025641026 -0.021979834219837253
v -14.384615384615385 10.025641025641026 -0.04597036976690051
v -13.512820512820513 10.025641025641026 -0.060386374468771674
v -12.64102564102564 10.025641025641026 -0.06769597290436241
v -11.76923076923077 10.025641025641026 -0.07072069944902644
v -10.897435897435898 10.025641025641026 -0.05962295964584935
v -10.025641025641026 10.025641025641026 -0.057891558359314
v -9.153846153846153 10.025641025641026 -0.05682116991679858
v -8.282051282051281 10.025641025641026 -0.07884934964080265
v -7.410256410256411 10.025641025641026 -0.05513728977063794
v -6.538461538461538 10.025641025641026 -0.042215788523388
v -5.666666666666666 10.025641025641026 -0.05151769955720518
v -4.794871794871796 10.025641025641026 -0.03829683993599175
v -3.9230769230769234 10.025641025641026 -0.05590554756151502
v -3.051282051282051 10.025641025641026 -0.0749126263942625
v -2.179487179487179 10.025641025641026 -0.06677066005322799
v -1.3076923076923066 10.025641025641026 -0.013594094965584476
v -0.43589743589743435 10.025641025641026 -0.011823348397927567
v 0.4358974358974379 10.025641025641026 -0.005577933735125915
v 1.3076923076923066 10.025641025641026 -0.05980029748426016
v 2.179487179487179 10.025641025641026 -0.045023598210337884
v 3.051282051282051 10.025641025641026 -0.04683924507930508
v 3.9230769230769234 10.025641025641026 -0.04992378238823469
v 4.794871794871796 10.025641025641026 -0.04855431115676899
v 5.666666666666668 10.025641025641026 -0.058207446302021654
v 6.53846153846154 10.025641025641026 -0.0433823049722563
v 7.410256410256409 10.025641025641026 -0.05729990101047316
v 8.282051282051281 10.025641025641026 -0.03602158996104543
v 9.153846153846153 10.025641025641026 -0.06133063976286542
v 10.025641025641026 10.025641025641026 -0.052891797749515246
v 10.897435897435898 10.025641025641026 -0.07378295944911804
v 11.76923076923077 10.025641025641026 -0.06119607042571937
v 12.641025641025642 10.025641025641026 -0.03867071130306524
v 13.512820512820515 10.025641025641026 -0.05363706652712063
v 14.384615384615387 10.025641025641026 -0.047571024261279085
v 15.256410256410255 10.025641025641026 -0.03645642492546221
v 16.12820512820513 10.025641025641026 -0.012613676449200053
v 17 10.025641025641026 0
v -17 10.897435897435898 0
v -16.128205128205128 10.897435897435898 -0.012837026416246873
v -15.256410256410255 10.897435897435898 -0.024109904530183503
v -14.384615384615385 10.897435897435898 -0.06071670460227312
v -13.512820512820513 10.897435897435898 -0.06638146861560347
v -12.64102564102564 10.897435897435898 -0.07316587514080163
v -11.76923076923077 10.897435897435898 -0.06084697962017949
v -10.897435897435898 10.897435897435898 -0.07520759119583623
v -10.025641025641026 10.897435897435898 -0.054121477935802104
v -9.153846153846153 10.897435897435898 -0.05665971078655563
v -8.282051282051281 10.897435897435898 -0.05309186690718625
v -7.410256410256411 10.897435897435898 -0.06985921573027848
v -6.538461538461538 10.897435897435898 -0.03796632269556184
v -5.666666666666666 10.897435897435898 -0.05245736403328341
v -4.794871794871796 10.897435897435898 -0.04444407138457299
v -3.9230769230769234 10.897435897435898 -0.05600902207658556
v -3.051282051282051 10.897435897435898 -0.047138726916595396
v -2.179487179487179 10.897435897435898 -0.0569175581278765
v -1.3076923076923066 10.897435897435898 -0.022952444959199236
v -0.43589743589743435 10.897435897435898 -0.007947835607622699
v 0.4358974358974379 10.897435897435898 -0.020433096964460898
v 1.3076923076923066 10.897435897435898 -0.0456905653849411
v 2.179487179487179 10.897435897435898 -0.05862051613224408
v 3.051282051282051 10.897435897435898 -0.052083627693655946
v 3.9230769230769234 10.897435897435898 -0.05343926747165927
v 4.794871794871796 10.897435897435898 -0.0417723729404521
v 5.666666666666668 10.897435897435898 -0.06168526253357676
v 6.53846153846154 10.897435897435898 -0.031913556900841036
v 7.410256410256409 10.897435897435898 -0.0345414864033524
v 8.282051282051281 10.897435897435898 -0.033782384382221024
v 9.153846153846153 10.897435897435898 -0.051823763886145575
v 10.025641025641026 10.897435897435898 -0.04894121487287102
v 10.897435897435898 10.897435897435898 -0.059984696721849695
v 11.76923076923077 10.897435897435898 -0.04731440206049406
v 12.641025641025642 10.897435897435898 -0.053284930228944614
v 13.512820512820515 10.897435897435898 -0.03945564785167447
v 14.384615384615387 10.897435897435898 -0.04909215946333167
v 15.256410256410255 10.897435897435898 -0.022719586292451053
v 16.12820512820513 10.897435897435898 -0.015148365571019826
v 17 10.897435897435898 0
v -17 11.76923076923077 0
v -16.128205128205128 11.76923076923077 -0.016105994076602126
v -15.256410256410255 11.76923076923077 -0.03131221785199647
v -14.384615384615385 11.76923076923077 -0.062338346149222394
v -13.512820512820513 11.76923076923077 -0.050754516276794594
v -12.64102564102564 11.76923076923077 -0.057070778002867646
v -11.76923076923077 11.76923076923077 -0.05470555421400596
v -10.897435897435898 11.76923076923077 -0.034580657795883867
v -10.025641025641026 11.76923076923077 -0.05081528154382533
v -9.153846153846153 11.76923076923077 -0.05034618350981648
v -8.282051282051281 11.76923076923077 -0.043383720504073034
v -7.410256410256411 11.76923076923077 -0.04713830647901847
v -6.538461538461538 11.76923076923077 -0.06222000224246225
v -5.666666666666666 11.76923076923077 -0.042969944682590876
v -4.794871794871796 11.76923076923077 -0.06745188443607233
v -3.9230769230769234 11.76923076923077 -0.030910901638511342
v -3.051282051282051 11.76923076923077 -0.03703747073356231
v -2.179487179487179 11.76923076923077 -0.033195446920492096
v -1.3076923076923066 11.76923076923077 -0.07333126896284448
v -0.43589743589743435 11.76923076923077 -0.06575176456117597
v 0.4358974358974379 11.76923076923077 -0.05028383081476403
v 1.3076923076923066 11.76923076923077 -0.04527403279613608
v 2.179487179487179 11.76923076923077 -0.04119354867515227
v 3.051282051282051 11.76923076923077 -0.05137928302460296
v 3.9230769230769234 11.76923076923077 -0.03076483402143337
v 4.794871794871796 11.76923076923077 -0.02736359230521366
v 5.666666666666668 11.76923076923077 -0.04489138011017899
v 6.53846153846154 11.76923076923077 -0.030780653376178947
v 7.410256410256409 11.76923076923077 -0.03137911635705851
v 8.282051282051281 11.76923076923077 -0.021724924864248457
v 9.153846153846153 11.76923076923077 -0.05429413122399712
v 10.025641025641026 11.76923076923077 -0.03719005600788216
v 10.897435897435898 11.76923076923077 -0.03972812792054883
v 11.76923076923077 11.76923076923077 -0.022885513354660013
v 12.641025641025642 11.76923076923077 -0.005089441851401922
v 13.512820512820515 11.76923076923077 -0.013581984153440346
v 14.384615384615387 11.76923076923077 -0.03141772594419642
v 15.256410256410255 11.76923076923077 -0.03223364278324595
v 16.12820512820513 11.76923076923077 -0.01499228310396055
v 17 11.76923076923077 0
v -17 12.641025641025642 0
v -16.128205128205128 12.641025641025642 -0.0174931973807828
v -15.256410256410255 12.641025641025642 -0.03502817729072128
v -14.384615384615385 12.641025641025642 -0.06487703658570815
v -13.512820512820513 12.641025641025642 -0.05789854391008711
v -12.64102564102564 12.641025641025642 -0.04829946671748044
v -11.76923076923077 12.641025641025642 -0.03302746703748822
v -10.897435897435898 12.641025641025642 -0.04584964168521205
v -10.025641025641026 12.641025641025642 -0.02793980440815136
v -9.153846153846153 12.641025641025642 -0.05727215164097122
v -8.282051282051281 12.641025641025642 -0.03990155958004052
v -7.410256410256411 12.641025641025642 -0.04797785318984727
v -6.538461538461538 12.641025641025642 -0.05264831170699646
v -5.666666666666666 12.641025641025642 -0.05590173950274554
v -4.794871794871796 12.641025641025642 -0.06416672092056044
v -3.9230769230769234 12.641025641025642 -0.05191161039155283
v -3.051282051282051 12.641025641025642 -0.051877102341126184
v -2.179487179487179 12.641025641025642 -0.030752923146291467
v -1.3076923076923066 12.641025641025642 -0.04716567627025327
v -0.43589743589743435 12.641025641025642 -0.07232504823101125
v 0.4358974358974379 12.641025641025642 -0.048061200742263374
v 1.3076923076923066 12.641025641025642 -0.0532648083830974
v 2.179487179487179 12.641025641025642 -0.03473754550831639
v 3.051282051282051 12.641025641025642 -0.04969611074743832
v 3.9230769230769234 12.641025641025642 -0.026082807707646347
v 4.794871794871796 12.641025641025642 -0.04580744370843431
v 5.666666666666668 12.641025641025642 -0.0362895544605524
v 6.53846153846154 12.641025641025642 -0.02127085582180383
v 7.410256410256409 12.641025641025642 -0.02738969924318395
v 8.282051282051281 12.641025641025642 -0.04838487498861651
v 9.153846153846153 12.641025641025642 -0.05306113860786014
v 10.025641025641026 12.641025641025642 -0.05216734042386515
v 10.897435897435898 12.641025641025642 -0.027142081940034396
v 11.76923076923077 12.641025641025642 -0.012803439123285121
v 12.641025641025642 12.641025641025642 -0.017053345863624572
v 13.512820512820515 12.641025641025642 -0.0038665337416503368
v 14.384615384615387 12.641025641025642 -0.04958315292433653
v 15.256410256410255 12.641025641025642 -0.020627713092214183
v 16.12820512820513 12.641025641025642 -0.015645068204180056
v 17 12.641025641025642 0
v -17 13.512820512820515 0
v -16.128205128205128 13.512820512820515 -0.018290352104888302
v -15.256410256410255 13.512820512820515 -0.023285048148804305
v -14.384615384615385 13.512820512820515 -0.05967308014837894
v -13.512820512820513 13.512820512820515 -0.062425690804805714
v -12.64102564102564 13.512820512820515 -0.05972922603198742
v -11.76923076923077 13.512820512820515 -0.04290174085633801
v -10.897435897435898 13.512820512820515 -0.03729801843497025
v -10.025641025641026 13.512820512820515 -0.04601924385815994
v -9.153846153846153 13.512820512820515 -0.048830429817029355
v -8.282051282051281 13.512820512820515 -0.05170149931039275
v -7.410256410256411 13.512820512820515 -0.050100212488087784
v -6.538461538461538 13.512820512820515 -0.06456970748530269
v -5.666666666666666 13.512820512820515 -0.04633078963259183
v -4.794871794871796 13.512820512820515 -0.054237027862533885
v -3.9230769230769234 13.512820512820515 -0.052162508859135835
v -3.051282051282051 13.512820512820515 -0.05544336949528149
v -2.179487179487179 13.512820512820515 -0.04396077831668512
v -1.3076923076923066 13.512820512820515 -0.0611284514425355
v -0.43589743589743435 13.512820512820515 -0.070793445662844
v 0.4358974358974379 13.512820512820515 -0.04802606705304469
v 1.3076923076923066 13.512820512820515 -0.03571474631567789
v 2.179487179487179 13.512820512820515 -0.03147704940844463
v 3.051282051282051 13.512820512820515 -0.04856986092099854
v 3.9230769230769234 13.512820512820515 -0.020192919759140362
v 4.794871794871796 13.512820512820515 -0.0392504142111634
v 5.666666666666668 13.512820512820515 -0.020736252038286475
v 6.53846153846154 13.512820512820515 -0.03704817850868782
v 7.410256410256409 13.512820512820515 -0.030638694350088744
v 8.282051282051281 13.512820512820515 -0.028143424280307538
v 9.153846153846153 13.512820512820515 -0.029884021512822434
v 10.025641025641026 13.512820512820515 -0.03965466348465481
v 10.897435897435898 13.512820512820515 -0.03432529860829368
v 11.76923076923077 13.512820512820515 -0.016344828656499926
v 12.641025641025642 13.512820512820515 -0.004604178778049753
v 13.512820512820515 13.512820512820515 -0.02937642986910678
v 14.384615384615387 13.512820512820515 -0.05041538961753981
v 15.256410256410255 13.512820512820515 -0.02204504099853566
v 16.12820512820513 13.512820512820515 -0.011699731306120672
v 17 13.512820512820515 0
v -17 14.384615384615387 0
v -16.128205128205128 14.384615384615387 -0.006420042775566554
v -15.256410256410255 14.384615384615387 -0.0159277937865729
v -14.384615384615385 14.384615384615387 -0.007390473755051794
v -13.512820512820513 14.384615384615387 -0.020544197442420236
v -12.64102564102564 14.384615384615387 -0.009227737955288265
v -11.76923076923077 14.384615384615387 -0.04286558754091521
v -10.897435897435898 14.384615384615387 -0.05699246748037737
v -10.025641025641026 14.384615384615387 -0.04544258087789308
v -9.153846153846153 14.384615384615387 -0.036482460262493924
v -8.282051282051281 14.384615384615387 -0.04050660599095659
v -7.410256410256411 14.384615384615387 -0.03797587689223151
v -6.538461538461538 14.384615384615387 -0.04966140223686385
v -5.666666666666666 14.384615384615387 -0.05148480197151227
v -4.794871794871796 14.384615384615387 -0.06290102636169967
v -3.9230769230769234 14.384615384615387 -0.05692076942780372
v -3.051282051282051 14.384615384615387 -0.05330605756257644
v -2.179487179487179 14.384615384615387 -0.07779513828732137
v -1.3076923076923066 14.384615384615387 -0.052075955347116815
v -0.43589743589743435 14.384615384615387 -0.04343400080494499
v 0.4358974358974379 14.384615384615387 -0.06000324676852979
v 1.3076923076923066 14.384615384615387 -0.026119299714086833
v 2.179487179487179 14.384615384615387 -0.02930644877849027
v 3.051282051282051 14.384615384615387 -0.032042222576416306
v 3.9230769230769234 14.384615384615387 -0.03452898750869385
v 4.794871794871796 14.384615384615387 -0.030282842822103796
v 5.666666666666668 14.384615384615387 -0.03334852893264583
v 6.53846153846154 14.384615384615387 -0.04415475693900835
v 7.410256410256409 14.384615384615387 -0.029817239068368123
v 8.282051282051281 14.384615384615387 -0.031772843194448265
v 9.153846153846153 14.384615384615387 -0.041387283607002515
v 10.025641025641026 14.384615384615387 -0.060096596094213875
v 10.897435897435898 14.384615384615387 -0.048218851497729934
v 11.76923076923077 14.384615384615387 -0.031779306727797066
v 12.641025641025642 14.384615384615387 -0.021394990846388632
v 13.512820512820515 14.384615384615387 -0.03241445617498716
v 14.384615384615387 14.384615384615387 -0.04972790590829608
v 15.256410256410255 14.384615384615387 -0.031155651841676932
v 16.12820512820513 14.384615384615387 -0.01916609174633299
v 17 14.384615384615387 0
v -17 15.256410256410255 0
v -16.128205128205128 15.256410256410255 -0.006973603724162941
v -15.256410256410255 15.256410256410255 -0.013768335675057157
v -14.384615384615385 15.256410256410255 -0.02164021135103252
v -13.512820512820513 15.256410256410255 -0.004315756636802259
v -12.64102564102564 15.256410256410255 -0.016011667068531223
v -11.76923076923077 15.256410256410255 -0.027478951684909103
v -10.897435897435898 15.256410256410255 -0.031453678557970155
v -10.025641025641026 15.256410256410255 -0.02376658768817375
v -9.153846153846153 15.256410256410255 -0.03452114079441592
v -8.282051282051281 15.256410256410255 -0.0317331638712076
v -7.410256410256411 15.256410256410255 -0.021580122298674197
v -6.538461538461538 15.256410256410255 -0.03451708129240604
v -5.666666666666666 15.256410256410255 -0.04920729786330372
v -4.794871794871796 15.256410256410255 -0.0495974208267144
v -3.9230769230769234 15.256410256410255 -0.04453787823111796
v -3.051282051282051 15.256410256410255 -0.04969179297753041
v -2.179487179487179 15.256410256410255 -0.04019676435804245
v -1.3076923076923066 15.256410256410255 -0.03229972790254502
v -0.43589743589743435 15.256410256410255 -0.039539166426138174
v 0.4358974358974379 15.256410256410255 -0.03381616285005807
v 1.3076923076923066 15.256410256410255 -0.028029988073786156
v 2.179487179487179 15.256410256410255 -0.02458438090889255
v 3.051282051282051 15.256410256410255 -0.021076884930731288
v 3.9230769230769234 15.256410256410255 -0.021960819136534047
v 4.794871794871796 15.256410256410255 -0.010653825993899087
v 5.666666666666668 15.256410256410255 -0.022182099871300393
v 6.53846153846154 15.256410256410255 -0.03131028659688112
v 7.410256410256409 15.256410256410255 -0.027046480931105166
v 8.282051282051281 15.256410256410255 -0.021869501254290352
v 9.153846153846153 15.256410256410255 -0.0347363348812977
v 10.025641025641026 15.256410256410255 -0.025776965387699864
v 10.897435897435898 15.256410256410255 -0.03964693943051943
v 11.76923076923077 15.256410256410255 -0.007625525002116125
v 12.641025641025642 15.256410256410255 -0.02230054949843361
v 13.512820512820515 15.256410256410255 -0.019409552128061953
v 14.384615384615387 15.256410256410255 -0.03675640633019718
v 15.256410256410255 15.256410256410255 -0.028654018711085506
v 16.12820512820513 15.256410256410255 -0.01614488668647717
v 17 15.256410256410255 0
v -17 16.12820512820513 0
v -16.128205128205128 16.12820512820513 -0.005179469838024434
v -15.256410256410255 16.12820512820513 -0.012417583378309
v -14.384615384615385 16.12820512820513 -0.0020834510681817945
v -13.512820512820513 16.12820512820513 -0.001768262370435673
v -12.64102564102564 16.12820512820513 -0.0031917746134932944
v -11.76923076923077 16.12820512820513 -0.010182431525376057
v -10.897435897435898 16.12820512820513 -0.018643379112253028
v -10.025641025641026 16.12820512820513 -0.01780030458202602
v -9.153846153846153 16.12820512820513 -0.015675743769208585
v -8.282051282051281 16.12820512820513 -0.015433145611084902
v -7.410256410256411 16.12820512820513 -0.011067504171490009
v -6.538461538461538 16.12820512820513 -0.017719376576439166
v -5.666666666666666 16.12820512820513 -0.024018591672578346
v -4.794871794871796 16.12820512820513 -0.020442679551012706
v -3.9230769230769234 16.12820512820513 -0.01944695008139083
v -3.051282051282051 16.12820512820513 -0.019798232477156064
v -2.179487179487179 16.12820512820513 -0.023612498146072778
v -1.3076923076923066 16.12820512820513 -0.015597670104826164
v -0.43589743589743435 16.12820512820513 -0.014827209421659058
v 0.4358974358974379 16.12820512820513 -0.013477927610460039
v 1.3076923076923066 16.12820512820513 -0.01349379236294004
v 2.179487179487179 16.12820512820513 -0.008487045398541622
v 3.051282051282051 16.12820512820513 -0.012156467590869907
v 3.9230769230769234 16.12820512820513 -0.009738530784782734
v 4.794871794871796 16.12820512820513 -0.006766207778661611
v 5.666666666666668 16.12820512820513 -0.012755276431371376
v 6.53846153846154 16.12820512820513 -0.009819231593916494
v 7.410256410256409 16.12820512820513 -0.007678619128186992
v 8.282051282051281 16.12820512820513 -0.010318737741586337
v 9.153846153846153 16.12820512820513 -0.012670565763181188
v 10.025641025641026 16.12820512820513 -0.019560229701022308
v 10.897435897435898 16.12820512820513 -0.017731735922247756
v 11.76923076923077 16.12820512820513 -0.011936192527904394
v 12.641025641025642 16.12820512820513 -0.010860642616175921
v 13.512820512820515 16.12820512820513 -0.007969589713046987
v 14.384615384615387 16.12820512820513 -0.01465610283930499
v 15.256410256410255 16.12820512820513 -0.018147712397958725
v 16.12820512820513 16.12820512820513 -0.019367424461861172
v 17 16.12820512820513 0
v -17 17 0
v -16.128205128205128 17 0
v -15.256410256410255 17 0
v -14.384615384615385 17 0
v -13.512820512820513 17 0
v -12.64102564102564 17 0
v -11.76923076923077 17 0
v -10.897435897435898 17 0
v -10.025641025641026 17 0
v -9.153846153846153 17 0
v -8.282051282051281 17 0
v -7.410256410256411 17 0
v -6.538461538461538 17 0
v -5.666666666666666 17 0
v -4.794871794871796 17 0
v -3.9230769230769234 17 0
v -3.051282051282051 17 0
v -2.179487179487179 17 0
v -1.3076923076923066 17 0
v -0.43589743589743435 17 0
v 0.4358974358974379 17 0
v 1.3076923076923066 17 0
v 2.179487179487179 17 0
v 3.051282051282051 17 0
v 3.9230769230769234 17 0
v 4.794871794871796 17 0
v 5.666666666666668 17 0
v 6.53846153846154 17 0
v 7.410256410256409 17 0
v 8.282051282051281 17 0
v 9.153846153846153 17 0
v 10.025641025641026 17 0
v 10.897435897435898 17 0
v 11.76923076923077 17 0
v 12.641025641025642 17 0
v 13.512820512820515 17 0
v 14.384615384615387 17 0
v 15.256410256410255 17 0
v 16.12820512820513 17 0
v 17 17 0
usemtl fieldMat_0
f 1 41 2
f 2 41 42
f 2 42 3
f 3 42 43
f 3 43 4
f 4 43 44
f 4 44 5
f 5 44 45
f 5 45 6
f 6 45 46
f 6 46 7
f 7 46 47
f 7 47 8
f 8 47 48
f 8 48 9
f 9 48 49
f 9 49 10
f 10 49 50
f 10 50 11
f 11 50 51
f 11 51 12
f 12 51 52
f 12 52 13
f 13 52 53
f 13 53 14
f 14 53 54
f 14 54 15
f 15 54 55
f 15 55 16
f 16 55 56
f 16 56 17
f 17 56 57
f 17 57 18
f 18 57 58
f 18 58 19
f 19 58 59
f 19 59 20
f 20 59 60
f 20 60 21
f 21 60 61
f 21 61 22
f 22 61 62
f 22 62 23
f 23 62 63
f 23 63 24
f 24 63 64
f 24 64 25
f 25 64 65
f 25 65 26
f 26 65 66
f 26 66 27
f 27 66 67
f 27 67 28
f 28 67 68
f 28 68 29
f 29 68 69
f 29 69 30
f 30 69 70
f 30 70 31
f 31 70 71
f 31 71 32
f 32 71 72
f 32 72 33
f 33 72 73
f 33 73 34
f 34 73 74
f 34 74 35
f 35 74 75
f 35 75 36
f 36 75 76
f 36 76 37
f 37 76 77
f 37 77 38
f 38 77 78
f 38 78 39
f 39 78 79
f 39 79 40
f 40 79 80
f 41 81 42
f 42 81 82
f 42 82 43
f 43 82 83
f 43 83 44
f 44 83 84
f 44 84 45
f 45 84 85
f 45 85 46
f 46 85 86
f 46 86 47
f 47 86 87
f 47 87 48
f 48 87 88
f 48 88 49
f 49 88 89
f 49 89 50
f 50 89 90
f 50 90 51
f 51 90 91
f 51 91 52
f 52 91 92
f 52 92 53
f 53 92 93
f 53 93 54
f 54 93 94
f 54 94 55
f 55 94 95
f 55 95 56
f 56 95 96
f 56 96 57
f 57 96 97
f 57 97 58
f 58 97 98
f 58 98 59
f 59 98 99
f 59 99 60
f 60 99 100
f 60 100 61
f 61 100 101
f 61 101 62
f 62 101 102
f 62 102 63
f 63 102 103
f 63 103 64
f 64 103 104
f 64 104 65
f 65 104 105
f 65 105 66
f 66 105 106
f 66 106 67
f 67 106 107
f 67 107 68
f 68 107 108
f 68 108 69
f 69 108 109
f 69 109 70
f 70 109 110
f 70 110 71
f 71 110 111
f 71 111 72
f 72 111 112
f 72 112 73
f 73 112 113
f 73 113 74
f 74 113 114
f 74 114 75
f 75 114 115
f 75 115 76
f 76 115 116
f 76 116 77
f 77 116 117
f 77 117 78
f 78 117 118
f 78 118 79
f 79 118 119
f 79 119 80
f 80 119 120
f 81 121 82
f 82 121 122
f 82 122 83
f 83 122 123
f 83 123 84
f 84 123 124
f 84 124 85
f 85 124 125
f 85 125 86
f 86 125 126
f 86 126 87
f 87 126 127
f 87 127 88
f 88 127 128
f 88 128 89
f 89 128 129
f 89 129 90
f 90 129 130
f 90 130 91
f 91 130 131
f 91 131 92
f 92 131 132
f 92 132 93
f 93 132 133
f 93 133 94
f 94 133 134
f 94 134 95
f 95 134 135
f 95 135 96
f 96 135 136
f 96 136 97
f 97 136 137
f 97 137 98
f 98 137 138
f 98 138 99
f 99 138 139
f 99 139 100
f 100 139 140
f 100 140 101
f 101 140 141
f 101 141 102
f 102 141 142
f 102 142 103
f 103 142 143
f 103 143 104
f 104 143 144
f 104 144 105
f 105 144 145
f 105 145 106
f 106 145 146
f 106 146 107
f 107 146 147
f 107 147 108
f 108 147 148
f 108 148 109
f 109 148 149
f 109 149 110
f 110 149 150
f 110 150 111
f 111 150 151
f 111 151 112
f 112 151 152
f 112 152 113
f 113 152 153
f 113 153 114
f 114 153 154
f 114 154 115
f 115 154 155
f 115 155 116
f 116 155 156
f 116 156 117
f 117 156 157
f 117 157 118
f 118 157 158
f 118 158 119
f 119 158 159
f 119 159 120
f 120 159 160
f 121 161 122
f 122 161 162
f 122 162 123
f 123 162 163
f 123 163 124
f 124 163 164
f 124 164 125
f 125 164 165
f 125 165 126
f 126 165 166
f 126 166 127
f 127 166 167
f 127 167 128
f 128 167 168
f 128 168 129
f 129 168 169
f 129 169 130
f 130 169 170
f 130 170 131
f 131 170 171
f 131 171 132
f 132 171 172
f 132 172 133
f 133 172 173
f 133 173 134
f 134 173 174
f 134 174 135
f 135 174 175
f 135 175 136
f 136 175 176
f 136 176 137
f 137 176 177
f 137 177 138
f 138 177 178
f 138 178 139
f 139 178 179
f 139 179 140
f 140 179 180
f 140 180 141
f 141 180 181
f 141 181 142
f 142 181 182
f 142 182 143
f 143 182 183
f 143 183 144
f 144 183 184
f 144 184 145
f 145 184 185
f 145 185 146
f 146 185 186
f 146 186 147
f 147 186 187
f 147 187 148
f 148 187 188
f 148 188 149
f 149 188 189
f 149 189 150
f 150 189 190
f 150 190 151
f 151 190 191
f 151 191 152
f 152 191 192
f 152 192 153
f 153 192 193
f 153 193 154
f 154 193 194
f 154 194 155
f 155 194 195
f 155 195 156
f 156 195 196
f 156 196 157
f 157 196 197
f 157 197 158
f 158 197 198
f 158 198 159
f 159 198 199
f 159 199 160
f 160 199 200
f 161 201 162
f 162 201 202
f 162 202 163
f 163 202 203
f 163 203 164
f 164 203 204
f 164 204 165
f 165 204 205
f 165 205 166
f 166 205 206
f 166 206 167
f 167 206 207
f 167 207 168
f 168 207 208
f 168 208 169
f 169 208 209
f 169 209 170
f 170 209 210
f 170 210 171
f 171 210 211
f 171 211 172
f 172 211 212
f 172 212 173
f 173 212 213
f 173 213 174
f 174 213 214
f 174 214 175
f 175 214 215
f 175 215 176
f 176 215 216
f 176 216 177
f 177 216 217
f 177 217 178
f 178 217 218
f 178 218 179
f 179 218 219
f 179 219 180
f 180 219 220
f 180 220 181
f 181 220 221
f 181 221 182
f 182 221 222
f 182 222 183
f 183 222 223
f 183 223 184
f 184 223 224
f 184 224 185
f 185 224 225
f 185 225 186
f 186 225 226
f 186 226 187
f 187 226 227
f 187 227 188
f 188 227 228
f 188 228 189
f 189 228 229
f 189 229 190
f 190 229 230
f 190 230 191
f 191 230 231
f 191 231 192
f 192 231 232
f 192 232 193
f 193 232 233
f 193 233 194
f 194 233 234
f 194 234 195
f 195 234 235
f 195 235 196
f 196 235 236
f 196 236 197
f 197 236 237
f 197 237 198
f 198 237 238
f 198 238 199
f 199 238 239
f 199 239 200
f 200 239 240
f 201 241 202
f 202 241 242
f 202 242 203
f 203 242 243
f 203 243 204
f 204 243 244
f 204 244 205
f 205 244 245
f 205 245 206
f 206 245 246
f 206 246 207
f 207 246 247
f 207 247 208
f 208 247 248
f 208 248 209
f 209 248 249
f 209 249 210
f 210 249 250
f 210 250 211
f 211 250 251
f 211 251 212
f 212 251 252
f 212 252 213
f 213 252 253
f 213 253 214
f 214 253 254
f 214 254 215
f 215 254 255
f 215 255 216
f 216 255 256
f 216 256 217
f 217 256 257
f 217 257 218
f 218 257 258
f 218 258 219
f 219 258 259
f 219 259 220
f 220 259 260
f 220 260 221
f 221 260 261
f 221 261 222
f 222 261 262
f 222 262 223
f 223 262 263
f 223 263 224
f 224 263 264
f 224 264 225
f 225 264 265
f 225 265 226
f 226 265 266
f 226 266 227
f 227 266 267
f 227 267 228
f 228 267 268
f 228 268 229
f 229 268 269
f 229 269 230
f 230 269 270
f 230 270 231
f 231 270 271
f 231 271 232
f 232 271 272
f 232 272 233
f 233 272 273
f 233 273 234
f 234 273 274
f 234 274 235
f 235 274 275
f 235 275 236
f 236 275 276
f 236 276 237
f 237 276 277
f 237 277 238
f 238 277 278
f 238 278 239
f 239 278 279
f 239 279 240
f 240 279 280
f 241 281 242
f 242 281 282
f 242 282 243
f 243 282 283
f 243 283 244
f 244 283 284
f 244 284 245
f 245 284 285
f 245 285 246
f 246 285 286
f 246 286 247
f 247 286 287
f 247 287 248
f 248 287 288
f 248 288 249
f 249 288 289
f 249 289 250
f 250 289 290
f 250 290 251
f 251 290 291
f 251 291 252
f 252 291 292
f 252 292 253
f 253 292 293
f 253 293 254
f 254 293 294
f 254 294 255
f 255 294 295
f 255 295 256
f 256 295 296
f 256 296 257
f 257 296 297
f 257 297 258
f 258 297 298
f 258 298 259
f 259 298 299
f 259 299 260
f 260 299 300
f 260 300 261
f 261 300 301
f 261 301 262
f 262 301 302
f 262 302 263
f 263 302 303
f 263 303 264
f 264 303 304
f 264 304 265
f 265 304 305
f 265 305 266
f 266 305 306
f 266 306 267
f 267 306 307
f 267 307 268
f 268 307 308
f 268 308 269
f 269 308 309
f 269 309 270
f 270 309 310
f 270 310 271
f 271 310 311
f 271 311 272
f 272 311 312
f 272 312 273
f 273 312 313
f 273 313 274
f 274 313 314
f 274 314 275
f 275 314 315
f 275 315 276
f 276 315 316
f 276 316 277
f 277 316 317
f 277 317 278
f 278 317 318
f 278 318 279
f 279 318 319
f 279 319 280
f 280 319 320
f 281 321 282
f 282 321 322
f 282 322 283
f 283 322 323
f 283 323 284
f 284 323 324
f 284 324 285
f 285 324 325
f 285 325 286
f 286 325 326
f 286 326 287
f 287 326 327
f 287 327 288
f 288 327 328
f 288 328 289
f 289 328 329
f 289 329 290
f 290 329 330
f 290 330 291
f 291 330 331
f 291 331 292
f 292 331 332
f 292 332 293
f 293 332 333
f 293 333 294
f 294 333 334
f 294 334 295
f 295 334 335
f 295 335 296
f 296 335 336
f 296 336 297
f 297 336 337
f 297 337 298
f 298 337 338
f 298 338 299
f 299 338 339
f 299 339 300
f 300 339 340
f 300 340 301
f 301 340 341
f 301 341 302
f 302 341 342
f 302 342 303
f 303 342 343
f 303 343 304
f 304 343 344
f 304 344 305
f 305 344 345
f 305 345 306
f 306 345 346
f 306 346 307
f 307 346 347
f 307 347 308
f 308 347 348
f 308 348 309
f 309 348 349
f 309 349 310
f 310 349 350
f 310 350 311
f 311 350 351
f 311 351 312
f 312 351 352
f 312 352 313
f 313 352 353
f 313 353 314
f 314 353 354
f 314 354 315
f 315 354 355
f 315 355 316
f 316 355 356
f 316 356 317
f 317 356 357
f 317 357 318
f 318 357 358
f 318 358 319
f 319 358 359
f 319 359 320
f 320 359 360
f 321 361 322
f 322 361 362
f 322 362 323
f 323 362 363
f 323 363 324
f 324 363 364
f 324 364 325
f 325 364 365
f 325 365 326
f 326 365 366
f 326 366 327
f 327 366 367
f 327 367 328
f 328 367 368
f 328 368 329
f 329 368 369
f 329 369 330
f 330 369 370
f 330 370 331
f 331 370 371
f 331 371 332
f 332 371 372
f 332 372 333
f 333 372 373
f 333 373 334
f 334 373 374
f 334 374 335
f 335 374 375
f 335 375 336
f 336 375 376
f 336 376 337
f 337 376 377
f 337 377 338
f 338 377 378
f 338 378 339
f 339 378 379
f 339 379 340
f 340 379 380
f 340 380 341
f 341 380 381
f 341 381 342
f 342 381 382
f 342 382 343
f 343 382 383
f 343 383 344
f 344 383 384
f 344 384 345
f 345 384 385
f 345 385 346
f 346 385 386
f 346 386 347
f 347 386 387
f 347 387 348
f 348 387 388
f 348 388 349
f 349 388 389
f 349 389 350
f 350 389 390
f 350 390 351
f 351 390 391
f 351 391 352
f 352 391 392
f 352 392 353
f 353 392 393
f 353 393 354
f 354 393 394
f 354 394 355
f 355 394 395
f 355 395 356
f 356 395 396
f 356 396 357
f 357 396 397
f 357 397 358
f 358 397 398
f 358 398 359
f 359 398 399
f 359 399 360
f 360 399 400
f 361 401 362
f 362 401 402
f 362 402 363
f 363 402 403
f 363 403 364
f 364 403 404
f 364 404 365
f 365 404 405
f 365 405 366
f 366 405 406
f 366 406 367
f 367 406 407
f 367 407 368
f 368 407 408
f 368 408 369
f 369 408 409
f 369 409 370
f 370 409 410
f 370 410 371
f 371 410 411
f 371 411 372
f 372 411 412
f 372 412 373
f 373 412 413
f 373 413 374
f 374 413 414
f 374 414 375
f 375 414 415
f 375 415 376
f 376 415 416
f 376 416 377
f 377 416 417
f 377 417 378
f 378 417 418
f 378 418 379
f 379 418 419
f 379 419 380
f 380 419 420
f 380 420 381
f 381 420 421
f 381 421 382
f 382 421 422
f 382 422 383
f 383 422 423
f 383 423 384
f 384 423 424
f 384 424 385
f 385 424 425
f 385 425 386
f 386 425 426
f 386 426 387
f 387 426 427
f 387 427 388
f 388 427 428
f 388 428 389
f 389 428 429
f 389 429 390
f 390 429 430
f 390 430 391
f 391 430 431
f 391 431 392
f 392 431 432
f 392 432 393
f 393 432 433
f 393 433 394
f 394 433 434
f 394 434 395
f 395 434 435
f 395 435 396
f 396 435 436
f 396 436 397
f 397 436 437
f 397 437 398
f 398 437 438
f 398 438 399
f 399 438 439
f 399 439 400
f 400 439 440
f 401 441 402
f 402 441 442
f 402 442 403
f 403 442 443
f 403 443 404
f 404 443 444
f 404 444 405
f 405 444 445
f 405 445 406
f 406 445 446
f 406 446 407
f 407 446 447
f 407 447 408
f 408 447 448
f 408 448 409
f 409 448 449
f 409 449 410
f 410 449 450
f 410 450 411
f 411 450 451
f 411 451 412
f 412 451 452
f 412 452 413
f 413 452 453
f 413 453 414
f 414 453 454
f 414 454 415
f 415 454 455
f 415 455 416
f 416 455 456
f 416 456 417
f 417 456 457
f 417 457 418
f 418 457 458
f 418 458 419
f 419 458 459
f 419 459 420
f 420 459 460
f 420 460 421
f 421 460 461
f 421 461 422
f 422 461 462
f 422 462 423
f 423 462 463
f 423 463 424
f 424 463 464
f 424 464 425
f 425 464 465
f 425 465 426
f 426 465 466
f 426 466 427
f 427 466 467
f 427 467 428
f 428 467 468
f 428 468 429
f 429 468 469
f 429 469 430
f 430 469 470
f 430 470 431
f 431 470 471
f 431 471 432
f 432 471 472
f 432 472 433
f 433 472 473
f 433 473 434
f 434 473 474
f 434 474 435
f 435 474 475
f 435 475 436
f 436 475 476
f 436 476 437
f 437 476 477
f 437 477 438
f 438 477 478
f 438 478 439
f 439 478 479
f 439 479 440
f 440 479 480
f 441 481 442
f 442 481 482
f 442 482 443
f 443 482 483
f 443 483 444
f 444 483 484
f 444 484 445
f 445 484 485
f 445 485 446
f 446 485 486
f 446 486 447
f 447 486 487
f 447 487 448
f 448 487 488
f 448 488 449
f 449 488 489
f 449 489 450
f 450 489 490
f 450 490 451
f 451 490 491
f 451 491 452
f 452 491 492
f 452 492 453
f 453 492 493
f 453 493 454
f 454 493 494
f 454 494 455
f 455 494 495
f 455 495 456
f 456 495 496
f 456 496 457
f 457 496 497
f 457 497 458
f 458 497 498
f 458 498 459
f 459 498 499
f 459 499 460
f 460 499 500
f 460 500 461
f 461 500 501
f 461 501 462
f 462 501 502
f 462 502 463
f 463 502 503
f 463 503 464
f 464 503 504
f 464 504 465
f 465 504 505
f 465 505 466
f 466 505 506
f 466 506 467
f 467 506 507
f 467 507 468
f 468 507 508
f 468 508 469
f 469 508 509
f 469 509 470
f 470 509 510
f 470 510 471
f 471 510 511
f 471 511 472
f 472 511 512
f 472 512 473
f 473 512 513
f 473 513 474
f 474 513 514
f 474 514 475
f 475 514 515
f 475 515 476
f 476 515 516
f 476 516 477
f 477 516 517
f 477 517 478
f 478 517 518
f 478 518 479
f 479 518 519
f 479 519 480
f 480 519 520
f 481 521 482
f 482 521 522
f 482 522 483
f 483 522 523
f 483 523 484
f 484 523 524
f 484 524 485
f 485 524 525
f 485 525 486
f 486 525 526
f 486 526 487
f 487 526 527
f 487 527 488
f 488 527 528
f 488 528 489
f 489 528 529
f 489 529 490
f 490 529 530
f 490 530 491
f 491 530 531
f 491 531 492
f 492 531 532
f 492 532 493
f 493 532 533
f 493 533 494
f 494 533 534
f 494 534 495
f 495 534 535
f 495 535 496
f 496 535 536
f 496 536 497
f 497 536 537
f 497 537 498
f 498 537 538
f 498 538 499
f 499 538 539
f 499 539 500
f 500 539 540
f 500 540 501
f 501 540 541
f 501 541 502
f 502 541 542
f 502 542 503
f 503 542 543
f 503 543 504
f 504 543 544
f 504 544 505
f 505 544 545
f 505 545 506
f 506 545 546
f 506 546 507
f 507 546 547
f 507 547 508
f 508 547 548
f 508 548 509
f 509 548 549
f 509 549 510
f 510 549 550
f 510 550 511
f 511 550 551
f 511 551 512
f 512 551 552
f 512 552 513
f 513 552 553
f 513 553 514
f 514 553 554
f 514 554 515
f 515 554 555
f 515 555 516
f 516 555 556
f 516 556 517
f 517 556 557
f 517 557 518
f 518 557 558
f 518 558 519
f 519 558 559
f 519 559 520
f 520 559 560
f 521 561 522
f 522 561 562
f 522 562 523
f 523 562 563
f 523 563 524
f 524 563 564
f 524 564 525
f 525 564 565
f 525 565 526
f 526 565 566
f 526 566 527
f 527 566 567
f 527 567 528
f 528 567 568
f 528 568 529
f 529 568 569
f 529 569 530
f 530 569 570
f 530 570 531
f 531 570 571
f 531 571 532
f 532 571 572
f 532 572 533
f 533 572 573
f 533 573 534
f 534 573 574
f 534 574 535
f 535 574 575
f 535 575 536
f 536 575 576
f 536 576 537
f 537 576 577
f 537 577 538
f 538 577 578
f 538 578 539
f 539 578 579
f 539 579 540
f 540 579 580
f 540 580 541
f 541 580 581
f 541 581 542
f 542 581 582
f 542 582 543
f 543 582 583
f 543 583 544
f 544 583 584
f 544 584 545
f 545 584 585
f 545 585 546
f 546 585 586
f 546 586 547
f 547 586 587
f 547 587 548
f 548 587 588
f 548 588 549
f 549 588 589
f 549 589 550
f 550 589 590
f 550 590 551
f 551 590 591
f 551 591 552
f 552 591 592
f 552 592 553
f 553 592 593
f 553 593 554
f 554 593 594
f 554 594 555
f 555 594 595
f 555 595 556
f 556 595 596
f 556 596 557
f 557 596 597
f 557 597 558
f 558 597 598
f 558 598 559
f 559 598 599
f 559 599 560
f 560 599 600
f 561 601 562
f 562 601 602
f 562 602 563
f 563 602 603
f 563 603 564
f 564 603 604
f 564 604 565
f 565 604 605
f 565 605 566
f 566 605 606
f 566 606 567
f 567 606 607
f 567 607 568
f 568 607 608
f 568 608 569
f 569 608 609
f 569 609 570
f 570 609 610
f 570 610 571
f 571 610 611
f 571 611 572
f 572 611 612
f 572 612 573
f 573 612 613
f 573 613 574
f 574 613 614
f 574 614 575
f 575 614 615
f 575 615 576
f 576 615 616
f 576 616 577
f 577 616 617
f 577 617 578
f 578 617 618
f 578 618 579
f 579 618 619
f 579 619 580
f 580 619 620
f 580 620 581
f 581 620 621
f 581 621 582
f 582 621 622
f 582 622 583
f 583 622 623
f 583 623 584
f 584 623 624
f 584 624 585
f 585 624 625
f 585 625 586
f 586 625 626
f 586 626 587
f 587 626 627
f 587 627 588
f 588 627 628
f 588 628 589
f 589 628 629
f 589 629 590
f 590 629 630
f 590 630 591
f 591 630 631
f 591 631 592
f 592 631 632
f 592 632 593
f 593 632 633
f 593 633 594
f 594 633 634
f 594 634 595
f 595 634 635
f 595 635 596
f 596 635 636
f 596 636 597
f 597 636 637
f 597 637 598
f 598 637 638
f 598 638 599
f 599 638 639
f 599 639 600
f 600 639 640
f 601 641 602
f 602 641 642
f 602 642 603
f 603 642 643
f 603 643 604
f 604 643 644
f 604 644 605
f 605 644 645
f 605 645 606
f 606 645 646
f 606 646 607
f 607 646 647
f 607 647 608
f 608 647 648
f 608 648 609
f 609 648 649
f 609 649 610
f 610 649 650
f 610 650 611
f 611 650 651
f 611 651 612
f 612 651 652
f 612 652 613
f 613 652 653
f 613 653 614
f 614 653 654
f 614 654 615
f 615 654 655
f 615 655 616
f 616 655 656
f 616 656 617
f 617 656 657
f 617 657 618
f 618 657 658
f 618 658 619
f 619 658 659
f 619 659 620
f 620 659 660
f 620 660 621
f 621 660 661
f 621 661 622
f 622 661 662
f 622 662 623
f 623 662 663
f 623 663 624
f 624 663 664
f 624 664 625
f 625 664 665
f 625 665 626
f 626 665 666
f 626 666 627
f 627 666 667
f 627 667 628
f 628 667 668
f 628 668 629
f 629 668 669
f 629 669 630
f 630 669 670
f 630 670 631
f 631 670 671
f 631 671 632
f 632 671 672
f 632 672 633
f 633 672 673
f 633 673 634
f 634 673 674
f 634 674 635
f 635 674 675
f 635 675 636
f 636 675 676
f 636 676 637
f 637 676 677
f 637 677 638
f 638 677 678
f 638 678 639
f 639 678 679
f 639 679 640
f 640 679 680
f 641 681 642
f 642 681 682
f 642 682 643
f 643 682 683
f 643 683 644
f 644 683 684
f 644 684 645
f 645 684 685
f 645 685 646
f 646 685 686
f 646 686 647
f 647 686 687
f 647 687 648
f 648 687 688
f 648 688 649
f 649 688 689
f 649 689 650
f 650 689 690
f 650 690 651
f 651 690 691
f 651 691 652
f 652 691 692
f 652 692 653
f 653 692 693
f 653 693 654
f 654 693 694
f 654 694 655
f 655 694 695
f 655 695 656
f 656 695 696
f 656 696 657
f 657 696 697
f 657 697 658
f 658 697 698
f 658 698 659
f 659 698 699
f 659 699 660
f 660 699 700
f 660 700 661
f 661 700 701
f 661 701 662
f 662 701 702
f 662 702 663
f 663 702 703
f 663 703 664
f 664 703 704
f 664 704 665
f 665 704 705
f 665 705 666
f 666 705 706
f 666 706 667
f 667 706 707
f 667 707 668
f 668 707 708
f 668 708 669
f 669 708 709
f 669 709 670
f 670 709 710
f 670 710 671
f 671 710 711
f 671 711 672
f 672 711 712
f 672 712 673
f 673 712 713
f 673 713 674
f 674 713 714
f 674 714 675
f 675 714 715
f 675 715 676
f 676 715 716
f 676 716 677
f 677 716 717
f 677 717 678
f 678 717 718
f 678 718 679
f 679 718 719
f 679 719 680
f 680 719 720
f 681 721 682
f 682 721 722
f 682 722 683
f 683 722 723
f 683 723 684
f 684 723 724
f 684 724 685
f 685 724 725
f 685 725 686
f 686 725 726
f 686 726 687
f 687 726 727
f 687 727 688
f 688 727 728
f 688 728 689
f 689 728 729
f 689 729 690
f 690 729 730
f 690 730 691
f 691 730 731
f 691 731 692
f 692 731 732
f 692 732 693
f 693 732 733
f 693 733 694
f 694 733 734
f 694 734 695
f 695 734 735
f 695 735 696
f 696 735 736
f 696 736 697
f 697 736 737
f 697 737 698
f 698 737 738
f 698 738 699
f 699 738 739
f 699 739 700
f 700 739 740
f 700 740 701
f 701 740 741
f 701 741 702
f 702 741 742
f 702 742 703
f 703 742 743
f 703 743 704
f 704 743 744
f 704 744 705
f 705 744 745
f 705 745 706
f 706 745 746
f 706 746 707
f 707 746 747
f 707 747 708
f 708 747 748
f 708 748 709
f 709 748 749
f 709 749 710
f 710 749 750
f 710 750 711
f 711 750 751
f 711 751 712
f 712 751 752
f 712 752 713
f 713 752 753
f 713 753 714
f 714 753 754
f 714 754 715
f 715 754 755
f 715 755 716
f 716 755 756
f 716 756 717
f 717 756 757
f 717 757 718
f 718 757 758
f 718 758 719
f 719 758 759
f 719 759 720
f 720 759 760
f 721 761 722
f 722 761 762
f 722 762 723
f 723 762 763
f 723 763 724
f 724 763 764
f 724 764 725
f 725 764 765
f 725 765 726
f 726 765 766
f 726 766 727
f 727 766 767
f 727 767 728
f 728 767 768
f 728 768 729
f 729 768 769
f 729 769 730
f 730 769 770
f 730 770 731
f 731 770 771
f 731 771 732
f 732 771 772
f 732 772 733
f 733 772 773
f 733 773 734
f 734 773 774
f 734 774 735
f 735 774 775
f 735 775 736
f 736 775 776
f 736 776 737
f 737 776 777
f 737 777 738
f 738 777 778
f 738 778 739
f 739 778 779
f 739 779 740
f 740 779 780
f 740 780 741
f 741 780 781
f 741 781 742
f 742 781 782
f 742 782 743
f 743 782 783
f 743 783 744
f 744 783 784
f 744 784 745
f 745 784 785
f 745 785 746
f 746 785 786
f 746 786 747
f 747 786 787
f 747 787 748
f 748 787 788
f 748 788 749
f 749 788 789
f 749 789 750
f 750 789 790
f 750 790 751
f 751 790 791
f 751 791 752
f 752 791 792
f 752 792 753
f 753 792 793
f 753 793 754
f 754 793 794
f 754 794 755
f 755 794 795
f 755 795 756
f 756 795 796
f 756 796 757
f 757 796 797
f 757 797 758
f 758 797 798
f 758 798 759
f 759 798 799
f 759 799 760
f 760 799 800
f 761 801 762
f 762 801 802
f 762 802 763
f 763 802 803
f 763 803 764
f 764 803 804
f 764 804 765
f 765 804 805
f 765 805 766
f 766 805 806
f 766 806 767
f 767 806 807
f 767 807 768
f 768 807 808
f 768 808 769
f 769 808 809
f 769 809 770
f 770 809 810
f 770 810 771
f 771 810 811
f 771 811 772
f 772 811 812
f 772 812 773
f 773 812 813
f 773 813 774
f 774 813 814
f 774 814 775
f 775 814 815
f 775 815 776
f 776 815 816
f 776 816 777
f 777 816 817
f 777 817 778
f 778 817 818
f 778 818 779
f 779 818 819
f 779 819 780
f 780 819 820
f 780 820 781
f 781 820 821
f 781 821 782
f 782 821 822
f 782 822 783
f 783 822 823
f 783 823 784
f 784 823 824
f 784 824 785
f 785 824 825
f 785 825 786
f 786 825 826
f 786 826 787
f 787 826 827
f 787 827 788
f 788 827 828
f 788 828 789
f 789 828 829
f 789 829 790
f 790 829 830
f 790 830 791
f 791 830 831
f 791 831 792
f 792 831 832
f 792 832 793
f 793 832 833
f 793 833 794
f 794 833 834
f 794 834 795
f 795 834 835
f 795 835 796
f 796 835 836
f 796 836 797
f 797 836 837
f 797 837 798
f 798 837 838
f 798 838 799
f 799 838 839
f 799 839 800
f 800 839 840
f 801 841 802
f 802 841 842
f 802 842 803
f 803 842 843
f 803 843 804
f 804 843 844
f 804 844 805
f 805 844 845
f 805 845 806
f 806 845 846
f 806 846 807
f 807 846 847
f 807 847 808
f 808 847 848
f 808 848 809
f 809 848 849
f 809 849 810
f 810 849 850
f 810 850 811
f 811 850 851
f 811 851 812
f 812 851 852
f 812 852 813
f 813 852 853
f 813 853 814
f 814 853 854
f 814 854 815
f 815 854 855
f 815 855 816
f 816 855 856
f 816 856 817
f 817 856 857
f 817 857 818
f 818 857 858
f 818 858 819
f 819 858 859
f 819 859 820
f 820 859 860
f 820 860 821
f 821 860 861
f 821 861 822
f 822 861 862
f 822 862 823
f 823 862 863
f 823 863 824
f 824 863 864
f 824 864 825
f 825 864 865
f 825 865 826
f 826 865 866
f 826 866 827
f 827 866 867
f 827 867 828
f 828 867 868
f 828 868 829
f 829 868 869
f 829 869 830
f 830 869 870
f 830 870 831
f 831 870 871
f 831 871 832
f 832 871 872
f 832 872 833
f 833 872 873
f 833 873 834
f 834 873 874
f 834 874 835
f 835 874 875
f 835 875 836
f 836 875 876
f 836 876 837
f 837 876 877
f 837 877 838
f 838 877 878
f 838 878 839
f 839 878 879
f 839 879 840
f 840 879 880
f 841 881 842
f 842 881 882
f 842 882 843
f 843 882 883
f 843 883 844
f 844 883 884
f 844 884 845
f 845 884 885
f 845 885 846
f 846 885 886
f 846 886 847
f 847 886 887
f 847 887 848
f 848 887 888
f 848 888 849
f 849 888 889
f 849 889 850
f 850 889 890
f 850 890 851
f 851 890 891
f 851 891 852
f 852 891 892
f 852 892 853
f 853 892 893
f 853 893 854
f 854 893 894
f 854 894 855
f 855 894 895
f 855 895 856
f 856 895 896
f 856 896 857
f 857 896 897
f 857 897 858
f 858 897 898
f 858 898 859
f 859 898 899
f 859 899 860
f 860 899 900
f 860 900 861
f 861 900 901
f 861 901 862
f 862 901 902
f 862 902 863
f 863 902 903
f 863 903 864
f 864 903 904
f 864 904 865
f 865 904 905
f 865 905 866
f 866 905 906
f 866 906 867
f 867 906 907
f 867 907 868
f 868 907 908
f 868 908 869
f 869 908 909
f 869 909 870
f 870 909 910
f 870 910 871
f 871 910 911
f 871 911 872
f 872 911 912
f 872 912 873
f 873 912 913
f 873 913 874
f 874 913 914
f 874 914 875
f 875 914 915
f 875 915 876
f 876 915 916
f 876 916 877
f 877 916 917
f 877 917 878
f 878 917 918
f 878 918 879
f 879 918 919
f 879 919 880
f 880 919 920
f 881 921 882
f 882 921 922
f 882 922 883
f 883 922 923
f 883 923 884
f 884 923 924
f 884 924 885
f 885 924 925
f 885 925 886
f 886 925 926
f 886 926 887
f 887 926 927
f 887 927 888
f 888 927 928
f 888 928 889
f 889 928 929
f 889 929 890
f 890 929 930
f 890 930 891
f 891 930 931
f 891 931 892
f 892 931 932
f 892 932 893
f 893 932 933
f 893 933 894
f 894 933 934
f 894 934 895
f 895 934 935
f 895 935 896
f 896 935 936
f 896 936 897
f 897 936 937
f 897 937 898
f 898 937 938
f 898 938 899
f 899 938 939
f 899 939 900
f 900 939 940
f 900 940 901
f 901 940 941
f 901 941 902
f 902 941 942
f 902 942 903
f 903 942 943
f 903 943 904
f 904 943 944
f 904 944 905
f 905 944 945
f 905 945 906
f 906 945 946
f 906 946 907
f 907 946 947
f 907 947 908
f 908 947 948
f 908 948 909
f 909 948 949
f 909 949 910
f 910 949 950
f 910 950 911
f 911 950 951
f 911 951 912
f 912 951 952
f 912 952 913
f 913 952 953
f 913 953 914
f 914 953 954
f 914 954 915
f 915 954 955
f 915 955 916
f 916 955 956
f 916 956 917
f 917 956 957
f 917 957 918
f 918 957 958
f 918 958 919
f 919 958 959
f 919 959 920
f 920 959 960
f 921 961 922
f 922 961 962
f 922 962 923
f 923 962 963
f 923 963 924
f 924 963 964
f 924 964 925
f 925 964 965
f 925 965 926
f 926 965 966
f 926 966 927
f 927 966 967
f 927 967 928
f 928 967 968
f 928 968 929
f 929 968 969
f 929 969 930
f 930 969 970
f 930 970 931
f 931 970 971
f 931 971 932
f 932 971 972
f 932 972 933
f 933 972 973
f 933 973 934
f 934 973 974
f 934 974 935
f 935 974 975
f 935 975 936
f 936 975 976
f 936 976 937
f 937 976 977
f 937 977 938
f 938 977 978
f 938 978 939
f 939 978 979
f 939 979 940
f 940 979 980
f 940 980 941
f 941 980 981
f 941 981 942
f 942 981 982
f 942 982 943
f 943 982 983
f 943 983 944
f 944 983 984
f 944 984 945
f 945 984 985
f 945 985 946
f 946 985 986
f 946 986 947
f 947 986 987
f 947 987 948
f 948 987 988
f 948 988 949
f 949 988 989
f 949 989 950
f 950 989 990
f 950 990 951
f 951 990 991
f 951 991 952
f 952 991 992
f 952 992 953
f 953 992 993
f 953 993 954
f 954 993 994
f 954 994 955
f 955 994 995
f 955 995 956
f 956 995 996
f 956 996 957
f 957 996 997
f 957 997 958
f 958 997 998
f 958 998 959
f 959 998 999
f 959 999 960
f 960 999 1000
f 961 1001 962
f 962 1001 1002
f 962 1002 963
f 963 1002 1003
f 963 1003 964
f 964 1003 1004
f 964 1004 965
f 965 1004 1005
f 965 1005 966
f 966 1005 1006
f 966 1006 967
f 967 1006 1007
f 967 1007 968
f 968 1007 1008
f 968 1008 969
f 969 1008 1009
f 969 1009 970
f 970 1009 1010
f 970 1010 971
f 971 1010 1011
f 971 1011 972
f 972 1011 1012
f 972 1012 973
f 973 1012 1013
f 973 1013 974
f 974 1013 1014
f 974 1014 975
f 975 1014 1015
f 975 1015 976
f 976 1015 1016
f 976 1016 977
f 977 1016 1017
f 977 1017 978
f 978 1017 1018
f 978 1018 979
f 979 1018 1019
f 979 1019 980
f 980 1019 1020
f 980 1020 981
f 981 1020 1021
f 981 1021 982
f 982 1021 1022
f 982 1022 983
f 983 1022 1023
f 983 1023 984
f 984 1023 1024
f 984 1024 985
f 985 1024 1025
f 985 1025 986
f 986 1025 1026
f 986 1026 987
f 987 1026 1027
f 987 1027 988
f 988 1027 1028
f 988 1028 989
f 989 1028 1029
f 989 1029 990
f 990 1029 1030
f 990 1030 991
f 991 1030 1031
f 991 1031 992
f 992 1031 1032
f 992 1032 993
f 993 1032 1033
f 993 1033 994
f 994 1033 1034
f 994 1034 995
f 995 1034 1035
f 995 1035 996
f 996 1035 1036
f 996 1036 997
f 997 1036 1037
f 997 1037 998
f 998 1037 1038
f 998 1038 999
f 999 1038 1039
f 999 1039 1000
f 1000 1039 1040
f 1001 1041 1002
f 1002 1041 1042
f 1002 1042 1003
f 1003 1042 1043
f 1003 1043 1004
f 1004 1043 1044
f 1004 1044 1005
f 1005 1044 1045
f 1005 1045 1006
f 1006 1045 1046
f 1006 1046 1007
f 1007 1046 1047
f 1007 1047 1008
f 1008 1047 1048
f 1008 1048 1009
f 1009 1048 1049
f 1009 1049 1010
f 1010 1049 1050
f 1010 1050 1011
f 1011 1050 1051
f 1011 1051 1012
f 1012 1051 1052
f 1012 1052 1013
f 1013 1052 1053
f 1013 1053 1014
f 1014 1053 1054
f 1014 1054 1015
f 1015 1054 1055
f 1015 1055 1016
f 1016 1055 1056
f 1016 1056 1017
f 1017 1056 1057
f 1017 1057 1018
f 1018 1057 1058
f 1018 1058 1019
f 1019 1058 1059
f 1019 1059 1020
f 1020 1059 1060
f 1020 1060 1021
f 1021 1060 1061
f 1021 1061 1022
f 1022 1061 1062
f 1022 1062 1023
f 1023 1062 1063
f 1023 1063 1024
f 1024 1063 1064
f 1024 1064 1025
f 1025 1064 1065
f 1025 1065 1026
f 1026 1065 1066
f 1026 1066 1027
f 1027 1066 1067
f 1027 1067 1028
f 1028 1067 1068
f 1028 1068 1029
f 1029 1068 1069
f 1029 1069 1030
f 1030 1069 1070
f 1030 1070 1031
f 1031 1070 1071
f 1031 1071 1032
f 1032 1071 1072
f 1032 1072 1033
f 1033 1072 1073
f 1033 1073 1034
f 1034 1073 1074
f 1034 1074 1035
f 1035 1074 1075
f 1035 1075 1036
f 1036 1075 1076
f 1036 1076 1037
f 1037 1076 1077
f 1037 1077 1038
f 1038 1077 1078
f 1038 1078 1039
f 1039 1078 1079
f 1039 1079 1040
f 1040 1079 1080
f 1041 1081 1042
f 1042 1081 1082
f 1042 1082 1043
f 1043 1082 1083
f 1043 1083 1044
f 1044 1083 1084
f 1044 1084 1045
f 1045 1084 1085
f 1045 1085 1046
f 1046 1085 1086
f 1046 1086 1047
f 1047 1086 1087
f 1047 1087 1048
f 1048 1087 1088
f 1048 1088 1049
f 1049 1088 1089
f 1049 1089 1050
f 1050 1089 1090
f 1050 1090 1051
f 1051 1090 1091
f 1051 1091 1052
f 1052 1091 1092
f 1052 1092 1053
f 1053 1092 1093
f 1053 1093 1054
f 1054 1093 1094
f 1054 1094 1055
f 1055 1094 1095
f 1055 1095 1056
f 1056 1095 1096
f 1056 1096 1057
f 1057 1096 1097
f 1057 1097 1058
f 1058 1097 1098
f 1058 1098 1059
f 1059 1098 1099
f 1059 1099 1060
f 1060 1099 1100
f 1060 1100 1061
f 1061 1100 1101
f 1061 1101 1062
f 1062 1101 1102
f 1062 1102 1063
f 1063 1102 1103
f 1063 1103 1064
f 1064 1103 1104
f 1064 1104 1065
f 1065 1104 1105
f 1065 1105 1066
f 1066 1105 1106
f 1066 1106 1067
f 1067 1106 1107
f 1067 1107 1068
f 1068 1107 1108
f 1068 1108 1069
f 1069 1108 1109
f 1069 1109 1070
f 1070 1109 1110
f 1070 1110 1071
f 1071 1110 1111
f 1071 1111 1072
f 1072 1111 1112
f 1072 1112 1073
f 1073 1112 1113
f 1073 1113 1074
f 1074 1113 1114
f 1074 1114 1075
f 1075 1114 1115
f 1075 1115 1076
f 1076 1115 1116
f 1076 1116 1077
f 1077 1116 1117
f 1077 1117 1078
f 1078 1117 1118
f 1078 1118 1079
f 1079 1118 1119
f 1079 1119 1080
f 1080 1119 1120
f 1081 1121 1082
f 1082 1121 1122
f 1082 1122 1083
f 1083 1122 1123
f 1083 1123 1084
f 1084 1123 1124
f 1084 1124 1085
f 1085 1124 1125
f 1085 1125 1086
f 1086 1125 1126
f 1086 1126 1087
f 1087 1126 1127
f 1087 1127 1088
f 1088 1127 1128
f 1088 1128 1089
f 1089 1128 1129
f 1089 1129 1090
f 1090 1129 1130
f 1090 1130 1091
f 1091 1130 1131
f 1091 1131 1092
f 1092 1131 1132
f 1092 1132 1093
f 1093 1132 1133
f 1093 1133 1094
f 1094 1133 1134
f 1094 1134 1095
f 1095 1134 1135
f 1095 1135 1096
f 1096 1135 1136
f 1096 1136 1097
f 1097 1136 1137
f 1097 1137 1098
f 1098 1137 1138
f 1098 1138 1099
f 1099 1138 1139
f 1099 1139 1100
f 1100 1139 1140
f 1100 1140 1101
f 1101 1140 1141
f 1101 1141 1102
f 1102 1141 1142
f 1102 1142 1103
f 1103 1142 1143
f 1103 1143 1104
f 1104 1143 1144
f 1104 1144 1105
f 1105 1144 1145
f 1105 1145 1106
f 1106 1145 1146
f 1106 1146 1107
f 1107 1146 1147
f 1107 1147 1108
f 1108 1147 1148
f 1108 1148 1109
f 1109 1148 1149
f 1109 1149 1110
f 1110 1149 1150
f 1110 1150 1111
f 1111 1150 1151
f 1111 1151 1112
f 1112 1151 1152
f 1112 1152 1113
f 1113 1152 1153
f 1113 1153 1114
f 1114 1153 1154
f 1114 1154 1115
f 1115 1154 1155
f 1115 1155 1116
f 1116 1155 1156
f 1116 1156 1117
f 1117 1156 1157
f 1117 1157 1118
f 1118 1157 1158
f 1118 1158 1119
f 1119 1158 1159
f 1119 1159 1120
f 1120 1159 1160
f 1121 1161 1122
f 1122 1161 1162
f 1122 1162 1123
f 1123 1162 1163
f 1123 1163 1124
f 1124 1163 1164
f 1124 1164 1125
f 1125 1164 1165
f 1125 1165 1126
f 1126 1165 1166
f 1126 1166 1127
f 1127 1166 1167
f 1127 1167 1128
f 1128 1167 1168
f 1128 1168 1129
f 1129 1168 1169
f 1129 1169 1130
f 1130 1169 1170
f 1130 1170 1131
f 1131 1170 1171
f 1131 1171 1132
f 1132 1171 1172
f 1132 1172 1133
f 1133 1172 1173
f 1133 1173 1134
f 1134 1173 1174
f 1134 1174 1135
f 1135 1174 1175
f 1135 1175 1136
f 1136 1175 1176
f 1136 1176 1137
f 1137 1176 1177
f 1137 1177 1138
f 1138 1177 1178
f 1138 1178 1139
f 1139 1178 1179
f 1139 1179 1140
f 1140 1179 1180
f 1140 1180 1141
f 1141 1180 1181
f 1141 1181 1142
f 1142 1181 1182
f 1142 1182 1143
f 1143 1182 1183
f 1143 1183 1144
f 1144 1183 1184
f 1144 1184 1145
f 1145 1184 1185
f 1145 1185 1146
f 1146 1185 1186
f 1146 1186 1147
f 1147 1186 1187
f 1147 1187 1148
f 1148 1187 1188
f 1148 1188 1149
f 1149 1188 1189
f 1149 1189 1150
f 1150 1189 1190
f 1150 1190 1151
f 1151 1190 1191
f 1151 1191 1152
f 1152 1191 1192
f 1152 1192 1153
f 1153 1192 1193
f 1153 1193 1154
f 1154 1193 1194
f 1154 1194 1155
f 1155 1194 1195
f 1155 1195 1156
f 1156 1195 1196
f 1156 1196 1157
f 1157 1196 1197
f 1157 1197 1158
f 1158 1197 1198
f 1158 1198 1159
f 1159 1198 1199
f 1159 1199 1160
f 1160 1199 1200
f 1161 1201 1162
f 1162 1201 1202
f 1162 1202 1163
f 1163 1202 1203
f 1163 1203 1164
f 1164 1203 1204
f 1164 1204 1165
f 1165 1204 1205
f 1165 1205 1166
f 1166 1205 1206
f 1166 1206 1167
f 1167 1206 1207
f 1167 1207 1168
f 1168 1207 1208
f 1168 1208 1169
f 1169 1208 1209
f 1169 1209 1170
f 1170 1209 1210
f 1170 1210 1171
f 1171 1210 1211
f 1171 1211 1172
f 1172 1211 1212
f 1172 1212 1173
f 1173 1212 1213
f 1173 1213 1174
f 1174 1213 1214
f 1174 1214 1175
f 1175 1214 1215
f 1175 1215 1176
f 1176 1215 1216
f 1176 1216 1177
f 1177 1216 1217
f 1177 1217 1178
f 1178 1217 1218
f 1178 1218 1179
f 1179 1218 1219
f 1179 1219 1180
f 1180 1219 1220
f 1180 1220 1181
f 1181 1220 1221
f 1181 1221 1182
f 1182 1221 1222
f 1182 1222 1183
f 1183 1222 1223
f 1183 1223 1184
f 1184 1223 1224
f 1184 1224 1185
f 1185 1224 1225
f 1185 1225 1186
f 1186 1225 1226
f 1186 1226 1187
f 1187 1226 1227
f 1187 1227 1188
f 1188 1227 1228
f 1188 1228 1189
f 1189 1228 1229
f 1189 1229 1190
f 1190 1229 1230
f 1190 1230 1191
f 1191 1230 1231
f 1191 1231 1192
f 1192 1231 1232
f 1192 1232 1193
f 1193 1232 1233
f 1193 1233 1194
f 1194 1233 1234
f 1194 1234 1195
f 1195 1234 1235
f 1195 1235 1196
f 1196 1235 1236
f 1196 1236 1197
f 1197 1236 1237
f 1197 1237 1198
f 1198 1237 1238
f 1198 1238 1199
f 1199 1238 1239
f 1199 1239 1200
f 1200 1239 1240
f 1201 1241 1202
f 1202 1241 1242
f 1202 1242 1203
f 1203 1242 1243
f 1203 1243 1204
f 1204 1243 1244
f 1204 1244 1205
f 1205 1244 1245
f 1205 1245 1206
f 1206 1245 1246
f 1206 1246 1207
f 1207 1246 1247
f 1207 1247 1208
f 1208 1247 1248
f 1208 1248 1209
f 1209 1248 1249
f 1209 1249 1210
f 1210 1249 1250
f 1210 1250 1211
f 1211 1250 1251
f 1211 1251 1212
f 1212 1251 1252
f 1212 1252 1213
f 1213 1252 1253
f 1213 1253 1214
f 1214 1253 1254
f 1214 1254 1215
f 1215 1254 1255
f 1215 1255 1216
f 1216 1255 1256
f 1216 1256 1217
f 1217 1256 1257
f 1217 1257 1218
f 1218 1257 1258
f 1218 1258 1219
f 1219 1258 1259
f 1219 1259 1220
f 1220 1259 1260
f 1220 1260 1221
f 1221 1260 1261
f 1221 1261 1222
f 1222 1261 1262
f 1222 1262 1223
f 1223 1262 1263
f 1223 1263 1224
f 1224 1263 1264
f 1224 1264 1225
f 1225 1264 1265
f 1225 1265 1226
f 1226 1265 1266
f 1226 1266 1227
f 1227 1266 1267
f 1227 1267 1228
f 1228 1267 1268
f 1228 1268 1229
f 1229 1268 1269
f 1229 1269 1230
f 1230 1269 1270
f 1230 1270 1231
f 1231 1270 1271
f 1231 1271 1232
f 1232 1271 1272
f 1232 1272 1233
f 1233 1272 1273
f 1233 1273 1234
f 1234 1273 1274
f 1234 1274 1235
f 1235 1274 1275
f 1235 1275 1236
f 1236 1275 1276
f 1236 1276 1237
f 1237 1276 1277
f 1237 1277 1238
f 1238 1277 1278
f 1238 1278 1239
f 1239 1278 1279
f 1239 1279 1240
f 1240 1279 1280
f 1241 1281 1242
f 1242 1281 1282
f 1242 1282 1243
f 1243 1282 1283
f 1243 1283 1244
f 1244 1283 1284
f 1244 1284 1245
f 1245 1284 1285
f 1245 1285 1246
f 1246 1285 1286
f 1246 1286 1247
f 1247 1286 1287
f 1247 1287 1248
f 1248 1287 1288
f 1248 1288 1249
f 1249 1288 1289
f 1249 1289 1250
f 1250 1289 1290
f 1250 1290 1251
f 1251 1290 1291
f 1251 1291 1252
f 1252 1291 1292
f 1252 1292 1253
f 1253 1292 1293
f 1253 1293 1254
f 1254 1293 1294
f 1254 1294 1255
f 1255 1294 1295
f 1255 1295 1256
f 1256 1295 1296
f 1256 1296 1257
f 1257 1296 1297
f 1257 1297 1258
f 1258 1297 1298
f 1258 1298 1259
f 1259 1298 1299
f 1259 1299 1260
f 1260 1299 1300
f 1260 1300 1261
f 1261 1300 1301
f 1261 1301 1262
f 1262 1301 1302
f 1262 1302 1263
f 1263 1302 1303
f 1263 1303 1264
f 1264 1303 1304
f 1264 1304 1265
f 1265 1304 1305
f 1265 1305 1266
f 1266 1305 1306
f 1266 1306 1267
f 1267 1306 1307
f 1267 1307 1268
f 1268 1307 1308
f 1268 1308 1269
f 1269 1308 1309
f 1269 1309 1270
f 1270 1309 1310
f 1270 1310 1271
f 1271 1310 1311
f 1271 1311 1272
f 1272 1311 1312
f 1272 1312 1273
f 1273 1312 1313
f 1273 1313 1274
f 1274 1313 1314
f 1274 1314 1275
f 1275 1314 1315
f 1275 1315 1276
f 1276 1315 1316
f 1276 1316 1277
f 1277 1316 1317
f 1277 1317 1278
f 1278 1317 1318
f 1278 1318 1279
f 1279 1318 1319
f 1279 1319 1280
f 1280 1319 1320
f 1281 1321 1282
f 1282 1321 1322
f 1282 1322 1283
f 1283 1322 1323
f 1283 1323 1284
f 1284 1323 1324
f 1284 1324 1285
f 1285 1324 1325
f 1285 1325 1286
f 1286 1325 1326
f 1286 1326 1287
f 1287 1326 1327
f 1287 1327 1288
f 1288 1327 1328
f 1288 1328 1289
f 1289 1328 1329
f 1289 1329 1290
f 1290 1329 1330
f 1290 1330 1291
f 1291 1330 1331
f 1291 1331 1292
f 1292 1331 1332
f 1292 1332 1293
f 1293 1332 1333
f 1293 1333 1294
f 1294 1333 1334
f 1294 1334 1295
f 1295 1334 1335
f 1295 1335 1296
f 1296 1335 1336
f 1296 1336 1297
f 1297 1336 1337
f 1297 1337 1298
f 1298 1337 1338
f 1298 1338 1299
f 1299 1338 1339
f 1299 1339 1300
f 1300 1339 1340
f 1300 1340 1301
f 1301 1340 1341
f 1301 1341 1302
f 1302 1341 1342
f 1302 1342 1303
f 1303 1342 1343
f 1303 1343 1304
f 1304 1343 1344
f 1304 1344 1305
f 1305 1344 1345
f 1305 1345 1306
f 1306 1345 1346
f 1306 1346 1307
f 1307 1346 1347
f 1307 1347 1308
f 1308 1347 1348
f 1308 1348 1309
f 1309 1348 1349
f 1309 1349 1310
f 1310 1349 1350
f 1310 1350 1311
f 1311 1350 1351
f 1311 1351 1312
f 1312 1351 1352
f 1312 1352 1313
f 1313 1352 1353
f 1313 1353 1314
f 1314 1353 1354
f 1314 1354 1315
f 1315 1354 1355
f 1315 1355 1316
f 1316 1355 1356
f 1316 1356 1317
f 1317 1356 1357
f 1317 1357 1318
f 1318 1357 1358
f 1318 1358 1319
f 1319 1358 1359
f 1319 1359 1320
f 1320 1359 1360
f 1321 1361 1322
f 1322 1361 1362
f 1322 1362 1323
f 1323 1362 1363
f 1323 1363 1324
f 1324 1363 1364
f 1324 1364 1325
f 1325 1364 1365
f 1325 1365 1326
f 1326 1365 1366
f 1326 1366 1327
f 1327 1366 1367
f 1327 1367 1328
f 1328 1367 1368
f 1328 1368 1329
f 1329 1368 1369
f 1329 1369 1330
f 1330 1369 1370
f 1330 1370 1331
f 1331 1370 1371
f 1331 1371 1332
f 1332 1371 1372
f 1332 1372 1333
f 1333 1372 1373
f 1333 1373 1334
f 1334 1373 1374
f 1334 1374 1335
f 1335 1374 1375
f 1335 1375 1336
f 1336 1375 1376
f 1336 1376 1337
f 1337 1376 1377
f 1337 1377 1338
f 1338 1377 1378
f 1338 1378 1339
f 1339 1378 1379
f 1339 1379 1340
f 1340 1379 1380
f 1340 1380 1341
f 1341 1380 1381
f 1341 1381 1342
f 1342 1381 1382
f 1342 1382 1343
f 1343 1382 1383
f 1343 1383 1344
f 1344 1383 1384
f 1344 1384 1345
f 1345 1384 1385
f 1345 1385 1346
f 1346 1385 1386
f 1346 1386 1347
f 1347 1386 1387
f 1347 1387 1348
f 1348 1387 1388
f 1348 1388 1349
f 1349 1388 1389
f 1349 1389 1350
f 1350 1389 1390
f 1350 1390 1351
f 1351 1390 1391
f 1351 1391 1352
f 1352 1391 1392
f 1352 1392 1353
f 1353 1392 1393
f 1353 1393 1354
f 1354 1393 1394
f 1354 1394 1355
f 1355 1394 1395
f 1355 1395 1356
f 1356 1395 1396
f 1356 1396 1357
f 1357 1396 1397
f 1357 1397 1358
f 1358 1397 1398
f 1358 1398 1359
f 1359 1398 1399
f 1359 1399 1360
f 1360 1399 1400
f 1361 1401 1362
f 1362 1401 1402
f 1362 1402 1363
f 1363 1402 1403
f 1363 1403 1364
f 1364 1403 1404
f 1364 1404 1365
f 1365 1404 1405
f 1365 1405 1366
f 1366 1405 1406
f 1366 1406 1367
f 1367 1406 1407
f 1367 1407 1368
f 1368 1407 1408
f 1368 1408 1369
f 1369 1408 1409
f 1369 1409 1370
f 1370 1409 1410
f 1370 1410 1371
f 1371 1410 1411
f 1371 1411 1372
f 1372 1411 1412
f 1372 1412 1373
f 1373 1412 1413
f 1373 1413 1374
f 1374 1413 1414
f 1374 1414 1375
f 1375 1414 1415
f 1375 1415 1376
f 1376 1415 1416
f 1376 1416 1377
f 1377 1416 1417
f 1377 1417 1378
f 1378 1417 1418
f 1378 1418 1379
f 1379 1418 1419
f 1379 1419 1380
f 1380 1419 1420
f 1380 1420 1381
f 1381 1420 1421
f 1381 1421 1382
f 1382 1421 1422
f 1382 1422 1383
f 1383 1422 1423
f 1383 1423 1384
f 1384 1423 1424
f 1384 1424 1385
f 1385 1424 1425
f 1385 1425 1386
f 1386 1425 1426
f 1386 1426 1387
f 1387 1426 1427
f 1387 1427 1388
f 1388 1427 1428
f 1388 1428 1389
f 1389 1428 1429
f 1389 1429 1390
f 1390 1429 1430
f 1390 1430 1391
f 1391 1430 1431
f 1391 1431 1392
f 1392 1431 1432
f 1392 1432 1393
f 1393 1432 1433
f 1393 1433 1394
f 1394 1433 1434
f 1394 1434 1395
f 1395 1434 1435
f 1395 1435 1396
f 1396 1435 1436
f 1396 1436 1397
f 1397 1436 1437
f 1397 1437 1398
f 1398 1437 1438
f 1398 1438 1399
f 1399 1438 1439
f 1399 1439 1400
f 1400 1439 1440
f 1401 1441 1402
f 1402 1441 1442
f 1402 1442 1403
f 1403 1442 1443
f 1403 1443 1404
f 1404 1443 1444
f 1404 1444 1405
f 1405 1444 1445
f 1405 1445 1406
f 1406 1445 1446
f 1406 1446 1407
f 1407 1446 1447
f 1407 1447 1408
f 1408 1447 1448
f 1408 1448 1409
f 1409 1448 1449
f 1409 1449 1410
f 1410 1449 1450
f 1410 1450 1411
f 1411 1450 1451
f 1411 1451 1412
f 1412 1451 1452
f 1412 1452 1413
f 1413 1452 1453
f 1413 1453 1414
f 1414 1453 1454
f 1414 1454 1415
f 1415 1454 1455
f 1415 1455 1416
f 1416 1455 1456
f 1416 1456 1417
f 1417 1456 1457
f 1417 1457 1418
f 1418 1457 1458
f 1418 1458 1419
f 1419 1458 1459
f 1419 1459 1420
f 1420 1459 1460
f 1420 1460 1421
f 1421 1460 1461
f 1421 1461 1422
f 1422 1461 1462
f 1422 1462 1423
f 1423 1462 1463
f 1423 1463 1424
f 1424 1463 1464
f 1424 1464 1425
f 1425 1464 1465
f 1425 1465 1426
f 1426 1465 1466
f 1426 1466 1427
f 1427 1466 1467
f 1427 1467 1428
f 1428 1467 1468
f 1428 1468 1429
f 1429 1468 1469
f 1429 1469 1430
f 1430 1469 1470
f 1430 1470 1431
f 1431 1470 1471
f 1431 1471 1432
f 1432 1471 1472
f 1432 1472 1433
f 1433 1472 1473
f 1433 1473 1434
f 1434 1473 1474
f 1434 1474 1435
f 1435 1474 1475
f 1435 1475 1436
f 1436 1475 1476
f 1436 1476 1437
f 1437 1476 1477
f 1437 1477 1438
f 1438 1477 1478
f 1438 1478 1439
f 1439 1478 1479
f 1439 1479 1440
f 1440 1479 1480
f 1441 1481 1442
f 1442 1481 1482
f 1442 1482 1443
f 1443 1482 1483
f 1443 1483 1444
f 1444 1483 1484
f 1444 1484 1445
f 1445 1484 1485
f 1445 1485 1446
f 1446 1485 1486
f 1446 1486 1447
f 1447 1486 1487
f 1447 1487 1448
f 1448 1487 1488
f 1448 1488 1449
f 1449 1488 1489
f 1449 1489 1450
f 1450 1489 1490
f 1450 1490 1451
f 1451 1490 1491
f 1451 1491 1452
f 1452 1491 1492
f 1452 1492 1453
f 1453 1492 1493
f 1453 1493 1454
f 1454 1493 1494
f 1454 1494 1455
f 1455 1494 1495
f 1455 1495 1456
f 1456 1495 1496
f 1456 1496 1457
f 1457 1496 1497
f 1457 1497 1458
f 1458 1497 1498
f 1458 1498 1459
f 1459 1498 1499
f 1459 1499 1460
f 1460 1499 1500
f 1460 1500 1461
f 1461 1500 1501
f 1461 1501 1462
f 1462 1501 1502
f 1462 1502 1463
f 1463 1502 1503
f 1463 1503 1464
f 1464 1503 1504
f 1464 1504 1465
f 1465 1504 1505
f 1465 1505 1466
f 1466 1505 1506
f 1466 1506 1467
f 1467 1506 1507
f 1467 1507 1468
f 1468 1507 1508
f 1468 1508 1469
f 1469 1508 1509
f 1469 1509 1470
f 1470 1509 1510
f 1470 1510 1471
f 1471 1510 1511
f 1471 1511 1472
f 1472 1511 1512
f 1472 1512 1473
f 1473 1512 1513
f 1473 1513 1474
f 1474 1513 1514
f 1474 1514 1475
f 1475 1514 1515
f 1475 1515 1476
f 1476 1515 1516
f 1476 1516 1477
f 1477 1516 1517
f 1477 1517 1478
f 1478 1517 1518
f 1478 1518 1479
f 1479 1518 1519
f 1479 1519 1480
f 1480 1519 1520
f 1481 1521 1482
f 1482 1521 1522
f 1482 1522 1483
f 1483 1522 1523
f 1483 1523 1484
f 1484 1523 1524
f 1484 1524 1485
f 1485 1524 1525
f 1485 1525 1486
f 1486 1525 1526
f 1486 1526 1487
f 1487 1526 1527
f 1487 1527 1488
f 1488 1527 1528
f 1488 1528 1489
f 1489 1528 1529
f 1489 1529 1490
f 1490 1529 1530
f 1490 1530 1491
f 1491 1530 1531
f 1491 1531 1492
f 1492 1531 1532
f 1492 1532 1493
f 1493 1532 1533
f 1493 1533 1494
f 1494 1533 1534
f 1494 1534 1495
f 1495 1534 1535
f 1495 1535 1496
f 1496 1535 1536
f 1496 1536 1497
f 1497 1536 1537
f 1497 1537 1498
f 1498 1537 1538
f 1498 1538 1499
f 1499 1538 1539
f 1499 1539 1500
f 1500 1539 1540
f 1500 1540 1501
f 1501 1540 1541
f 1501 1541 1502
f 1502 1541 1542
f 1502 1542 1503
f 1503 1542 1543
f 1503 1543 1504
f 1504 1543 1544
f 1504 1544 1505
f 1505 1544 1545
f 1505 1545 1506
f 1506 1545 1546
f 1506 1546 1507
f 1507 1546 1547
f 1507 1547 1508
f 1508 1547 1548
f 1508 1548 1509
f 1509 1548 1549
f 1509 1549 1510
f 1510 1549 1550
f 1510 1550 1511
f 1511 1550 1551
f 1511 1551 1512
f 1512 1551 1552
f 1512 1552 1513
f 1513 1552 1553
f 1513 1553 1514
f 1514 1553 1554
f 1514 1554 1515
f 1515 1554 1555
f 1515 1555 1516
f 1516 1555 1556
f 1516 1556 1517
f 1517 1556 1557
f 1517 1557 1518
f 1518 1557 1558
f 1518 1558 1519
f 1519 1558 1559
f 1519 1559 1520
f 1520 1559 1560
f 1521 1561 1522
f 1522 1561 1562
f 1522 1562 1523
f 1523 1562 1563
f 1523 1563 1524
f 1524 1563 1564
f 1524 1564 1525
f 1525 1564 1565
f 1525 1565 1526
f 1526 1565 1566
f 1526 1566 1527
f 1527 1566 1567
f 1527 1567 1528
f 1528 1567 1568
f 1528 1568 1529
f 1529 1568 1569
f 1529 1569 1530
f 1530 1569 1570
f 1530 1570 1531
f 1531 1570 1571
f 1531 1571 1532
f 1532 1571 1572
f 1532 1572 1533
f 1533 1572 1573
f 1533 1573 1534
f 1534 1573 1574
f 1534 1574 1535
f 1535 1574 1575
f 1535 1575 1536
f 1536 1575 1576
f 1536 1576 1537
f 1537 1576 1577
f 1537 1577 1538
f 1538 1577 1578
f 1538 1578 1539
f 1539 1578 1579
f 1539 1579 1540
f 1540 1579 1580
f 1540 1580 1541
f 1541 1580 1581
f 1541 1581 1542
f 1542 1581 1582
f 1542 1582 1543
f 1543 1582 1583
f 1543 1583 1544
f 1544 1583 1584
f 1544 1584 1545
f 1545 1584 1585
f 1545 1585 1546
f 1546 1585 1586
f 1546 1586 1547
f 1547 1586 1587
f 1547 1587 1548
f 1548 1587 1588
f 1548 1588 1549
f 1549 1588 1589
f 1549 1589 1550
f 1550 1589 1590
f 1550 1590 1551
f 1551 1590 1591
f 1551 1591 1552
f 1552 1591 1592
f 1552 1592 1553
f 1553 1592 1593
f 1553 1593 1554
f 1554 1593 1594
f 1554 1594 1555
f 1555 1594 1595
f 1555 1595 1556
f 1556 1595 1596
f 1556 1596 1557
f 1557 1596 1597
f 1557 1597 1558
f 1558 1597 1598
f 1558 1598 1559
f 1559 1598 1599
f 1559 1599 1560
f 1560 1599 1600
o surface::variation_0
v -7.408899211157113 5.592244290597737 0.024
v -6.405172534495456 5.592244290597737 0.027456134317442774
v -6.798209456089687 6.579984463578954 0.027864357087761166
v -7.682114318927042 7.136234791135377 0.025342509793117644
v -8.263642783392035 6.123174841368643 0.026018258623778823
v -8.39224361711718 4.981432341829582 0.027191213795915246
v -7.653605287128013 4.2093637471064485 0.027108150271698835
v -6.55553090978035 4.211991639191283 0.021445923687890174
usemtl fieldMat_1
f 1601 1602 1603
f 1601 1603 1604
f 1601 1604 1605
f 1601 1605 1606
f 1601 1606 1607
f 1601 1607 1608
f 1601 1608 1602
o surface::variation_1
v -10.169613568857311 1.6297997267358006 0.024
v -8.975862865834484 1.6297997267358006 0.023778988977894187
v -9.289941682650484 2.8765325710164076 0.020930525064468384
v -10.461548617600434 3.0754284101321967 0.026865327633917333
v -11.474123835793211 2.3398350900807614 0.020765074025839568
v -11.453310397062682 0.9310929653237338 0.02265987139940262
v -10.44835362079963 0.24951114530623775 0.02042783190123737
v -9.174407381164803 0.21932354751206495 0.024671461071819067
usemtl fieldMat_2
f 1609 1610 1611
f 1609 1611 1612
f 1609 1612 1613
f 1609 1613 1614
f 1609 1614 1615
f 1609 1615 1616
f 1609 1616 1610
o surface::variation_2
v 0.21410787010565357 11.557171396631748 0.024
v 2.5875588230713906 11.557171396631748 0.025778990063816308
v 1.545732578626024 13.422205194120927 0.026916372276842595
v -0.17076078742959927 13.440539611152804 0.02165393471904099
v -1.8999347495209205 12.69427068919944 0.02224955088272691
v -1.5083438711327133 10.630700644216121 0.02495442690886557
v -0.2378091837450359 9.345699513540236 0.020007870534434917
v 1.6185407157180325 9.59016469676251 0.021833126731216908
usemtl fieldMat_1
f 1617 1618 1619
f 1617 1619 1620
f 1617 1620 1621
f 1617 1621 1622
f 1617 1622 1623
f 1617 1623 1624
f 1617 1624 1618
o surface::variation_3
v -8.979592302348465 -2.9006920907832683 0.024
v -6.170499281164773 -2.9006920907832683 0.024779005076736214
v -6.918473474111686 -2.331817423978388 0.02286118667572737
v -9.505289604528512 -2.3937397390673496 0.027675639800727368
v -11.30604830260945 -2.6540948594703724 0.021073915868997574
v -11.516845677393645 -3.169633200073645 0.026919141087681057
v -9.545048906329184 -3.4459860346413684 0.02474595414288342
v -7.3554725199212685 -3.3489537763406556 0.02375944571569562
usemtl fieldMat_2
f 1625 1626 1627
f 1625 1627 1628
f 1625 1628 1629
f 1625 1629 1630
f 1625 1630 1631
f 1625 1631 1632
f 1625 1632 1626
o surface::variation_4
v 9.781396389938891 -1.047754271533341 0.024
v 12.02660063793087 -1.047754271533341 0.02465313089825213
v 11.128934989365066 -0.23188301789970045 0.020454445956274867
v 9.325496347123533 -0.08333055765248265 0.024886126559227707
v 8.084425628022535 -0.6531747276595142 0.021757217086851598
v 7.862800379092905 -1.4938661055303177 0.02318409984372556
v 9.400888026560429 -1.8526923160792363 0.020176316142082214
v 11.02822477711502 -1.8026502275709468 0.024100841579958798
usemtl fieldMat_2
f 1633 1634 1635
f 1633 1635 1636
f 1633 1636 1637
f 1633 1637 1638
f 1633 1638 1639
f 1633 1639 1640
f 1633 1640 1634
o surface::variation_5
v -13.69627552445978 -11.23470263466239 0.024
v -13.153993472423146 -11.23470263466239 0.02420857576839626
v -13.365745611216205 -10.55902520179357 0.025776357108727097
v -13.852855785519294 -10.116337839702874 0.023066245272755623
v -14.345607027098088 -10.724931890940349 0.021220911256968976
v -14.384867653547817 -11.775295722076294 0.020171315759420397
v -13.864819019237782 -12.438514083843184 0.027524150202050804
v -13.277972440060019 -12.089808157350916 0.02296383966319263
usemtl fieldMat_1
f 1641 1642 1643
f 1641 1643 1644
f 1641 1644 1645
f 1641 1645 1646
f 1641 1646 1647
f 1641 1647 1648
f 1641 1648 1642
o surface::variation_6
v -11.433244460485877 -3.315924689564854 0.024
v -9.358903256074022 -3.315924689564854 0.025551684016361834
v -10.001874302545627 -2.945161912359262 0.024664470929652453
v -11.958681037171202 -2.8403898945688932 0.022924788663163782
v -13.874067055045003 -3.073118265818868 0.021554139645770194
v -13.91729378947742 -3.5630311918258246 0.020542126083746552
v -12.011062135475656 -3.8388658432901748 0.02186510830372572
v -9.906184457286239 -3.7114736708015523 0.027803533190861346
usemtl fieldMat_2
f 1649 1650 1651
f 1649 1651 1652
f 1649 1652 1653
f 1649 1653 1654
f 1649 1654 1655
f 1649 1655 1656
f 1649 1656 1650
o surface::variation_7
v 13.695097501222044 -4.285350353363901 0.024
v 15.285568224310364 -4.285350353363901 0.024507186856120827
v 15.025291632112822 -3.2285132945874766 0.021300067065283656
v 13.193334547890625 -2.892484057665778 0.020770764557644726
v 12.046124452778566 -3.782213240606327 0.02709290904738009
v 12.027590180270417 -4.794142670956759 0.024778158301487566
v 13.323930816290739 -5.3156886079008885 0.024232248399406672
v 14.962674141559322 -5.292437918432814 0.02616909099183977
usemtl fieldMat_2
f 1657 1658 1659
f 1657 1659 1660
f 1657 1660 1661
f 1657 1661 1662
f 1657 1662 1663
f 1657 1663 1664
f 1657 1664 1658
o surface::variation_8
v 14.241144857201725 -15.417463558651507 0.024
v 16.266747946407364 -15.417463558651507 0.02683683823235333
v 15.305965753568692 -14.238125243264985 0.020614924451336267
v 13.787468033905375 -13.661860750864166 0.020990000996738672
v 12.56053157005934 -14.702622605114053 0.027740984799340368
v 12.461216028669135 -16.17454791038866 0.027768482560291886
v 13.840369546636888 -16.96835226265714 0.025076254729181527
v 15.615502607539021 -16.939628233998572 0.024366803724318743
usemtl fieldMat_2
f 1665 1666 1667
f 1665 1667 1668
f 1665 1668 1669
f 1665 1669 1670
f 1665 1670 1671
f 1665 1671 1672
f 1665 1672 1666
o surface::variation_9
v 9.177120684869589 11.320302350148559 0.024
v 10.866766168683482 11.320302350148559 0.024247708873823284
v 10.297495686648801 12.457802048285826 0.02036068094149232
v 8.830002987433472 12.551655048612329 0.026198455516248942
v 7.702201122682121 11.89539260079227 0.020792062122374774
v 7.539837734079985 10.68190451023667 0.024594789465889336
v 8.80697650010446 10.007266327791635 0.025832329804077743
v 10.338371019304256 10.141302548489701 0.024059886610135438
usemtl fieldMat_1
f 1673 1674 1675
f 1673 1675 1676
f 1673 1676 1677
f 1673 1677 1678
f 1673 1678 1679
f 1673 1679 1680
f 1673 1680 1674
o surface::variation_10
v 14.095045759938657 -8.568711538482457 0.024
v 15.475698833962088 -8.568711538482457 0.020311445077881216
v 14.896900628786303 -7.817943605194863 0.027607566490769387
v 13.821081685760957 -7.6724775900548 0.02359652801603079
v 13.00344878526333 -8.176200335314695 0.026455074338242412
v 13.059385841798495 -8.94110916322187 0.02464738639444113
v 13.862813970042174 -9.328424338907329 0.020658591045066715
v 14.721740702543954 -9.155479150853171 0.02254826218634844
usemtl fieldMat_1
f 1681 1682 1683
f 1681 1683 1684
f 1681 1684 1685
f 1681 1685 1686
f 1681 1686 1687
f 1681 1687 1688
f 1681 1688 1682
o surface::variation_11
v 7.584873841777444 0.5596077434346078 0.024
v 9.634951964316203 0.5596077434346078 0.024284107493236663
v 8.734814685525372 2.11838077257773 0.02286472984775901
v 7.060250292620244 3.044302220096627 0.022675175812095404
v 5.734331282478948 1.5229625091239405 0.02031384999677539
v 5.738163812140451 -0.4017518853714882 0.020551877852529286
v 7.158964124887509 -1.4575634697394437 0.021755032951012256
v 9.039763598358599 -1.4125310194115501 0.026351461382582785
usemtl fieldMat_2
f 1689 1690 1691
f 1689 1691 1692
f 1689 1692 1693
f 1689 1693 1694
f 1689 1694 1695
f 1689 1695 1696
f 1689 1696 1690
o surface::variation_12
v -0.44442870642989796 15.121124690845608 0.024
v 0.8538797057413774 15.121124690845608 0.021830218175426127
v 0.5680455740796939 16.245180643008293 0.027943704133853317
v -0.8040904880353048 16.516259103741927 0.02729839814826846
v -2.0992975735961235 15.826706385296562 0.021327807059511542
v -1.9925523693720204 14.461055643085464 0.026242449186742307
v -0.7995344319791896 13.743663299982934 0.020967046020552518
v 0.3307911256966479 14.260470268989263 0.022326304338872432
usemtl fieldMat_2
f 1697 1698 1699
f 1697 1699 1700
f 1697 1700 1701
f 1697 1701 1702
f 1697 1702 1703
f 1697 1703 1704
f 1697 1704 1698
o surface::variation_13
v 12.706665323805066 -2.188776148296892 0.024
v 13.930824936595556 -2.188776148296892 0.027908859182149172
v 13.45474295319635 -1.4493951637950144 0.027187204850837587
v 12.436164816975934 -1.254645711838997 0.020225640229880812
v 11.60972728844707 -1.772402252153805 0.027806861642748117
v 11.603505491428251 -2.6075117036971416 0.026074523696675896
v 12.464232951422513 -3.0259777509108465 0.02709190564788878
v 13.311764039177262 -2.786840394993812 0.02616370158456266
usemtl fieldMat_1
f 1705 1706 1707
f 1705 1707 1708
f 1705 1708 1709
f 1705 1709 1710
f 1705 1710 1711
f 1705 1711 1712
f 1705 1712 1706
o surface::variation_14
v 14.97048477359116 4.242314841449261 0.024
v 16.80350869374201 4.242314841449261 0.025555301401764156
v 15.94794963446658 5.44071055279435 0.025862162459641694
v 14.614087724043362 5.76900540993943 0.025954855162650347
v 13.874232877323642 4.758480657640184 0.024121912991628053
v 13.55184030978558 3.5743517756264325 0.022635135974735023
v 14.63001875556025 2.7838676986384376 0.02330517990514636
v 15.738068554101767 3.301238443226489 0.027103063553571703
usemtl fieldMat_1
f 1713 1714 1715
f 1713 1715 1716
f 1713 1716 1717
f 1713 1717 1718
f 1713 1718 1719
f 1713 1719 1720
f 1713 1720 1714
o surface::variation_15
v 0.1384385705739266 14.161894258074462 0.024
v 3.4496279776973044 14.161894258074462 0.02557294585928321
v 2.1700198357251455 15.318832188790356 0.025901614014059306
v -0.5477661806138621 15.527255000363398 0.026071866244077684
v -2.426473284590862 14.722849350497638 0.023858178965747358
v -2.5520181789805627 13.573482063102587 0.02171137855947018
v -0.5855177465570368 12.721418171554054 0.026567929055541756
v 1.7604528629758562 13.238195122217636 0.025807790474966168
usemtl fieldMat_1
f 1721 1722 1723
f 1721 1723 1724
f 1721 1724 1725
f 1721 1725 1726
f 1721 1726 1727
f 1721 1727 1728
f 1721 1728 1722
o surface::variation_16
v 5.067698271181435 -9.719285591579974 0.024
v 6.458339221160209 -9.719285591579974 0.02766785890981555
v 6.019778902172494 -9.115752971069032 0.027843050042167306
v 4.822950083965909 -9.17720440824045 0.022899445336312056
v 4.066127457911078 -9.475454845194895 0.02159541866928339
v 4.073894983990974 -9.961225346677635 0.02644227972254157
v 4.747064698707193 -10.429441725370493 0.02361213163845241
v 5.960873071551508 -10.285477267258281 0.027552326519042256
usemtl fieldMat_2
f 1729 1730 1731
f 1729 1731 1732
f 1729 1732 1733
f 1729 1733 1734
f 1729 1734 1735
f 1729 1735 1736
f 1729 1736 1730
o surface::variation_17
v -8.378565809261055 10.708254922423514 0.024
v -7.51384505990326 10.708254922423514 0.02554815841652453
v -7.855214298849038 11.872021043188916 0.022951817225664854
v -8.590068297874653 12.35151210830847 0.02119230884127319
v -9.18719381723964 11.398813934190382 0.02732027582079172
v -9.392521876606583 9.84234811121683 0.026737167632207275
v -8.58421542143873 9.110471344553646 0.027321493446826935
v -7.893024284957809 9.628566099582322 0.022882272023707628
usemtl fieldMat_2
f 1737 1738 1739
f 1737 1739 1740
f 1737 1740 1741
f 1737 1741 1742
f 1737 1742 1743
f 1737 1743 1744
f 1737 1744 1738
o surface::variation_18
v 10.326940632965417 -10.105568340849132 0.024
v 11.895164000644392 -10.105568340849132 0.025932684659957884
v 11.382671904602049 -8.612904162299646 0.0228955022636801
v 9.93703137205393 -8.179418339462858 0.025128779876977207
v 8.713412097469401 -9.229445173639894 0.021975693384185434
v 9.090436948286444 -10.77697234806355 0.026888784486800432
v 10.03854241573251 -11.530254241420927 0.02584020701237023
v 11.426049778451347 -11.659563087295988 0.022972768289968373
usemtl fieldMat_1
f 1745 1746 1747
f 1745 1747 1748
f 1745 1748 1749
f 1745 1749 1750
f 1745 1750 1751
f 1745 1751 1752
f 1745 1752 1746
o surface::variation_19
v -14.242900308538228 -5.839195456728339 0.024
v -11.769207111212804 -5.839195456728339 0.022594799999147652
v -12.793434144670801 -5.274146183594758 0.022015636181458832
v -14.720621120769835 -5.188511301869182 0.025133743222802877
v -16.224786120378724 -5.5424824005272635 0.02358884831145406
v -16.780625186354598 -6.219124562530422 0.02108000447228551
v -14.781490531413898 -6.572787368602914 0.027695656787604092
v -12.792707514368303 -6.404527994097056 0.023945303367450835
usemtl fieldMat_1
f 1753 1754 1755
f 1753 1755 1756
f 1753 1756 1757
f 1753 1757 1758
f 1753 1758 1759
f 1753 1759 1760
f 1753 1760 1754
o surface::variation_20
v 1.5349823040515176 -11.352897261418402 0.024
v 3.547851123722575 -11.352897261418402 0.024265392210334538
v 2.6503222097246137 -10.76614731927112 0.02379371041804552
v 1.2128257592563725 -10.760748802566045 0.022019781099632384
v 0.23702592348471008 -11.09066525282174 0.02150053721293807
v -0.045555894806115216 -11.672220555140486 0.022343390036374332
v 1.1124623304505763 -12.129521406556384 0.026386992065235974
v 2.6561673707894022 -11.942722183577752 0.02107874768227339
usemtl fieldMat_1
f 1761 1762 1763
f 1761 1763 1764
f 1761 1764 1765
f 1761 1765 1766
f 1761 1766 1767
f 1761 1767 1768
f 1761 1768 1762
o surface::variation_21
v 1.878527297228576 10.385979369636626 0.024
v 2.5089733267182535 10.385979369636626 0.024346251655369997
v 2.3088060129904155 10.808683996158603 0.02246128334105015
v 1.7008774764320955 10.99575454735194 0.027124614462256433
v 1.112721802489167 10.674904557973946 0.024009061777964233
v 1.1252462597935486 10.101779442753225 0.026896163841709494
v 1.7087149462469524 9.80310596152494 0.022794965591281652
v 2.2408291514197067 10.030055024894347 0.024864046566188337
usemtl fieldMat_1
f 1769 1770 1771
f 1769 1771 1772
f 1769 1772 1773
f 1769 1773 1774
f 1769 1774 1775
f 1769 1775 1776
f 1769 1776 1770
o surface::variation_22
v -0.9456053072400383 7.268566638547927 0.024
v 1.7147905752603418 7.268566638547927 0.027140827076509597
v 0.5986327953982933 8.768345557905498 0.02467535445839167
v -1.5876689723163055 9.44732418622904 0.020602067992091178
v -3.133145051518282 8.084488787342313 0.020859053587540984
v -3.7305530351550855 6.229819552748027 0.021756245259195568
v -1.4415376947776821 5.585686121771127 0.027149849306792023
v 0.6464299365028978 5.722366675368311 0.025346730202436447
usemtl fieldMat_2
f 1777 1778 1779
f 1777 1779 1780
f 1777 1780 1781
f 1777 1781 1782
f 1777 1782 1783
f 1777 1783 1784
f 1777 1784 1778
o surface::variation_23
v 3.878724218979478 -14.562506932355465 0.024
v 6.410419620026127 -14.562506932355465 0.027283977206796407
v 5.311886762009585 -12.879526394043374 0.026133006803691388
v 3.4118539045910286 -12.646938216893368 0.026394132057204842
v 1.625174743905673 -13.54618679333559 0.025765522627159955
v 1.7907544552454016 -15.504152875353018 0.02152074515633285
v 3.4379039242020495 -16.37119242764664 0.02762130814604461
v 5.649606652080603 -16.642076123611776 0.023547780856490137
usemtl fieldMat_2
f 1785 1786 1787
f 1785 1787 1788
f 1785 1788 1789
f 1785 1789 1790
f 1785 1790 1791
f 1785 1791 1792
f 1785 1792 1786
o surface::variation_24
v -0.3387563929148012 -6.046449728328735 0.024
v 2.0061158312482763 -6.046449728328735 0.021771996216848492
v 1.2464891835060297 -5.040852097271025 0.026628280270844698
v -0.7781358641041776 -5.072614942565765 0.020143692385405303
v -2.6610809031573615 -5.480692141132472 0.023758601406589152
v -2.080867090863909 -6.470857402946758 0.020198574708774685
v -0.9745068615496207 -7.455518567493623 0.02127822208032012
v 0.862314740307752 -6.8083470042242205 0.02229957333765924
usemtl fieldMat_2
f 1793 1794 1795
f 1793 1795 1796
f 1793 1796 1797
f 1793 1797 1798
f 1793 1798 1799
f 1793 1799 1800
f 1793 1800 1794
o surface::variation_25
v -9.13760014679283 1.7102199809998275 0.024
v -7.43503371911981 1.7102199809998275 0.02733486243709922
v -8.156760020472712 3.1694022276095772 0.023664133969694377
v -9.51339641463171 3.663576900869555 0.021994399677962066
v -10.641621532217341 2.569520577725708 0.0249490256421268
v -10.715476359280752 0.808723510211451 0.02212293270789087
v -9.47315322329099 -0.033956265695305854 0.02450330105982721
v -8.062219943974196 0.1103917743422127 0.02010611372999847
usemtl fieldMat_1
f 1801 1802 1803
f 1801 1803 1804
f 1801 1804 1805
f 1801 1805 1806
f 1801 1806 1807
f 1801 1807 1808
f 1801 1808 1802
o surface::variation_26
v -11.922698546238244 13.405772420242428 0.024
v -10.9625977074399 13.405772420242428 0.02294818688556552
v -11.46449339124692 14.485283273023551 0.02620387157984078
v -12.1389022971462 15.185477731066122 0.02178734398446977
v -12.744845022416644 14.149640685070677 0.022686230210587383
v -12.643482319959054 12.75361591211466 0.02541526019386947
v -12.144172449300425 11.582685263644402 0.0233014251627028
v -11.251352984905004 11.824112302430379 0.02599713458865881
usemtl fieldMat_2
f 1809 1810 1811
f 1809 1811 1812
f 1809 1812 1813
f 1809 1813 1814
f 1809 1814 1815
f 1809 1815 1816
f 1809 1816 1810
o surface::variation_27
v -11.740032610204072 -3.7420973677560685 0.024
v -9.86324500183092 -3.7420973677560685 0.0239829045496881
v -10.58494113927021 -2.964005212491901 0.025958272928372026
v -12.25665268591979 -2.5261808208500773 0.02282761667110026
v -13.862190081442396 -3.1930977324157674 0.02239666743390262
v -13.59585562615781 -4.2221965935784675 0.02197510996647179
v -12.266932718119062 -4.982208989227261 0.021858131967484953
v -10.629836764672282 -4.489946953656626 0.02444246659614146
usemtl fieldMat_1
f 1817 1818 1819
f 1817 1819 1820
f 1817 1820 1821
f 1817 1821 1822
f 1817 1822 1823
f 1817 1823 1824
f 1817 1824 1818
o surface::variation_28
v 8.398651647679507 2.0204922540113337 0.024
v 9.479207937339677 2.0204922540113337 0.024431336890906097
v 9.176178846162355 3.1020971228501457 0.026260485507547858
v 8.196501335262434 3.0030210572121314 0.02521868266351521
v 7.26229553245282 2.627574156553335 0.026848627848550678
v 7.285576706669687 1.4258479837816012 0.02498666909523308
v 8.16564645306423 0.8879967744466835 0.02633139969408512
v 8.96334593134178 1.234955635091329 0.021739377373829485
usemtl fieldMat_2
f 1825 1826 1827
f 1825 1827 1828
f 1825 1828 1829
f 1825 1829 1830
f 1825 1830 1831
f 1825 1831 1832
f 1825 1832 1826
o surface::variation_29
v -15.332078216578813 -8.12783207213506 0.024
v -13.555575522159122 -8.12783207213506 0.025869642294943332
v -14.432741189500971 -7.813774067905107 0.027847450701519845
v -15.684714198981498 -7.697571205833761 0.02196952578984201
v -16.7873561348951 -7.9326620455849985 0.02254477716051042
v -17.04213078481244 -8.357170400535109 0.023776238260790707
v -15.794613366884677 -8.692183937504678 0.02701670455746353
v -14.174593301786548 -8.532038049784052 0.022382215360179543
usemtl fieldMat_2
f 1833 1834 1835
f 1833 1835 1836
f 1833 1836 1837
f 1833 1837 1838
f 1833 1838 1839
f 1833 1839 1840
f 1833 1840 1834
o surface::variation_30
v 13.853538673464211 7.064810342397543 0.024
v 14.815110391311062 7.064810342397543 0.022033729787915946
v 14.51560660203185 8.788549212513246 0.025122990868985652
v 13.659383495467342 8.830993471702534 0.022637741437181832
v 13.181125083089142 7.737144531641464 0.02025843674875796
v 12.874453739938904 6.085841022911458 0.025758880136534573
v 13.677576550156308 5.464125072040691 0.024937030291184784
v 14.535257944365542 5.289907866299866 0.026851071879267694
usemtl fieldMat_1
f 1841 1842 1843
f 1841 1843 1844
f 1841 1844 1845
f 1841 1845 1846
f 1841 1846 1847
f 1841 1847 1848
f 1841 1848 1842
o surface::variation_31
v 9.158821330405772 -14.301284592710436 0.024
v 10.696601582405497 -14.301284592710436 0.021932971449568867
v 9.995055453730878 -13.895278200861421 0.0203321380186826
v 8.854608865305844 -13.785225040799281 0.022053685095161202
v 7.628771991774953 -14.01599218754516 0.023557793898507953
v 7.892256855617124 -14.537447712543354 0.026020511392503977
v 8.80735132445379 -14.897510831244778 0.025345214592292907
v 10.025563670812733 -14.722103261161964 0.02102283439040184
usemtl fieldMat_2
f 1849 1850 1851
f 1849 1851 1852
f 1849 1852 1853
f 1849 1853 1854
f 1849 1854 1855
f 1849 1855 1856
f 1849 1856 1850
o surface::variation_32
v -2.0180852415040142 -0.38829280499368934 0.024
v 0.8191356517290247 -0.38829280499368934 0.021784829549491406
v -0.6942932627520164 0.08148958779979926 0.026982499262318015
v -2.6065537324690533 0.34136298737348825 0.024929018139839172
v -4.2639067115828135 -0.08221487950833822 0.024633159883320332
v -4.262276429771525 -0.6941485430605818 0.020168332291767
v -2.4622271518501027 -0.9389947074619043 0.023776299336925148
v -0.23680550951631218 -1.020426756671378 0.023072805672883986
usemtl fieldMat_2
f 1857 1858 1859
f 1857 1859 1860
f 1857 1860 1861
f 1857 1861 1862
f 1857 1862 1863
f 1857 1863 1864
f 1857 1864 1858
o surface::variation_33
v 11.167107926234603 0.3252472919411957 0.024
v 13.717234661415155 0.3252472919411957 0.023465005930513143
v 12.633787613911851 1.0916887830274649 0.025059196155518295
v 10.61826732959154 1.3273397365030155 0.02325801319256425
v 8.937481370679286 0.772708764417269 0.020486475778743626
v 9.27778418042085 -0.05391915778530315 0.02737613420933485
v 10.625621426606909 -0.6634177839078296 0.024768489710986615
v 12.469992310066981 -0.35559983388144545 0.02726243966817856
usemtl fieldMat_2
f 1865 1866 1867
f 1865 1867 1868
f 1865 1868 1869
f 1865 1869 1870
f 1865 1870 1871
f 1865 1871 1872
f 1865 1872 1866
o surface::variation_34
v -12.015437773987651 7.338160915262996 0.024
v -10.339712070669982 7.338160915262996 0.026679461812600495
v -11.268593926585128 8.572093646252917 0.02424895012192428
v -12.391620228805605 9.509751965670787 0.027970383407548073
v -13.192814895294223 8.085223624690384 0.026844270925968885
v -13.100860667298333 6.649444485431802 0.027850317573174833
v -12.400316327116423 5.11636983818364 0.02361610866524279
v -10.970992539444014 5.612532237846536 0.02711179381981492
usemtl fieldMat_2
f 1873 1874 1875
f 1873 1875 1876
f 1873 1876 1877
f 1873 1877 1878
f 1873 1878 1879
f 1873 1879 1880
f 1873 1880 1874
o surface::variation_35
v 2.4116487411409615 -1.2186387953534723 0.024
v 3.7655178876289384 -1.2186387953534723 0.02196856851503253
v 3.2535260275962266 -0.05599457253323337 0.022645978573709726
v 2.1063137154486564 0.25466565827232746 0.020801444625481964
v 1.3579295532165396 -0.6597791854254098 0.027221032598987224
v 1.3401543593038623 -1.7869258106569665 0.023518529115244748
v 2.043089425290505 -2.9970134847183 0.02482857428304851
v 3.140550793350191 -2.2252626509169016 0.02711463331617415
usemtl fieldMat_1
f 1881 1882 1883
f 1881 1883 1884
f 1881 1884 1885
f 1881 1885 1886
f 1881 1886 1887
f 1881 1887 1888
f 1881 1888 1882
o surface::variation_36
v 5.1631042430177345 -2.714634335469455 0.024
v 8.017447267875564 -2.714634335469455 0.022142497705295684
v 6.837751205902558 -1.8791882871545762 0.027152331471443178
v 4.493031629852795 -1.5466558547404232 0.025355517895892264
v 2.3003880191288864 -2.166163888408639 0.020769687874242663
v 3.0199662394473332 -3.125240126264359 0.025288179509341716
v 4.612271347576348 -3.6747705292387107 0.027512604597955945
v 6.893964287605384 -3.578123904605778 0.022182734718546274
usemtl fieldMat_2
f 1889 1890 1891
f 1889 1891 1892
f 1889 1892 1893
f 1889 1893 1894
f 1889 1894 1895
f 1889 1895 1896
f 1889 1896 1890
o surface::variation_37
v -6.29633274493739 -0.35141733696684163 0.024
v -5.173894519464816 -0.35141733696684163 0.022601219799369573
v -5.773322624471661 1.0956100217270737 0.02107026421651244
v -6.5029199671318185 1.645628053139552 0.02296149374730885
v -7.2670873400824725 0.6800509834883628 0.023963377034291626
v -7.05981303429816 -1.1626478330222434 0.024670419082045557
v -6.549624771792721 -2.7999505483097837 0.02082460541650653
v -5.705163791766037 -1.9870217265867642 0.02603955363482237
usemtl fieldMat_2
f 1897 1898 1899
f 1897 1899 1900
f 1897 1900 1901
f 1897 1901 1902
f 1897 1902 1903
f 1897 1903 1904
f 1897 1904 1898
o surface::variation_38
v 10.455353388320656 -1.522008091509342 0.024
v 11.514510089705366 -1.522008091509342 0.02263294652849436
v 11.137930446663695 -1.0663511936656698 0.02548991580866277
v 10.216439527844798 -0.9647640442973221 0.021011570304632188
v 9.35644369485938 -1.2402813608650622 0.022460442619398238
v 9.185521138648951 -1.8475541216293196 0.027457186037674546
v 10.19773419133843 -2.1228805719922885 0.023934884356334805
v 11.143387249802817 -1.981307698934482 0.02182262653671205
usemtl fieldMat_2
f 1905 1906 1907
f 1905 1907 1908
f 1905 1908 1909
f 1905 1909 1910
f 1905 1910 1911
f 1905 1911 1912
f 1905 1912 1906
o surface::variation_39
v 5.859589611236007 5.881296035461126 0.024
v 6.4867038138107755 5.881296035461126 0.0242031365763396
v 6.294495017976791 6.5383203512596655 0.02086501205340028
v 5.6857961839615 6.7986518410420524 0.02667815482057631
v 5.217561465334388 6.25379107420818 0.02628726919926703
v 5.2443147336724225 5.524322839159456 0.02705189406871796
v 5.678790730785053 4.92696246125614 0.020536215871572495
v 6.396128642169902 5.070730831546186 0.026879948545247317
usemtl fieldMat_1
f 1913 1914 1915
f 1913 1915 1916
f 1913 1916 1917
f 1913 1917 1918
f 1913 1918 1919
f 1913 1919 1920
f 1913 1920 1914
o surface::variation_40
v -9.46478333953768 -4.872767940033228 0.024
v -8.721402945204499 -4.872767940033228 0.020367806926369667
v -9.071792755727714 -4.425915414538581 0.02619088534452021
v -9.59093858982374 -4.3715746686116095 0.02027740250714123
v -9.933159257375976 -4.66823822243225 0.026287895606830716
v -10.099183204799408 -5.149796754595115 0.02461808419786394
v -9.603448742188384 -5.423661910992932 0.023884137911722066
v -9.005830329078748 -5.394623476160055 0.021514670303091406
usemtl fieldMat_1
f 1921 1922 1923
f 1921 1923 1924
f 1921 1924 1925
f 1921 1925 1926
f 1921 1926 1927
f 1921 1927 1928
f 1921 1928 1922
o surface::variation_41
v -14.659863778725267 -12.922312043253333 0.024
v -12.129590814053248 -12.922312043253333 0.022397357072681187
v -13.111657049067516 -12.526200559353823 0.02200268298201263
v -15.18811276541012 -12.450091381542366 0.02444760499894619
v -17.30772283797231 -12.662138496944543 0.02248631781898439
v -17.238069880201174 -13.175641623690552 0.023187471099197866
v -15.255794113811143 -13.455035482883472 0.021999552512541414
v -12.892753118813307 -13.374430492491122 0.022804191103205085
usemtl fieldMat_2
f 1929 1930 1931
f 1929 1931 1932
f 1929 1932 1933
f 1929 1933 1934
f 1929 1934 1935
f 1929 1935 1936
f 1929 1936 1930
o surface::variation_42
v 8.614004463981836 6.139477870408445 0.024
v 9.343092975120095 6.139477870408445 0.021455621741712096
v 9.047170936558102 6.906559735667177 0.024591300193220377
v 8.477638441841815 6.983222231607131 0.022126833997666837
v 7.982521443580209 6.568943436083853 0.026407369082793595
v 7.874594024890323 5.6366118989864855 0.020687327874824406
v 8.440002332212973 5.062865711363572 0.02230281705968082
v 9.09975452106365 5.279277269887016 0.021992714470252396
usemtl fieldMat_1
f 1937 1938 1939
f 1937 1939 1940
f 1937 1940 1941
f 1937 1941 1942
f 1937 1942 1943
f 1937 1943 1944
f 1937 1944 1938
o surface::edgeBlend_0
v -16.014149033930153 13.639748934321103 0.026
v -15.39705225837048 13.639748934321103 0.02617509947530925
v -15.754868331252986 14.205402153512987 0.02830242995172739
v -16.328384657929302 14.325293174461505 0.02541245127469301
v -16.548060987126657 13.639748934321103 0.02725224885344505
v -16.340760774858584 12.927204650174875 0.02880321657471359
v -15.775167533712624 13.118380959267189 0.023069618804380295
usemtl fieldMat_2
f 1945 1946 1947
f 1945 1947 1948
f 1945 1948 1949
f 1945 1949 1950
f 1945 1950 1951
f 1945 1951 1946
o surface::edgeBlend_1
v 16.208112410339528 -6.032258258387445 0.026
v 16.82133891659428 -6.032258258387445 0.02235634853504598
v 16.61370361819941 -5.612600734256448 0.028364726807922125
v 15.849736855587237 -5.661453874313184 0.028348321191966532
v 15.44942821566255 -6.032258258387445 0.022402240419760345
v 15.773822619386861 -6.481609661708612 0.02473942233622074
v 16.547856935662015 -6.383785469951538 0.02370467061921954
usemtl fieldMat_2
f 1952 1953 1954
f 1952 1954 1955
f 1952 1955 1956
f 1952 1956 1957
f 1952 1957 1958
f 1952 1958 1953
o surface::edgeBlend_2
v -8.441543071959167 -16.321500170603393 0.026
v -8.045081914078876 -16.321500170603393 0.02968074464984238
v -8.268708645054124 -15.913603082757948 0.027031905816867947
v -8.604890367694056 -15.935993142687616 0.02836365134268999
v -8.766794255107595 -16.321500170603393 0.027168954271823167
v -8.6514946083567 -16.816995320607745 0.029087629672139882
v -8.237887398700227 -16.80213679799919 0.023116411676630377
usemtl fieldMat_2
f 1959 1960 1961
f 1959 1961 1962
f 1959 1962 1963
f 1959 1963 1964
f 1959 1964 1965
f 1959 1965 1960
o surface::edgeBlend_3
v -10.764071074817329 16.83114757556468 0.026
v -10.099687746875912 16.83114757556468 0.02727749979868531
v -10.40930022265817 17.588121494555978 0.02761358437500894
v -11.158794977861636 17.67336924622477 0.02956492018140852
v -11.595525504578678 16.83114757556468 0.028751683950424194
v -11.197805178665844 15.90568991073067 0.028036989752203225
v -10.275420064533181 15.78851380781675 0.023536329921334982
usemtl fieldMat_2
f 1966 1967 1968
f 1966 1968 1969
f 1966 1969 1970
f 1966 1970 1971
f 1966 1971 1972
f 1966 1972 1967
o surface::edgeBlend_4
v -16.08651505871676 -2.1988009116053586 0.026
v -15.188555729968986 -2.1988009116053586 0.02487065312080085
v -15.613426947215144 -1.6368715030343535 0.028558291485533117
v -16.603877317358418 -1.5842831062589124 0.022527798874303697
v -16.92144884242551 -2.1988009116053586 0.026493027552962303
v -16.626531187968446 -2.8402267617837285 0.023010439766570925
v -15.539279564170592 -2.848801852916985 0.029753771524876356
usemtl fieldMat_2
f 1973 1974 1975
f 1973 1975 1976
f 1973 1976 1977
f 1973 1977 1978
f 1973 1978 1979
f 1973 1979 1974
o surface::edgeBlend_5
v 16.607620749739 -4.480165209341793 0.026
v 17.212884219497216 -4.480165209341793 0.02560838348418474
v 16.977239252975338 -3.9239824083242074 0.026233905235305426
v 16.25713456057289 -3.952771724704087 0.023999347206205127
v 15.9341638181625 -4.480165209341793 0.024014265477657316
v 16.234794482570024 -5.041174887567729 0.02583795625343919
v 16.945221135749026 -4.988168804052561 0.027725331189110875
usemtl fieldMat_2
f 1980 1981 1982
f 1980 1982 1983
f 1980 1983 1984
f 1980 1984 1985
f 1980 1985 1986
f 1980 1986 1981
o surface::edgeBlend_6
v -10.295393517371267 -16.41521795692388 0.026
v -9.744113206954744 -16.41521795692388 0.029512738922610877
v -10.025666974982135 -15.59155921182079 0.029994514863938095
v -10.586998770596404 -15.524748614124176 0.028770771369338033
v -10.7335208339169 -16.41521795692388 0.02695952876470983
v -10.595542273210675 -17.33177642903108 0.029446704594418407
v -10.0701177056553 -17.103138362296377 0.02349891689419746
usemtl fieldMat_2
f 1987 1988 1989
f 1987 1989 1990
f 1987 1990 1991
f 1987 1991 1992
f 1987 1992 1993
f 1987 1993 1988
o surface::edgeBlend_7
v 5.457562653478236 16.41611802454572 0.026
v 6.528759121279342 16.41611802454572 0.02560774840041995
v 6.039810616617912 17.130064444420327 0.02575761694833636
v 4.906063084510402 17.09236108206333 0.025165296848863362
v 4.531583213663283 16.41611802454572 0.029172176636755465
v 4.90318464659008 15.736345456272998 0.022238481808453798
v 5.939421994743282 15.825267092712082 0.02424929901026189
usemtl fieldMat_2
f 1994 1995 1996
f 1994 1996 1997
f 1994 1997 1998
f 1994 1998 1999
f 1994 1999 2000
f 1994 2000 1995
o surface::edgeBlend_8
v -16.623902641492897 -4.408933134377003 0.026
v -16.107157441782526 -4.408933134377003 0.027144674465060234
v -16.410249212221657 -3.702783660132024 0.023267654152587056
v -16.88900470460735 -3.5327399315434973 0.02431370336189866
v -17.081878393537703 -4.408933134377003 0.026675621287897227
v -16.85496866778176 -5.172633270322913 0.022238161267712712
v -16.40360916625284 -5.137028734110527 0.02811742559634149
usemtl fieldMat_2
f 2001 2002 2003
f 2001 2003 2004
f 2001 2004 2005
f 2001 2005 2006
f 2001 2006 2007
f 2001 2007 2002
o surface::edgeBlend_9
v 16.30110614502337 -9.806403979808092 0.026
v 16.96029520699271 -9.806403979808092 0.0279332106243819
v 16.723782498229372 -9.218534035197804 0.029427394619211553
v 15.929636533384972 -9.289753785488282 0.029214297687634824
v 15.426119140596624 -9.806403979808092 0.02469025175087154
v 16.002714519365767 -10.221415293114314 0.02878986569494009
v 16.59214481955545 -10.211188605630865 0.028178050281479954
usemtl fieldMat_2
f 2008 2009 2010
f 2008 2010 2011
f 2008 2011 2012
f 2008 2012 2013
f 2008 2013 2014
f 2008 2014 2009
o surface::edgeBlend_10
v -4.680402576383203 -16.6500390479574 0.026
v -3.5648736676256325 -16.6500390479574 0.02686682506836951
v -4.2392963165196065 -16.051568352320565 0.02393794376030564
v -5.081913629398556 -16.105289129245566 0.02388190734758973
v -5.573809936325966 -16.6500390479574 0.02335990790836513
v -5.077484789469998 -17.188780140329456 0.02224440202862024
v -4.16896484689194 -17.343931929546084 0.028324644524604082
usemtl fieldMat_2
f 2015 2016 2017
f 2015 2017 2018
f 2015 2018 2019
f 2015 2019 2020
f 2015 2020 2021
f 2015 2021 2016
o surface::edgeBlend_11
v 1.8198414438217885 16.10112120057456 0.026
v 2.6287019659101456 16.10112120057456 0.028251587096601725
v 2.195882374604789 16.81767019699937 0.02621486090682447
v 1.3942912538824472 16.912010485670457 0.022619861673563717
v 1.0663405360272056 16.10112120057456 0.027087911311537025
v 1.4113423554963584 15.32272292576296 0.02655499341711402
v 2.3399740894469225 15.110004290895537 0.027676136814057825
usemtl fieldMat_2
f 2022 2023 2024
f 2022 2024 2025
f 2022 2025 2026
f 2022 2026 2027
f 2022 2027 2028
f 2022 2028 2023
o surface::edgeBlend_12
v -16.499091578088702 7.5255412646569315 0.026
v -15.610895845122293 7.5255412646569315 0.027220209134742615
v -16.029399681917916 8.150034606738107 0.02977821024134755
v -16.91305271021521 8.075936051113692 0.02921788017451763
v -17.553438157484894 7.5255412646569315 0.024195502879098055
v -16.89801673028793 6.995138028901397 0.029025609314441682
v -16.094130564067964 6.987112862719087 0.023743985652923582
usemtl fieldMat_2
f 2029 2030 2031
f 2029 2031 2032
f 2029 2032 2033
f 2029 2033 2034
f 2029 2034 2035
f 2029 2035 2030
o surface::edgeBlend_13
v 16.780866982601584 8.7904158035852 0.026
v 17.298488533032085 8.7904158035852 0.02892435167916119
v 17.050801479892666 9.565016800590485 0.028093691095709798
v 16.532104198644525 9.504262690162133 0.028903223261237142
v 16.291021422543945 8.7904158035852 0.026031397219747305
v 16.50115354421124 7.987753267202168 0.02410423608124256
v 17.01900030112923 8.107071111436497 0.026817644912749527
usemtl fieldMat_2
f 2036 2037 2038
f 2036 2038 2039
f 2036 2039 2040
f 2036 2040 2041
f 2036 2041 2042
f 2036 2042 2037
o surface::plaza
v 0 0 0.055
v 8.071651085434109 0 0.05299425637163222
v 7.3250393832053655 3.4601837397694584 0.0536122640632093
v 3.355611401597784 4.7553459038384505 0.054103596655651925
v 4.441664344172988e-16 5.934917743465304 0.05370411284826696
v -3.153354602676629 4.468721225004895 0.05810416752845049
v -6.517924114561978 3.0789206526271995 0.05259865343384445
v -6.676311773391069 6.689555871867132e-16 0.05339414197579026
v -7.236014521606823 -3.418130398835243 0.05536611062474549
v -3.091643674055862 -4.381268663752087 0.053313574995845554
v -1.3721564722676493e-15 -6.111549757810682 0.05266903026029467
v 3.206431997311116 -4.543938924837877 0.054475703412666915
v 7.529219874710811 -3.556634008460868 0.05626219370774925
usemtl fieldMat_3
f 2043 2044 2045
f 2043 2045 2046
f 2043 2046 2047
f 2043 2047 2048
f 2043 2048 2049
f 2043 2049 2050
f 2043 2050 2051
f 2043 2051 2052
f 2043 2052 2053
f 2043 2053 2054
f 2043 2054 2055
f 2043 2055 2044
o surface::plazaSouth
v -1.5263844167910166 -17 0.055
v 1.5263844167910166 -17 0.055
v -1.5249867092948175 -6.12 0.055
v 1.5249867092948175 -6.12 0.055
usemtl fieldMat_3
f 2056 2058 2057
f 2057 2058 2059
o surface::plazaNorth
v -1.452930978878669 6.12 0.055
v 1.452930978878669 6.12 0.055
v -1.4334562041542145 17 0.055
v 1.4334562041542145 17 0.055
usemtl fieldMat_3
f 2060 2062 2061
f 2061 2062 2063
o surface::plazaEast
v 6.12 1.50663315402125 0.055
v 6.12 -1.50663315402125 0.055
v 17 1.52914647173119 0.055
v 17 -1.52914647173119 0.055
usemtl fieldMat_3
f 2064 2066 2065
f 2065 2066 2067
o surface::pathWear_0
v 5.1303002682328245 5.145159657150506 0.063
v 5.743629950592153 5.145159657150506 0.0665862271208316
v 5.483243120738783 5.3767444116636725 0.0658223882894963
v 4.845308265546227 5.332158210915743 0.06109202789515257
v 4.5473749008179745 5.145159657150506 0.06353551516495645
v 4.856385677529744 4.9654295881176544 0.06254613740742207
v 5.509314790216995 4.896467880542995 0.0651421102937311
usemtl fieldMat_4
f 2068 2069 2070
f 2068 2070 2071
f 2068 2071 2072
f 2068 2072 2073
f 2068 2073 2074
f 2068 2074 2069
o surface::pathWear_1
v 8.460330969691276 -10.821709051486105 0.063
v 8.921291489740923 -10.821709051486105 0.06073065195605159
v 8.736339856432267 -10.523841978945464 0.062338213732466105
v 8.148973744144252 -10.485694271733383 0.06218188921362162
v 7.9564272501633795 -10.821709051486105 0.06318844386562705
v 8.206281331001481 -11.09587784021626 0.05971428787708283
v 8.688043331030766 -11.067454814437427 0.06035444638133049
usemtl fieldMat_4
f 2075 2076 2077
f 2075 2077 2078
f 2075 2078 2079
f 2075 2079 2080
f 2075 2080 2081
f 2075 2081 2076
o surface::pathWear_2
v -0.37463511109352154 -9.29262930035591 0.063
v 0.06343263796414689 -9.29262930035591 0.0669990965873003
v -0.17737566712102362 -8.926677287986173 0.05920277422107756
v -0.6174065503804913 -8.842244289814408 0.06380895238928497
v -0.9288098032695575 -9.29262930035591 0.0625331866554916
v -0.6295975334029046 -9.765630793434184 0.062086851213127375
v -0.17214682683693033 -9.668281758928826 0.06648120379261672
usemtl fieldMat_4
f 2082 2083 2084
f 2082 2084 2085
f 2082 2085 2086
f 2082 2086 2087
f 2082 2087 2088
f 2082 2088 2083
o surface::pathWear_3
v -7.846851274371147 -9.584548649378121 0.063
v -7.283802556657598 -9.584548649378121 0.0629457549713552
v -7.537879677755153 -9.392371077142316 0.059029072584584355
v -8.135287306942072 -9.405144014479916 0.06613217946700752
v -8.493967294726325 -9.584548649378121 0.06267898140847683
v -8.257274019129746 -9.83982792922756 0.0623132135681808
v -7.468466300443687 -9.819900722048619 0.06195907013863325
usemtl fieldMat_4
f 2089 2090 2091
f 2089 2091 2092
f 2089 2092 2093
f 2089 2093 2094
f 2089 2094 2095
f 2089 2095 2090
o surface::pathWear_4
v -1.2077359586954124 3.169093876965343 0.063
v -0.8455202555749974 3.169093876965343 0.059336372496560215
v -1.0310071273446342 3.5603065054106007 0.05992181829549372
v -1.398463542486477 3.5912945943107584 0.06151824983023107
v -1.566462901878019 3.169093876965343 0.0593903303835541
v -1.3625546105572945 2.8263823269352164 0.06194141660071909
v -1.0283578989267215 2.7720168312385254 0.06004873597249389
usemtl fieldMat_4
f 2096 2097 2098
f 2096 2098 2099
f 2096 2099 2100
f 2096 2100 2101
f 2096 2101 2102
f 2096 2102 2097
o surface::pathWear_5
v 7.038584131002425 -5.897027736604214 0.063
v 7.544874953354398 -5.897027736604214 0.06420423577353358
v 7.339045210314428 -5.682223413102854 0.06293517033196985
v 6.830515951710461 -5.748276541949283 0.06226528875902295
v 6.568578924917659 -5.897027736604214 0.06489558898471295
v 6.754007670186504 -6.100475897976551 0.059417624643072486
v 7.302368512233727 -6.08561131518404 0.05931627462059259
usemtl fieldMat_4
f 2103 2104 2105
f 2103 2105 2106
f 2103 2106 2107
f 2103 2107 2108
f 2103 2108 2109
f 2103 2109 2104
o surface::pathWear_6
v -2.47664982020855 1.7746664744429292 0.063
v -1.8195616170955526 1.7746664744429292 0.06246259959600866
v -2.17855025186545 2.089380708322712 0.062488276174291965
v -2.800634452882699 2.116708484190199 0.060492712119594214
v -3.0316564168211393 1.7746664744429292 0.065039970908314
v -2.8479053133275727 1.3827189491914447 0.060811676329001786
v -2.11415567999485 1.3919686186313394 0.06233736515417695
usemtl fieldMat_4
f 2110 2111 2112
f 2110 2112 2113
f 2110 2113 2114
f 2110 2114 2115
f 2110 2115 2116
f 2110 2116 2111
o surface::pathWear_7
v 0.14774806469678836 11.284782575592397 0.063
v 0.5299240116406088 11.284782575592397 0.06024054151587188
v 0.3278152688969133 11.435321014817365 0.06431261670589447
v -0.035233663694274914 11.437757593564372 0.06088364234939218
v -0.18321179576589508 11.284782575592397 0.06341628654673695
v -0.08178221345666395 11.092892386695526 0.059429048992693426
v 0.33854564505329565 11.125273407432896 0.05983550813235342
usemtl fieldMat_4
f 2117 2118 2119
f 2117 2119 2120
f 2117 2120 2121
f 2117 2121 2122
f 2117 2122 2123
f 2117 2123 2118
o surface::pathWear_8
v 5.836759753227236 12.927501583434642 0.063
v 6.28731851239422 12.927501583434642 0.060786688754335044
v 6.060999821756724 13.198065273132231 0.06370949879102408
v 5.616652174922111 13.19307909109048 0.0610448924805969
v 5.479971788867686 12.927501583434642 0.06283483024127781
v 5.640780377030895 12.6910366934797 0.06682330836355686
v 6.055688875405162 12.663345977939345 0.06698241419903934
usemtl fieldMat_4
f 2124 2125 2126
f 2124 2126 2127
f 2124 2127 2128
f 2124 2128 2129
f 2124 2129 2130
f 2124 2130 2125
o surface::pathWear_9
v 8.342129668593406 3.8086537188850347 0.063
v 8.747401615757381 3.8086537188850347 0.06157110752165318
v 8.5102488754854 4.139460340846358 0.05921235815249384
v 8.138134860428504 4.210052432537262 0.06293990216962993
v 8.042644193839246 3.8086537188850347 0.06090166436508298
v 8.196855097232577 3.522798276802032 0.06539050290547312
v 8.51092276443688 3.476521091812594 0.0663897525202483
usemtl fieldMat_4
f 2131 2132 2133
f 2131 2133 2134
f 2131 2134 2135
f 2131 2135 2136
f 2131 2136 2137
f 2131 2137 2132
o surface::pathWear_10
v -6.49639137685299 11.953135432340206 0.063
v -5.96766066135002 11.953135432340206 0.06288118146546184
v -6.191005236571862 12.295474833893287 0.05952883964404464
v -6.814300291584534 12.309512927132205 0.06210922782123089
v -7.002234702879182 11.953135432340206 0.06044790784828365
v -6.774889646764711 11.640937468911416 0.0651659309323877
v -6.23983426333868 11.6655336157554 0.06623465937562287
usemtl fieldMat_4
f 2138 2139 2140
f 2138 2140 2141
f 2138 2141 2142
f 2138 2142 2143
f 2138 2143 2144
f 2138 2144 2139
o surface::pathWear_11
v -5.5706484147906306 11.171664351671934 0.063
v -4.983292162919788 11.171664351671934 0.06291223259270191
v -5.242786053118675 11.581248174050335 0.06461007808335126
v -5.892073822324247 11.573206774400157 0.06573675298504532
v -6.205555684924647 11.171664351671934 0.06426387954875827
v -5.874181879403296 10.792473535068819 0.062028610225766896
v -5.313639345898614 10.850594387172528 0.06122383491694927
usemtl fieldMat_4
f 2145 2146 2147
f 2145 2147 2148
f 2145 2148 2149
f 2145 2149 2150
f 2145 2150 2151
f 2145 2151 2146
o surface::pathWear_12
v 10.864153705239298 14.142239674665033 0.063
v 11.357533588065602 14.142239674665033 0.059663522014394406
v 11.077325470542512 14.308100325702219 0.06266978139057755
v 10.671942539722437 14.291791699080166 0.06509757757931947
v 10.456723622692147 14.142239674665033 0.06157484576106072
v 10.638498330709714 13.966666013320715 0.06000251987762749
v 11.034933357107453 14.009362676613879 0.06025245290622115
usemtl fieldMat_4
f 2152 2153 2154
f 2152 2154 2155
f 2152 2155 2156
f 2152 2156 2157
f 2152 2157 2158
f 2152 2158 2153
o surface::pathWear_13
v 7.553643746972083 -11.7391955778189 0.063
v 8.348324230196178 -11.7391955778189 0.05954181460663676
v 7.9180141326054905 -11.432032566232701 0.06655625838600099
v 7.184514292434779 -11.428020687126976 0.059828053280711176
v 6.7686903186467005 -11.7391955778189 0.06546909140981734
v 7.239206081774378 -12.004265473744617 0.06538827006705106
v 7.868809714921328 -12.004879430518631 0.05948827055096626
usemtl fieldMat_4
f 2159 2160 2161
f 2159 2161 2162
f 2159 2162 2163
f 2159 2163 2164
f 2159 2164 2165
f 2159 2165 2160
o surface::tuft_0
v 0.39761871241190594 -0.24121354701975892 0.04300401510241257
v 0.4101821687475174 -0.18770996250010533 0.04544382085585537
v 0.3566355939144754 -0.1752168786787222 0.047208423911614616
v 0.344072137578864 -0.2287204631983758 0.04476861815817182
v 0.40061247720098714 -0.24836937234915918 0.18451129355093251
v 0.41317593353659854 -0.1948657878295056 0.1869510993043753
v 0.3596293587035566 -0.18237270400812247 0.18871570236013457
v 0.34706590236794516 -0.23587628852777606 0.18627589660669175
usemtl fieldMat_7
f 2166 2168 2167
f 2166 2169 2168
f 2170 2171 2172
f 2170 2172 2173
f 2166 2167 2171
f 2166 2171 2170
f 2167 2168 2172
f 2167 2172 2171
f 2168 2169 2173
f 2168 2173 2172
f 2169 2166 2170
f 2169 2170 2173
o surface::flower_1
v 2.535712389615117 -1.2959153331185291 0.045000000000000005
v 2.515230249783265 -1.2448714113657047 0.045000000000000005
v 2.4641863280304404 -1.2653535511975562 0.045000000000000005
v 2.484668467862292 -1.3163974729503807 0.045000000000000005
v 2.535712389615117 -1.2959153331185291 0.125
v 2.515230249783265 -1.2448714113657047 0.125
v 2.4641863280304404 -1.2653535511975562 0.125
v 2.484668467862292 -1.3163974729503807 0.125
usemtl fieldMat_9
f 2174 2176 2175
f 2174 2177 2176
f 2178 2179 2180
f 2178 2180 2181
f 2174 2175 2179
f 2174 2179 2178
f 2175 2176 2180
f 2175 2180 2179
f 2176 2177 2181
f 2176 2181 2180
f 2177 2174 2178
f 2177 2178 2181
o surface::tuft_2
v 12.388192882818553 7.141453752222492 0.046687803552590196
v 12.400314564359837 7.191192005513724 0.051043438214568304
v 12.350814252364545 7.203749709424255 0.04540218462836068
v 12.33869257082326 7.154011456133022 0.04104654996638257
v 12.360735617560243 7.129397178034605 0.26077857070933963
v 12.372857299101527 7.179135431325838 0.2651342053713177
v 12.323356987106235 7.191693135236368 0.2594929517851101
v 12.311235305564951 7.141954881945136 0.255137317123132
usemtl fieldMat_7
f 2182 2184 2183
f 2182 2185 2184
f 2186 2187 2188
f 2186 2188 2189
f 2182 2183 2187
f 2182 2187 2186
f 2183 2184 2188
f 2183 2188 2187
f 2184 2185 2189
f 2184 2189 2188
f 2185 2182 2186
f 2185 2186 2189
o surface::tuft_3
v -11.626240492641836 8.816952996105458 0.046845841688985576
v -11.668811095441553 8.846487050997322 0.045060257438050214
v -11.698298815663385 8.80388068688109 0.043364077872642265
v -11.655728212863668 8.774346631989225 0.04514966212357763
v -11.634969138328508 8.815600203433934 0.23257230926673025
v -11.677539741128225 8.8451342583258 0.2307867250157949
v -11.707027461350057 8.802527894209566 0.22909054545038693
v -11.66445685855034 8.772993839317703 0.23087612970132232
usemtl fieldMat_7
f 2190 2192 2191
f 2190 2193 2192
f 2194 2195 2196
f 2194 2196 2197
f 2190 2191 2195
f 2190 2195 2194
f 2191 2192 2196
f 2191 2196 2195
f 2192 2193 2197
f 2192 2197 2196
f 2193 2190 2194
f 2193 2194 2197
o surface::tuft_4
v -9.461970562010729 4.978297748774635 0.048458730116009804
v -9.451842736256785 5.0367688654971765 0.04795544900490424
v -9.510053445607848 5.046802488274689 0.04225129543362603
v -9.520181271361794 4.988331371552146 0.042754576544731596
v -9.476162649482067 4.98205952567253 0.19990551682164476
v -9.46603482372812 5.040530642395073 0.19940223571053917
v -9.524245533079187 5.050564265172584 0.19369808213926099
v -9.53437335883313 4.992093148450042 0.19420136325036652
usemtl fieldMat_7
f 2198 2200 2199
f 2198 2201 2200
f 2202 2203 2204
f 2202 2204 2205
f 2198 2199 2203
f 2198 2203 2202
f 2199 2200 2204
f 2199 2204 2203
f 2200 2201 2205
f 2200 2205 2204
f 2201 2198 2202
f 2201 2202 2205
o surface::tuft_5
v -11.18345849727988 -5.347639665204857 0.04520809449281822
v -11.201893283734764 -5.316026454530569 0.042891295869482884
v -11.233557446101328 -5.334268524767725 0.045926372758396825
v -11.215122659646445 -5.365881735442014 0.04824317138173216
v -11.175126284467412 -5.327570074154171 0.25276245044515944
v -11.193561070922295 -5.295956863479883 0.2504456518218241
v -11.22522523328886 -5.31419893371704 0.25348072871073807
v -11.206790446833976 -5.345812144391328 0.2557975273340734
usemtl fieldMat_7
f 2206 2208 2207
f 2206 2209 2208
f 2210 2211 2212
f 2210 2212 2213
f 2206 2207 2211
f 2206 2211 2210
f 2207 2208 2212
f 2207 2212 2211
f 2208 2209 2213
f 2208 2213 2212
f 2209 2206 2210
f 2209 2210 2213
o surface::tuft_6
v -3.135379952584656 -9.665231815336249 0.048999657890381756
v -3.0844786383000455 -9.631341681917002 0.04195803661178431
v -3.1185818806159262 -9.580096920389348 0.04207050360388534
v -3.1694831949005366 -9.613987053808595 0.04911212488248279
v -3.119695100387657 -9.65514892936159 0.21090696545668466
v -3.0687937861030465 -9.621258795942344 0.20386534417808722
v -3.1028970284189272 -9.57001403441469 0.20397781117018826
v -3.1537983427035376 -9.603904167833937 0.21101943244878568
usemtl fieldMat_7
f 2214 2216 2215
f 2214 2217 2216
f 2218 2219 2220
f 2218 2220 2221
f 2214 2215 2219
f 2214 2219 2218
f 2215 2216 2220
f 2215 2220 2219
f 2216 2217 2221
f 2216 2221 2220
f 2217 2214 2218
f 2217 2218 2221
o surface::tuft_7
v -14.68166302652395 -11.16199662727803 0.0432693031380573
v -14.681350360127478 -11.122809838261798 0.04555318778471454
v -14.720575431684352 -11.122584508884813 0.047056953320771755
v -14.720888098080824 -11.161771297901046 0.04477306867411451
v -14.676571843171175 -11.169845723301059 0.17724674736566068
v -14.676259176774703 -11.130658934284826 0.17953063201231792
v -14.715484248331578 -11.130433604907841 0.18103439754837514
v -14.715796914728049 -11.169620393924074 0.1787505129017179
usemtl fieldMat_7
f 2222 2224 2223
f 2222 2225 2224
f 2226 2227 2228
f 2226 2228 2229
f 2222 2223 2227
f 2222 2227 2226
f 2223 2224 2228
f 2223 2228 2227
f 2224 2225 2229
f 2224 2229 2228
f 2225 2222 2226
f 2225 2226 2229
o surface::flower_8
v 13.41355275473167 3.584015095303365 0.045000000000000005
v 13.464887580764882 3.6037568185346247 0.045000000000000005
v 13.445145857533623 3.6550916445678387 0.045000000000000005
v 13.39381103150041 3.635349921336579 0.045000000000000005
v 13.41355275473167 3.584015095303365 0.125
v 13.464887580764882 3.6037568185346247 0.125
v 13.445145857533623 3.6550916445678387 0.125
v 13.39381103150041 3.635349921336579 0.125
usemtl fieldMat_8
f 2230 2232 2231
f 2230 2233 2232
f 2234 2235 2236
f 2234 2236 2237
f 2230 2231 2235
f 2230 2235 2234
f 2231 2232 2236
f 2231 2236 2235
f 2232 2233 2237
f 2232 2237 2236
f 2233 2230 2234
f 2233 2234 2237
o surface::tuft_9
v -13.988013517043008 8.960738818141417 0.045344205674631155
v -14.000632799826304 8.998063645037426 0.0499488038663774
v -14.038173306987945 8.985852084009137 0.04605272576289864
v -14.025554024204649 8.948527257113128 0.041448127571152404
v -13.994822947426377 8.943788008784717 0.16408548876100537
v -14.007442230209673 8.981112835680726 0.16869008695275162
v -14.044982737371313 8.968901274652437 0.16479400884927287
v -14.032363454588017 8.931576447756427 0.16018941065752662
usemtl fieldMat_7
f 2238 2240 2239
f 2238 2241 2240
f 2242 2243 2244
f 2242 2244 2245
f 2238 2239 2243
f 2238 2243 2242
f 2239 2240 2244
f 2239 2244 2243
f 2240 2241 2245
f 2240 2245 2244
f 2241 2238 2242
f 2241 2242 2245
o surface::flower_10
v -14.258032299369322 14.948005215720887 0.045000000000000005
v -14.308666318645384 14.969480692245318 0.045000000000000005
v -14.330141795169816 14.918846672969256 0.045000000000000005
v -14.279507775893753 14.897371196444825 0.045000000000000005
v -14.258032299369322 14.948005215720887 0.125
v -14.308666318645384 14.969480692245318 0.125
v -14.330141795169816 14.918846672969256 0.125
v -14.279507775893753 14.897371196444825 0.125
usemtl fieldMat_8
f 2246 2248 2247
f 2246 2249 2248
f 2250 2251 2252
f 2250 2252 2253
f 2246 2247 2251
f 2246 2251 2250
f 2247 2248 2252
f 2247 2252 2251
f 2248 2249 2253
f 2248 2253 2252
f 2249 2246 2250
f 2249 2250 2253
o surface::tuft_11
v 13.798990426467768 -12.202599907526505 0.042659469401900185
v 13.779368627410744 -12.13338380039142 0.045896043837231365
v 13.71012130297282 -12.153092038906557 0.047555348530353744
v 13.729743102029843 -12.222308146041643 0.044318774095022564
v 13.804788441010484 -12.208817516830372 0.21077739743335383
v 13.78516664195346 -12.139601409695286 0.21401397186868504
v 13.715919317515535 -12.159309648210424 0.2156732765618074
v 13.73554111657256 -12.22852575534551 0.21243670212647622
usemtl fieldMat_7
f 2254 2256 2255
f 2254 2257 2256
f 2258 2259 2260
f 2258 2260 2261
f 2254 2255 2259
f 2254 2259 2258
f 2255 2256 2260
f 2255 2260 2259
f 2256 2257 2261
f 2256 2261 2260
f 2257 2254 2258
f 2257 2258 2261
o surface::tuft_12
v 6.651425713638589 9.492306937316913 0.04745470116278826
v 6.652965378130806 9.52963619692191 0.04624803311500812
v 6.615742291567018 9.531070891174004 0.04313616611092547
v 6.6142026270748016 9.493741631569007 0.0443428341587056
v 6.6393106664893144 9.497569466696604 0.19479697794158748
v 6.6408503309815305 9.5348987263016 0.19359030989380735
v 6.603627244417743 9.536333420553694 0.1904784428897247
v 6.602087579925526 9.499004160948697 0.19168511093750484
usemtl fieldMat_7
f 2262 2264 2263
f 2262 2265 2264
f 2266 2267 2268
f 2266 2268 2269
f 2262 2263 2267
f 2262 2267 2266
f 2263 2264 2268
f 2263 2268 2267
f 2264 2265 2269
f 2264 2269 2268
f 2265 2262 2266
f 2265 2266 2269
o surface::tuft_13
v -13.321209120088245 -11.690457065648525 0.04799045849895969
v -13.317354839068415 -11.623916062144497 0.044063521516533005
v -13.383996126820836 -11.620154164156508 0.042399684447125496
v -13.387850407840666 -11.686695167660535 0.046326621429552184
v -13.325320611967204 -11.678967378118445 0.23864503137275483
v -13.321466330947374 -11.612426374614419 0.23471809439032815
v -13.388107618699795 -11.608664476626428 0.23305425732092064
v -13.391961899719625 -11.675205480130456 0.23698119430334733
usemtl fieldMat_7
f 2270 2272 2271
f 2270 2273 2272
f 2274 2275 2276
f 2274 2276 2277
f 2270 2271 2275
f 2270 2275 2274
f 2271 2272 2276
f 2271 2276 2275
f 2272 2273 2277
f 2272 2277 2276
f 2273 2270 2274
f 2273 2274 2277
o surface::tuft_14
v -4.779445854556326 -6.732904250243702 0.04729869772899693
v -4.73787136272547 -6.691469917189959 0.05051499799127847
v -4.77888811721571 -6.649828421676199 0.04425411814541348
v -4.820462609046566 -6.691262754729942 0.04103781788313195
v -4.804014237251949 -6.724886238130141 0.2615812538126784
v -4.762439745421093 -6.6834519050763985 0.2647975540749599
v -4.803456499911333 -6.6418104095626385 0.25853667422909493
v -4.845030991742189 -6.683244742616381 0.2553203739668134
usemtl fieldMat_7
f 2278 2280 2279
f 2278 2281 2280
f 2282 2283 2284
f 2282 2284 2285
f 2278 2279 2283
f 2278 2283 2282
f 2279 2280 2284
f 2279 2284 2283
f 2280 2281 2285
f 2280 2285 2284
f 2281 2278 2282
f 2281 2282 2285
o surface::tuft_15
v 12.581636641136397 9.260058383841573 0.04583818834013806
v 12.573261477588645 9.306772249057012 0.04988162022523357
v 12.526494804514417 9.29874590736414 0.04574229204002438
v 12.53486996806217 9.2520320421487 0.041698860154928866
v 12.566502366097797 9.239012295300416 0.2576365168727967
v 12.558127202550045 9.285726160515855 0.26167994875789224
v 12.511360529475818 9.277699818822983 0.257540620572683
v 12.51973569302357 9.230985953607544 0.2534971886875875
usemtl fieldMat_7
f 2286 2288 2287
f 2286 2289 2288
f 2290 2291 2292
f 2290 2292 2293
f 2286 2287 2291
f 2286 2291 2290
f 2287 2288 2292
f 2287 2292 2291
f 2288 2289 2293
f 2288 2293 2292
f 2289 2286 2290
f 2289 2290 2293
o surface::tuft_16
v 5.504631964739225 -8.199037808916495 0.048012963908548395
v 5.540197282367428 -8.165402772122084 0.04221122759334617
v 5.506393519972146 -8.129533015236076 0.04294187887095027
v 5.470828202343944 -8.163168052030487 0.0487436151861525
v 5.5175810606249875 -8.1895695783684 0.18228362853649893
v 5.55314637825319 -8.15593454157399 0.1764818922212967
v 5.519342615857909 -8.120064784687981 0.1772125434989008
v 5.483777298229706 -8.153699821482393 0.18301427981410304
usemtl fieldMat_7
f 2294 2296 2295
f 2294 2297 2296
f 2298 2299 2300
f 2298 2300 2301
f 2294 2295 2299
f 2294 2299 2298
f 2295 2296 2300
f 2295 2300 2299
f 2296 2297 2301
f 2296 2301 2300
f 2297 2294 2298
f 2297 2298 2301
o surface::tuft_17
v 0.7862582627442276 -8.725513591298023 0.048558635327660866
v 0.8337322875781796 -8.671693181595336 0.04814350432056488
v 0.7800979133800954 -8.624432251443695 0.041791319355154184
v 0.7326238885461434 -8.678252661146384 0.042206450362250174
v 0.7807031711457892 -8.719931412553807 0.13699479143436089
v 0.8281771959797413 -8.666111002851117 0.13657966042726488
v 0.774542821781657 -8.618850072699479 0.1302274754618542
v 0.727068796947705 -8.672670482402166 0.13064260646895018
usemtl fieldMat_7
f 2302 2304 2303
f 2302 2305 2304
f 2306 2307 2308
f 2306 2308 2309
f 2302 2303 2307
f 2302 2307 2306
f 2303 2304 2308
f 2303 2308 2307
f 2304 2305 2309
f 2304 2309 2308
f 2305 2302 2306
f 2305 2306 2309
o surface::tuft_18
v -7.86773030095551 7.665102882077801 0.04586365632298216
v -7.918170789980836 7.68181373700321 0.04419642075740836
v -7.934890300491686 7.631348570429453 0.04421094121943035
v -7.88444981146636 7.614637715504045 0.04587817678500415
v -7.8722317795363725 7.666637870117355 0.19743656456404557
v -7.922672268561699 7.683348725042763 0.19576932899847177
v -7.939391779072548 7.632883558469007 0.19578384946049376
v -7.888951290047222 7.616172703543598 0.19745108502606756
usemtl fieldMat_7
f 2310 2312 2311
f 2310 2313 2312
f 2314 2315 2316
f 2314 2316 2317
f 2310 2311 2315
f 2310 2315 2314
f 2311 2312 2316
f 2311 2316 2315
f 2312 2313 2317
f 2312 2317 2316
f 2313 2310 2314
f 2313 2314 2317
o surface::tuft_19
v -4.5071498143007265 7.122950548388826 0.05175261159708901
v -4.444353238129575 7.135666866228586 0.044120740965724006
v -4.457660586095776 7.1986380483970756 0.039548556152706776
v -4.520457162266928 7.1859217305573155 0.04718042678407178
v -4.493326779932354 7.135668612828777 0.18668233329898326
v -4.430530203761202 7.148384930668537 0.17905046266761826
v -4.443837551727404 7.211356112837026 0.17447827785460102
v -4.506634127898555 7.198639794997266 0.18211014848596602
usemtl fieldMat_7
f 2318 2320 2319
f 2318 2321 2320
f 2322 2323 2324
f 2322 2324 2325
f 2318 2319 2323
f 2318 2323 2322
f 2319 2320 2324
f 2319 2324 2323
f 2320 2321 2325
f 2320 2325 2324
f 2321 2318 2322
f 2321 2322 2325
o surface::tuft_20
v -15.22913223887165 0.20718329309425793 0.04012518018138429
v -15.170816972799157 0.2471654275834741 0.046067514623364995
v -15.21117077317801 0.30535337929964423 0.05057148443899735
v -15.269486039250502 0.26537124481042806 0.04462914999701664
v -15.233273230895731 0.19462625723913096 0.16525111432288153
v -15.174957964823239 0.23460839172834713 0.17119344876486225
v -15.215311765202092 0.29279634344451727 0.1756974185804946
v -15.273627031274584 0.2528142089553011 0.1697550841385139
usemtl fieldMat_7
f 2326 2328 2327
f 2326 2329 2328
f 2330 2331 2332
f 2330 2332 2333
f 2326 2327 2331
f 2326 2331 2330
f 2327 2328 2332
f 2327 2332 2331
f 2328 2329 2333
f 2328 2333 2332
f 2329 2326 2330
f 2329 2330 2333
o surface::tuft_21
v 4.179569320747338 -9.195043616570105 0.04864538149809207
v 4.158284642194981 -9.157716704624338 0.046639654746439455
v 4.121232450388488 -9.179089254084895 0.04208904509745848
v 4.142517128940845 -9.216416166030662 0.04409477184911109
v 4.166977095037582 -9.196377951800903 0.15744128933794488
v 4.145692416485225 -9.159051039855136 0.15543556258629226
v 4.108640224678733 -9.180423589315692 0.1508849529373113
v 4.12992490323109 -9.21775050126146 0.15289067968896392
usemtl fieldMat_7
f 2334 2336 2335
f 2334 2337 2336
f 2338 2339 2340
f 2338 2340 2341
f 2334 2335 2339
f 2334 2339 2338
f 2335 2336 2340
f 2335 2340 2339
f 2336 2337 2341
f 2336 2341 2340
f 2337 2334 2338
f 2337 2338 2341
o surface::tuft_22
v -9.428168477440249 9.995321927616756 0.04380273532811113
v -9.39812164118461 10.022684719693236 0.04378843575220065
v -9.425416638752871 10.052658597328563 0.0466318018775705
v -9.455463475008509 10.025295805252082 0.046646101453480984
v -9.41976948719988 9.986191506083262 0.2206792028020796
v -9.389722650944242 10.013554298159743 0.2206649032261691
v -9.417017648512502 10.04352817579507 0.22350826935153895
v -9.447064484768141 10.016165383718588 0.22352256892744943
usemtl fieldMat_7
f 2342 2344 2343
f 2342 2345 2344
f 2346 2347 2348
f 2346 2348 2349
f 2342 2343 2347
f 2342 2347 2346
f 2343 2344 2348
f 2343 2348 2347
f 2344 2345 2349
f 2344 2349 2348
f 2345 2342 2346
f 2345 2346 2349
o surface::flower_23
v 7.146442481580754 -6.074760103574347 0.045000000000000005
v 7.177451675827008 -6.029335111860554 0.045000000000000005
v 7.132026684113216 -5.9983259176143005 0.045000000000000005
v 7.101017489866962 -6.043750909328093 0.045000000000000005
v 7.146442481580754 -6.074760103574347 0.125
v 7.177451675827008 -6.029335111860554 0.125
v 7.132026684113216 -5.9983259176143005 0.125
v 7.101017489866962 -6.043750909328093 0.125
usemtl fieldMat_9
f 2350 2352 2351
f 2350 2353 2352
f 2354 2355 2356
f 2354 2356 2357
f 2350 2351 2355
f 2350 2355 2354
f 2351 2352 2356
f 2351 2356 2355
f 2352 2353 2357
f 2352 2357 2356
f 2353 2350 2354
f 2353 2354 2357
o surface::flower_24
v 8.577362049662863 -12.790177108904995 0.045000000000000005
v 8.548751298150696 -12.743204511596469 0.045000000000000005
v 8.50177870084217 -12.771815263108635 0.045000000000000005
v 8.530389452354337 -12.818787860417162 0.045000000000000005
v 8.577362049662863 -12.790177108904995 0.125
v 8.548751298150696 -12.743204511596469 0.125
v 8.50177870084217 -12.771815263108635 0.125
v 8.530389452354337 -12.818787860417162 0.125
usemtl fieldMat_9
f 2358 2360 2359
f 2358 2361 2360
f 2362 2363 2364
f 2362 2364 2365
f 2358 2359 2363
f 2358 2363 2362
f 2359 2360 2364
f 2359 2364 2363
f 2360 2361 2365
f 2360 2365 2364
f 2361 2358 2362
f 2361 2362 2365
o surface::flower_25
v 10.496427381633142 13.30617866268424 0.045000000000000005
v 10.469234038618898 13.353985797044183 0.045000000000000005
v 10.421426904258956 13.32679245402994 0.045000000000000005
v 10.4486202472732 13.278985319669998 0.045000000000000005
v 10.496427381633142 13.30617866268424 0.125
v 10.469234038618898 13.353985797044183 0.125
v 10.421426904258956 13.32679245402994 0.125
v 10.4486202472732 13.278985319669998 0.125
usemtl fieldMat_9
f 2366 2368 2367
f 2366 2369 2368
f 2370 2371 2372
f 2370 2372 2373
f 2366 2367 2371
f 2366 2371 2370
f 2367 2368 2372
f 2367 2372 2371
f 2368 2369 2373
f 2368 2373 2372
f 2369 2366 2370
f 2369 2370 2373
o surface::tuft_26
v -5.921706215108611 3.0673634389718534 0.04364884954514267
v -5.869339497935338 3.0856460082616306 0.04608329488792634
v -5.887658014703324 3.1380547317936416 0.04654108592584126
v -5.940024731876598 3.119772162503864 0.04410664058305759
v -5.929082950860482 3.0631206458174307 0.23419105908092713
v -5.876716233687208 3.0814032151072084 0.23662550442371083
v -5.895034750455195 3.133811938639219 0.23708329546162574
v -5.947401467628468 3.1155293693494417 0.23464885011884207
usemtl fieldMat_7
f 2374 2376 2375
f 2374 2377 2376
f 2378 2379 2380
f 2378 2380 2381
f 2374 2375 2379
f 2374 2379 2378
f 2375 2376 2380
f 2375 2380 2379
f 2376 2377 2381
f 2376 2381 2380
f 2377 2374 2378
f 2377 2378 2381
o surface::tuft_27
v -5.603569984644222 0.4703017991813543 0.046008167485005275
v -5.634264436131416 0.5025057817048882 0.04921238007657083
v -5.666617449706925 0.47208124034099175 0.04507201581877164
v -5.635922998219731 0.43987725781745773 0.04186780322720608
v -5.606385802609344 0.45217725981034373 0.20119523669909245
v -5.637080254096538 0.48438124233387775 0.204399449290658
v -5.669433267672046 0.4539567009699812 0.20025908503285883
v -5.638738816184852 0.42175271844644724 0.19705487244129327
usemtl fieldMat_7
f 2382 2384 2383
f 2382 2385 2384
f 2386 2387 2388
f 2386 2388 2389
f 2382 2383 2387
f 2382 2387 2386
f 2383 2384 2388
f 2383 2388 2387
f 2384 2385 2389
f 2384 2389 2388
f 2385 2382 2386
f 2385 2386 2389
o surface::flower_28
v 14.943936453704527 4.772773316264693 0.045000000000000005
v 14.910512374719064 4.81645204042158 0.045000000000000005
v 14.866833650562175 4.783027961436116 0.045000000000000005
v 14.900257729547638 4.739349237279229 0.045000000000000005
v 14.943936453704527 4.772773316264693 0.125
v 14.910512374719064 4.81645204042158 0.125
v 14.866833650562175 4.783027961436116 0.125
v 14.900257729547638 4.739349237279229 0.125
usemtl fieldMat_9
f 2390 2392 2391
f 2390 2393 2392
f 2394 2395 2396
f 2394 2396 2397
f 2390 2391 2395
f 2390 2395 2394
f 2391 2392 2396
f 2391 2396 2395
f 2392 2393 2397
f 2392 2397 2396
f 2393 2390 2394
f 2393 2394 2397
o surface::flower_29
v -4.029014360678291 0.10783876255369794 0.045000000000000005
v -4.074394328987514 0.13891380843063666 0.045000000000000005
v -4.1054693748644535 0.09353384012141287 0.045000000000000005
v -4.06008940655523 0.06245879424447416 0.045000000000000005
v -4.029014360678291 0.10783876255369794 0.125
v -4.074394328987514 0.13891380843063666 0.125
v -4.1054693748644535 0.09353384012141287 0.125
v -4.06008940655523 0.06245879424447416 0.125
usemtl fieldMat_9
f 2398 2400 2399
f 2398 2401 2400
f 2402 2403 2404
f 2402 2404 2405
f 2398 2399 2403
f 2398 2403 2402
f 2399 2400 2404
f 2399 2404 2403
f 2400 2401 2405
f 2400 2405 2404
f 2401 2398 2402
f 2401 2402 2405
o surface::tuft_30
v -10.67995194864329 15.200345527787478 0.04890234843233797
v -10.718645515727196 15.256766441994026 0.04728685324655439
v -10.774829531146567 15.218079117042915 0.04183077244090207
v -10.73613596406266 15.161658202836367 0.043446267626685645
v -10.696693301608432 15.194904997656149 0.2598735622456082
v -10.73538686869234 15.251325911862697 0.2582580670598246
v -10.79157088411171 15.212638586911586 0.2528019862541723
v -10.752877317027803 15.156217672705038 0.25441748143995585
usemtl fieldMat_7
f 2406 2408 2407
f 2406 2409 2408
f 2410 2411 2412
f 2410 2412 2413
f 2406 2407 2411
f 2406 2411 2410
f 2407 2408 2412
f 2407 2412 2411
f 2408 2409 2413
f 2408 2413 2412
f 2409 2406 2410
f 2409 2410 2413
o surface::tuft_31
v 10.881876164074525 -2.8730005801047898 0.045818335671469416
v 10.944935911818845 -2.8704641823850396 0.05272929195610374
v 10.943222041726454 -2.8074429751639984 0.045238196879471046
v 10.880162293982133 -2.8099793728837485 0.03832724059483672
v 10.872690005488355 -2.863693063400148 0.12622244418427875
v 10.935749753232676 -2.8611566656803977 0.1331334004689131
v 10.934035883140284 -2.7981354584593565 0.12564230539228038
v 10.870976135395964 -2.8006718561791066 0.11873134910764607
usemtl fieldMat_7
f 2414 2416 2415
f 2414 2417 2416
f 2418 2419 2420
f 2418 2420 2421
f 2414 2415 2419
f 2414 2419 2418
f 2415 2416 2420
f 2415 2420 2419
f 2416 2417 2421
f 2416 2421 2420
f 2417 2414 2418
f 2417 2418 2421
o surface::tuft_32
v 15.059494886324668 6.656833325540176 0.04994219225737206
v 15.125757038874445 6.66200217140204 0.0458880818980883
v 15.120271087855494 6.728148315877672 0.04055727039275497
v 15.054008935305719 6.722979470015807 0.04461138075203872
v 15.064839895676426 6.665174220937285 0.14793770606817871
v 15.131102048226202 6.670343066799149 0.14388359570889497
v 15.125616097207253 6.7364892112747805 0.13855278420356162
v 15.059353944657476 6.731320365412916 0.1426068945628454
usemtl fieldMat_7
f 2422 2424 2423
f 2422 2425 2424
f 2426 2427 2428
f 2426 2428 2429
f 2422 2423 2427
f 2422 2427 2426
f 2423 2424 2428
f 2423 2428 2427
f 2424 2425 2429
f 2424 2429 2428
f 2425 2422 2426
f 2425 2426 2429
o surface::tuft_33
v 7.164241790441243 -3.820887108865476 0.04679056346239785
v 7.121065334078698 -3.803158673528672 0.046291978864155675
v 7.1033945647479575 -3.846272638035755 0.04352027075157287
v 7.146571021110502 -3.8640010733725587 0.04401885534981505
v 7.158710180554395 -3.829569134054891 0.2171058741046416
v 7.115533724191851 -3.811840698718087 0.21660728950639946
v 7.097862954861109 -3.8549546632251697 0.21383558139381664
v 7.141039411223654 -3.8726830985619736 0.21433416599205882
usemtl fieldMat_7
f 2430 2432 2431
f 2430 2433 2432
f 2434 2435 2436
f 2434 2436 2437
f 2430 2431 2435
f 2430 2435 2434
f 2431 2432 2436
f 2431 2436 2435
f 2432 2433 2437
f 2432 2437 2436
f 2433 2430 2434
f 2433 2434 2437
o surface::tuft_34
v 4.170759115163816 8.710627841041829 0.041810442474322376
v 4.110331364851756 8.73468094078235 0.04379470443888185
v 4.086480878878474 8.67434848784918 0.04880981683574992
v 4.146908629190533 8.650295388108658 0.046825554871190445
v 4.1809912413097 8.721514819697646 0.22144336735520137
v 4.1205634909976405 8.745567919438168 0.22342762931976085
v 4.096713005024358 8.685235466504997 0.22844274171662893
v 4.1571407553364175 8.661182366764475 0.22645847975206945
usemtl fieldMat_7
f 2438 2440 2439
f 2438 2441 2440
f 2442 2443 2444
f 2442 2444 2445
f 2438 2439 2443
f 2438 2443 2442
f 2439 2440 2444
f 2439 2444 2443
f 2440 2441 2445
f 2440 2445 2444
f 2441 2438 2442
f 2441 2442 2445
o surface::tuft_35
v 2.0302391954449686 -12.046863319842387 0.04513875812121161
v 2.005592966522707 -11.99018980918645 0.04554213688256882
v 1.9489198088628656 -12.014831141570527 0.044875755773405177
v 1.9735660377851274 -12.071504652226464 0.04447237701204797
v 2.0289080569537843 -12.048742585999948 0.22783818031427017
v 2.0042618280315225 -11.992069075344011 0.22824155907562738
v 1.9475886703716814 -12.016710407728088 0.22757517796646376
v 1.9722348992939434 -12.073383918384025 0.22717179920510655
usemtl fieldMat_7
f 2446 2448 2447
f 2446 2449 2448
f 2450 2451 2452
f 2450 2452 2453
f 2446 2447 2451
f 2446 2451 2450
f 2447 2448 2452
f 2447 2452 2451
f 2448 2449 2453
f 2448 2453 2452
f 2449 2446 2450
f 2449 2450 2453
o surface::tuft_36
v 7.831165378241856 -13.506623318289748 0.04283298045648218
v 7.888701178522218 -13.496346016147475 0.04256069114354974
v 7.878488097789544 -13.439032335139782 0.04774724549025927
v 7.820952297509183 -13.449309637282054 0.04801953480319171
v 7.834124033355307 -13.519316338442298 0.18892239568877336
v 7.891659833635669 -13.509039036300026 0.18865010637584093
v 7.8814467529029955 -13.451725355292332 0.19383666072255046
v 7.823910952622634 -13.462002657434605 0.1941089500354829
usemtl fieldMat_7
f 2454 2456 2455
f 2454 2457 2456
f 2458 2459 2460
f 2458 2460 2461
f 2454 2455 2459
f 2454 2459 2458
f 2455 2456 2460
f 2455 2460 2459
f 2456 2457 2461
f 2456 2461 2460
f 2457 2454 2458
f 2457 2458 2461
o surface::tuft_37
v -9.458288844866313 -4.47785358301374 0.04548888296396211
v -9.42868167035866 -4.451691821543148 0.04346052914687214
v -9.454817430328374 -4.422018135418117 0.04469793261252304
v -9.484424604836027 -4.4481798968887105 0.04672628642961302
v -9.452168341979588 -4.476770704812438 0.1487947246177126
v -9.422561167471935 -4.4506089433418445 0.1467663708006226
v -9.448696927441649 -4.420935257216815 0.1480037742662735
v -9.478304101949302 -4.4470970186874075 0.15003212808336347
usemtl fieldMat_7
f 2462 2464 2463
f 2462 2465 2464
f 2466 2467 2468
f 2466 2468 2469
f 2462 2463 2467
f 2462 2467 2466
f 2463 2464 2468
f 2463 2468 2467
f 2464 2465 2469
f 2464 2469 2468
f 2465 2462 2466
f 2465 2466 2469
o surface::tuft_38
v -5.402044079480067 15.209744437447986 0.046078802106536004
v -5.453606673029138 15.233265097994682 0.04609754391015078
v -5.477112599023213 15.181736437245316 0.044050242795828795
v -5.425550005474142 15.158215776698622 0.04403150099221402
v -5.4049485170947715 15.20321983041703 0.24364415046550703
v -5.456511110643842 15.226740490963724 0.2436628922691218
v -5.480017036637918 15.17521183021436 0.24161559115479983
v -5.428454443088847 15.151691169667664 0.24159684935118506
usemtl fieldMat_7
f 2470 2472 2471
f 2470 2473 2472
f 2474 2475 2476
f 2474 2476 2477
f 2470 2471 2475
f 2470 2475 2474
f 2471 2472 2476
f 2471 2476 2475
f 2472 2473 2477
f 2472 2477 2476
f 2473 2470 2474
f 2473 2474 2477
o surface::flower_39
v -8.837327336787594 9.514213202242896 0.045000000000000005
v -8.793214530498876 9.547062255826434 0.045000000000000005
v -8.826063584082414 9.591175062115152 0.045000000000000005
v -8.870176390371132 9.558326008531614 0.045000000000000005
v -8.837327336787594 9.514213202242896 0.125
v -8.793214530498876 9.547062255826434 0.125
v -8.826063584082414 9.591175062115152 0.125
v -8.870176390371132 9.558326008531614 0.125
usemtl fieldMat_9
f 2478 2480 2479
f 2478 2481 2480
f 2482 2483 2484
f 2482 2484 2485
f 2478 2479 2483
f 2478 2483 2482
f 2479 2480 2484
f 2479 2484 2483
f 2480 2481 2485
f 2480 2485 2484
f 2481 2478 2482
f 2481 2482 2485
o surface::flower_40
v -11.089341297246554 -14.733940509124775 0.045000000000000005
v -11.103327590576258 -14.680748558616305 0.045000000000000005
v -11.156519541084728 -14.69473485194601 0.045000000000000005
v -11.142533247755024 -14.74792680245448 0.045000000000000005
v -11.089341297246554 -14.733940509124775 0.125
v -11.103327590576258 -14.680748558616305 0.125
v -11.156519541084728 -14.69473485194601 0.125
v -11.142533247755024 -14.74792680245448 0.125
usemtl fieldMat_8
f 2486 2488 2487
f 2486 2489 2488
f 2490 2491 2492
f 2490 2492 2493
f 2486 2487 2491
f 2486 2491 2490
f 2487 2488 2492
f 2487 2492 2491
f 2488 2489 2493
f 2488 2493 2492
f 2489 2486 2490
f 2489 2490 2493
o surface::flower_41
v 7.414720993003334 3.089949681124595 0.045000000000000005
v 7.407137534041946 3.144424364695782 0.045000000000000005
v 7.352662850470759 3.1368409057343944 0.045000000000000005
v 7.360246309432147 3.0823662221632073 0.045000000000000005
v 7.414720993003334 3.089949681124595 0.125
v 7.407137534041946 3.144424364695782 0.125
v 7.352662850470759 3.1368409057343944 0.125
v 7.360246309432147 3.0823662221632073 0.125
usemtl fieldMat_9
f 2494 2496 2495
f 2494 2497 2496
f 2498 2499 2500
f 2498 2500 2501
f 2494 2495 2499
f 2494 2499 2498
f 2495 2496 2500
f 2495 2500 2499
f 2496 2497 2501
f 2496 2501 2500
f 2497 2494 2498
f 2497 2498 2501
o surface::flower_42
v -12.471597969675871 7.7577436393749135 0.045000000000000005
v -12.46441703850107 7.812272844645692 0.045000000000000005
v -12.518946243771849 7.819453775820493 0.045000000000000005
v -12.52612717494665 7.764924570549715 0.045000000000000005
v -12.471597969675871 7.7577436393749135 0.125
v -12.46441703850107 7.812272844645692 0.125
v -12.518946243771849 7.819453775820493 0.125
v -12.52612717494665 7.764924570549715 0.125
usemtl fieldMat_8
f 2502 2504 2503
f 2502 2505 2504
f 2506 2507 2508
f 2506 2508 2509
f 2502 2503 2507
f 2502 2507 2506
f 2503 2504 2508
f 2503 2508 2507
f 2504 2505 2509
f 2504 2509 2508
f 2505 2502 2506
f 2505 2506 2509
o surface::tuft_43
v 12.172455665135283 -3.9617218849999634 0.043611915138742165
v 12.151854834992916 -3.8932165066187823 0.04520349076644999
v 12.083350489194936 -3.9138455774096124 0.04643240401805234
v 12.103951319337304 -3.982350955790793 0.04484082839034451
v 12.175020474382249 -3.9635566877740174 0.1557844407967772
v 12.154419644239882 -3.8950513093928367 0.15737601642448504
v 12.085915298441902 -3.9156803801836664 0.1586049296760874
v 12.10651612858427 -3.9841857585648475 0.15701335404837954
usemtl fieldMat_7
f 2510 2512 2511
f 2510 2513 2512
f 2514 2515 2516
f 2514 2516 2517
f 2510 2511 2515
f 2510 2515 2514
f 2511 2512 2516
f 2511 2516 2515
f 2512 2513 2517
f 2512 2517 2516
f 2513 2510 2514
f 2513 2514 2517
o surface::tuft_44
v 14.11695250816547 7.06652045850486 0.05033402660730215
v 14.159955565381543 7.126496908224953 0.04161925557987308
v 14.099481476788881 7.169665634288317 0.04030381498089897
v 14.056478419572809 7.109689184568224 0.04901858600832804
v 14.121817938851656 7.076070743584208 0.14006909647793603
v 14.164820996067728 7.136047193304301 0.13135432545050696
v 14.104346907475067 7.179215919367665 0.13003888485153284
v 14.061343850258995 7.119239469647572 0.1387536558789619
usemtl fieldMat_7
f 2518 2520 2519
f 2518 2521 2520
f 2522 2523 2524
f 2522 2524 2525
f 2518 2519 2523
f 2518 2523 2522
f 2519 2520 2524
f 2519 2524 2523
f 2520 2521 2525
f 2520 2525 2524
f 2521 2518 2522
f 2521 2522 2525
o surface::flower_45
v -1.077075803443679 -14.95869083657865 0.045000000000000005
v -1.0408498189691013 -14.917306321976596 0.045000000000000005
v -1.0822343335711557 -14.88108033750202 0.045000000000000005
v -1.1184603180457333 -14.922464852104074 0.045000000000000005
v -1.077075803443679 -14.95869083657865 0.125
v -1.0408498189691013 -14.917306321976596 0.125
v -1.0822343335711557 -14.88108033750202 0.125
v -1.1184603180457333 -14.922464852104074 0.125
usemtl fieldMat_9
f 2526 2528 2527
f 2526 2529 2528
f 2530 2531 2532
f 2530 2532 2533
f 2526 2527 2531
f 2526 2531 2530
f 2527 2528 2532
f 2527 2532 2531
f 2528 2529 2533
f 2528 2533 2532
f 2529 2526 2530
f 2529 2530 2533
o inn::foundation
v -4.1499999999999995 6.6 0
v 4.1499999999999995 6.6 0
v 4.1499999999999995 12.4 0
v -4.1499999999999995 12.4 0
v -4.1499999999999995 6.6 0.28
v 4.1499999999999995 6.6 0.28
v 4.1499999999999995 12.4 0.28
v -4.1499999999999995 12.4 0.28
usemtl fieldMat_17
f 2534 2536 2535
f 2534 2537 2536
f 2538 2539 2540
f 2538 2540 2541
f 2534 2535 2539
f 2534 2539 2538
f 2535 2536 2540
f 2535 2540 2539
f 2536 2537 2541
f 2536 2541 2540
f 2537 2534 2538
f 2537 2538 2541
o inn::plinth
v -4.109999999999999 6.640000000000001 0.28
v 4.109999999999999 6.640000000000001 0.28
v 4.109999999999999 12.36 0.28
v -4.109999999999999 12.36 0.28
v -4.109999999999999 6.640000000000001 0.38
v 4.109999999999999 6.640000000000001 0.38
v 4.109999999999999 12.36 0.38
v -4.109999999999999 12.36 0.38
usemtl fieldMat_18
f 2542 2544 2543
f 2542 2545 2544
f 2546 2547 2548
f 2546 2548 2549
f 2542 2543 2547
f 2542 2547 2546
f 2543 2544 2548
f 2543 2548 2547
f 2544 2545 2549
f 2544 2549 2548
f 2545 2542 2546
f 2545 2546 2549
o inn::walls
v -4.1 6.65 0.28000000000000025
v 4.1 6.65 0.28000000000000025
v 4.1 12.35 0.28000000000000025
v -4.1 12.35 0.28000000000000025
v -4.1 6.65 5.180000000000001
v 4.1 6.65 5.180000000000001
v 4.1 12.35 5.180000000000001
v -4.1 12.35 5.180000000000001
usemtl fieldMat_11
f 2550 2552 2551
f 2550 2553 2552
f 2554 2555 2556
f 2554 2556 2557
f 2550 2551 2555
f 2550 2555 2554
f 2551 2552 2556
f 2551 2556 2555
f 2552 2553 2557
f 2552 2557 2556
f 2553 2550 2554
f 2553 2554 2557
o inn::rightWallTone
v 4.101 6.71 0.33000000000000007
v 4.130999999999999 6.71 0.33000000000000007
v 4.130999999999999 12.29 0.33000000000000007
v 4.101 12.29 0.33000000000000007
v 4.101 6.71 5.130000000000001
v 4.130999999999999 6.71 5.130000000000001
v 4.130999999999999 12.29 5.130000000000001
v 4.101 12.29 5.130000000000001
usemtl fieldMat_12
f 2558 2560 2559
f 2558 2561 2560
f 2562 2563 2564
f 2562 2564 2565
f 2558 2559 2563
f 2558 2563 2562
f 2559 2560 2564
f 2559 2564 2563
f 2560 2561 2565
f 2560 2565 2564
f 2561 2558 2562
f 2561 2562 2565
o inn::leftWallTone
v -4.130999999999999 6.71 0.33000000000000007
v -4.101 6.71 0.33000000000000007
v -4.101 12.29 0.33000000000000007
v -4.130999999999999 12.29 0.33000000000000007
v -4.130999999999999 6.71 5.130000000000001
v -4.101 6.71 5.130000000000001
v -4.101 12.29 5.130000000000001
v -4.130999999999999 12.29 5.130000000000001
usemtl fieldMat_12
f 2566 2568 2567
f 2566 2569 2568
f 2570 2571 2572
f 2570 2572 2573
f 2566 2567 2571
f 2566 2571 2570
f 2567 2568 2572
f 2567 2572 2571
f 2568 2569 2573
f 2568 2573 2572
f 2569 2566 2570
f 2569 2570 2573
o inn::frontPost_-3.76
v -3.8299999999999996 6.5595 0.31000000000000005
v -3.69 6.5595 0.31000000000000005
v -3.69 6.644500000000001 0.31000000000000005
v -3.8299999999999996 6.644500000000001 0.31000000000000005
v -3.8299999999999996 6.5595 5.15
v -3.69 6.5595 5.15
v -3.69 6.644500000000001 5.15
v -3.8299999999999996 6.644500000000001 5.15
usemtl fieldMat_13
f 2574 2576 2575
f 2574 2577 2576
f 2578 2579 2580
f 2578 2580 2581
f 2574 2575 2579
f 2574 2579 2578
f 2575 2576 2580
f 2575 2580 2579
f 2576 2577 2581
f 2576 2581 2580
f 2577 2574 2578
f 2577 2578 2581
o inn::backPost_-3.76
v -3.8299999999999996 12.3555 0.31000000000000005
v -3.69 12.3555 0.31000000000000005
v -3.69 12.4405 0.31000000000000005
v -3.8299999999999996 12.4405 0.31000000000000005
v -3.8299999999999996 12.3555 5.15
v -3.69 12.3555 5.15
v -3.69 12.4405 5.15
v -3.8299999999999996 12.4405 5.15
usemtl fieldMat_13
f 2582 2584 2583
f 2582 2585 2584
f 2586 2587 2588
f 2586 2588 2589
f 2582 2583 2587
f 2582 2587 2586
f 2583 2584 2588
f 2583 2588 2587
f 2584 2585 2589
f 2584 2589 2588
f 2585 2582 2586
f 2585 2586 2589
o inn::frontPost_-1.96
v -2.03 6.5595 0.31000000000000005
v -1.8899999999999997 6.5595 0.31000000000000005
v -1.8899999999999997 6.644500000000001 0.31000000000000005
v -2.03 6.644500000000001 0.31000000000000005
v -2.03 6.5595 5.15
v -1.8899999999999997 6.5595 5.15
v -1.8899999999999997 6.644500000000001 5.15
v -2.03 6.644500000000001 5.15
usemtl fieldMat_13
f 2590 2592 2591
f 2590 2593 2592
f 2594 2595 2596
f 2594 2596 2597
f 2590 2591 2595
f 2590 2595 2594
f 2591 2592 2596
f 2591 2596 2595
f 2592 2593 2597
f 2592 2597 2596
f 2593 2590 2594
f 2593 2594 2597
o inn::backPost_-1.96
v -2.03 12.3555 0.31000000000000005
v -1.8899999999999997 12.3555 0.31000000000000005
v -1.8899999999999997 12.4405 0.31000000000000005
v -2.03 12.4405 0.31000000000000005
v -2.03 12.3555 5.15
v -1.8899999999999997 12.3555 5.15
v -1.8899999999999997 12.4405 5.15
v -2.03 12.4405 5.15
usemtl fieldMat_13
f 2598 2600 2599
f 2598 2601 2600
f 2602 2603 2604
f 2602 2604 2605
f 2598 2599 2603
f 2598 2603 2602
f 2599 2600 2604
f 2599 2604 2603
f 2600 2601 2605
f 2600 2605 2604
f 2601 2598 2602
f 2601 2602 2605
o inn::frontPost_-0.16
v -0.2299999999999997 6.5595 0.31000000000000005
v -0.08999999999999969 6.5595 0.31000000000000005
v -0.08999999999999969 6.644500000000001 0.31000000000000005
v -0.2299999999999997 6.644500000000001 0.31000000000000005
v -0.2299999999999997 6.5595 5.15
v -0.08999999999999969 6.5595 5.15
v -0.08999999999999969 6.644500000000001 5.15
v -0.2299999999999997 6.644500000000001 5.15
usemtl fieldMat_13
f 2606 2608 2607
f 2606 2609 2608
f 2610 2611 2612
f 2610 2612 2613
f 2606 2607 2611
f 2606 2611 2610
f 2607 2608 2612
f 2607 2612 2611
f 2608 2609 2613
f 2608 2613 2612
f 2609 2606 2610
f 2609 2610 2613
o inn::backPost_-0.16
v -0.2299999999999997 12.3555 0.31000000000000005
v -0.08999999999999969 12.3555 0.31000000000000005
v -0.08999999999999969 12.4405 0.31000000000000005
v -0.2299999999999997 12.4405 0.31000000000000005
v -0.2299999999999997 12.3555 5.15
v -0.08999999999999969 12.3555 5.15
v -0.08999999999999969 12.4405 5.15
v -0.2299999999999997 12.4405 5.15
usemtl fieldMat_13
f 2614 2616 2615
f 2614 2617 2616
f 2618 2619 2620
f 2618 2620 2621
f 2614 2615 2619
f 2614 2619 2618
f 2615 2616 2620
f 2615 2620 2619
f 2616 2617 2621
f 2616 2621 2620
f 2617 2614 2618
f 2617 2618 2621
o inn::frontPost_1.64
v 1.5700000000000003 6.5595 0.31000000000000005
v 1.7100000000000004 6.5595 0.31000000000000005
v 1.7100000000000004 6.644500000000001 0.31000000000000005
v 1.5700000000000003 6.644500000000001 0.31000000000000005
v 1.5700000000000003 6.5595 5.15
v 1.7100000000000004 6.5595 5.15
v 1.7100000000000004 6.644500000000001 5.15
v 1.5700000000000003 6.644500000000001 5.15
usemtl fieldMat_13
f 2622 2624 2623
f 2622 2625 2624
f 2626 2627 2628
f 2626 2628 2629
f 2622 2623 2627
f 2622 2627 2626
f 2623 2624 2628
f 2623 2628 2627
f 2624 2625 2629
f 2624 2629 2628
f 2625 2622 2626
f 2625 2626 2629
o inn::backPost_1.64
v 1.5700000000000003 12.3555 0.31000000000000005
v 1.7100000000000004 12.3555 0.31000000000000005
v 1.7100000000000004 12.4405 0.31000000000000005
v 1.5700000000000003 12.4405 0.31000000000000005
v 1.5700000000000003 12.3555 5.15
v 1.7100000000000004 12.3555 5.15
v 1.7100000000000004 12.4405 5.15
v 1.5700000000000003 12.4405 5.15
usemtl fieldMat_13
f 2630 2632 2631
f 2630 2633 2632
f 2634 2635 2636
f 2634 2636 2637
f 2630 2631 2635
f 2630 2635 2634
f 2631 2632 2636
f 2631 2636 2635
f 2632 2633 2637
f 2632 2637 2636
f 2633 2630 2634
f 2633 2634 2637
o inn::frontPost_3.44
v 3.3700000000000006 6.5595 0.31000000000000005
v 3.5100000000000002 6.5595 0.31000000000000005
v 3.5100000000000002 6.644500000000001 0.31000000000000005
v 3.3700000000000006 6.644500000000001 0.31000000000000005
v 3.3700000000000006 6.5595 5.15
v 3.5100000000000002 6.5595 5.15
v 3.5100000000000002 6.644500000000001 5.15
v 3.3700000000000006 6.644500000000001 5.15
usemtl fieldMat_13
f 2638 2640 2639
f 2638 2641 2640
f 2642 2643 2644
f 2642 2644 2645
f 2638 2639 2643
f 2638 2643 2642
f 2639 2640 2644
f 2639 2644 2643
f 2640 2641 2645
f 2640 2645 2644
f 2641 2638 2642
f 2641 2642 2645
o inn::backPost_3.44
v 3.3700000000000006 12.3555 0.31000000000000005
v 3.5100000000000002 12.3555 0.31000000000000005
v 3.5100000000000002 12.4405 0.31000000000000005
v 3.3700000000000006 12.4405 0.31000000000000005
v 3.3700000000000006 12.3555 5.15
v 3.5100000000000002 12.3555 5.15
v 3.5100000000000002 12.4405 5.15
v 3.3700000000000006 12.4405 5.15
usemtl fieldMat_13
f 2646 2648 2647
f 2646 2649 2648
f 2650 2651 2652
f 2650 2652 2653
f 2646 2647 2651
f 2646 2651 2650
f 2647 2648 2652
f 2647 2652 2651
f 2648 2649 2653
f 2648 2653 2652
f 2649 2646 2650
f 2649 2650 2653
o inn::frontBeam_1
v -4.04 6.5595 2.4800000000000004
v 4.04 6.5595 2.4800000000000004
v 4.04 6.644500000000001 2.4800000000000004
v -4.04 6.644500000000001 2.4800000000000004
v -4.04 6.5595 2.62
v 4.04 6.5595 2.62
v 4.04 6.644500000000001 2.62
v -4.04 6.644500000000001 2.62
usemtl fieldMat_13
f 2654 2656 2655
f 2654 2657 2656
f 2658 2659 2660
f 2658 2660 2661
f 2654 2655 2659
f 2654 2659 2658
f 2655 2656 2660
f 2655 2660 2659
f 2656 2657 2661
f 2656 2661 2660
f 2657 2654 2658
f 2657 2658 2661
o inn::backBeam_1
v -4.04 12.3555 2.4800000000000004
v 4.04 12.3555 2.4800000000000004
v 4.04 12.4405 2.4800000000000004
v -4.04 12.4405 2.4800000000000004
v -4.04 12.3555 2.62
v 4.04 12.3555 2.62
v 4.04 12.4405 2.62
v -4.04 12.4405 2.62
usemtl fieldMat_13
f 2662 2664 2663
f 2662 2665 2664
f 2666 2667 2668
f 2666 2668 2669
f 2662 2663 2667
f 2662 2667 2666
f 2663 2664 2668
f 2663 2668 2667
f 2664 2665 2669
f 2664 2669 2668
f 2665 2662 2666
f 2665 2666 2669
o inn::frontBeam_2
v -4.04 6.5595 4.930000000000001
v 4.04 6.5595 4.930000000000001
v 4.04 6.644500000000001 4.930000000000001
v -4.04 6.644500000000001 4.930000000000001
v -4.04 6.5595 5.070000000000001
v 4.04 6.5595 5.070000000000001
v 4.04 6.644500000000001 5.070000000000001
v -4.04 6.644500000000001 5.070000000000001
usemtl fieldMat_13
f 2670 2672 2671
f 2670 2673 2672
f 2674 2675 2676
f 2674 2676 2677
f 2670 2671 2675
f 2670 2675 2674
f 2671 2672 2676
f 2671 2676 2675
f 2672 2673 2677
f 2672 2677 2676
f 2673 2670 2674
f 2673 2674 2677
o inn::backBeam_2
v -4.04 12.3555 4.930000000000001
v 4.04 12.3555 4.930000000000001
v 4.04 12.4405 4.930000000000001
v -4.04 12.4405 4.930000000000001
v -4.04 12.3555 5.070000000000001
v 4.04 12.3555 5.070000000000001
v 4.04 12.4405 5.070000000000001
v -4.04 12.4405 5.070000000000001
usemtl fieldMat_13
f 2678 2680 2679
f 2678 2681 2680
f 2682 2683 2684
f 2682 2684 2685
f 2678 2679 2683
f 2678 2683 2682
f 2679 2680 2684
f 2679 2684 2683
f 2680 2681 2685
f 2680 2685 2684
f 2681 2678 2682
f 2681 2682 2685
o inn::rightPost_-2.35
v 4.105499999999999 7.08 0.31000000000000005
v 4.1905 7.08 0.31000000000000005
v 4.1905 7.220000000000001 0.31000000000000005
v 4.105499999999999 7.220000000000001 0.31000000000000005
v 4.105499999999999 7.08 5.15
v 4.1905 7.08 5.15
v 4.1905 7.220000000000001 5.15
v 4.105499999999999 7.220000000000001 5.15
usemtl fieldMat_13
f 2686 2688 2687
f 2686 2689 2688
f 2690 2691 2692
f 2690 2692 2693
f 2686 2687 2691
f 2686 2691 2690
f 2687 2688 2692
f 2687 2692 2691
f 2688 2689 2693
f 2688 2693 2692
f 2689 2686 2690
f 2689 2690 2693
o inn::leftPost_-2.35
v -4.1905 7.08 0.31000000000000005
v -4.105499999999999 7.08 0.31000000000000005
v -4.105499999999999 7.220000000000001 0.31000000000000005
v -4.1905 7.220000000000001 0.31000000000000005
v -4.1905 7.08 5.15
v -4.105499999999999 7.08 5.15
v -4.105499999999999 7.220000000000001 5.15
v -4.1905 7.220000000000001 5.15
usemtl fieldMat_13
f 2694 2696 2695
f 2694 2697 2696
f 2698 2699 2700
f 2698 2700 2701
f 2694 2695 2699
f 2694 2699 2698
f 2695 2696 2700
f 2695 2700 2699
f 2696 2697 2701
f 2696 2701 2700
f 2697 2694 2698
f 2697 2698 2701
o inn::rightPost_-0.75
v 4.105499999999999 8.68 0.31000000000000005
v 4.1905 8.68 0.31000000000000005
v 4.1905 8.82 0.31000000000000005
v 4.105499999999999 8.82 0.31000000000000005
v 4.105499999999999 8.68 5.15
v 4.1905 8.68 5.15
v 4.1905 8.82 5.15
v 4.105499999999999 8.82 5.15
usemtl fieldMat_13
f 2702 2704 2703
f 2702 2705 2704
f 2706 2707 2708
f 2706 2708 2709
f 2702 2703 2707
f 2702 2707 2706
f 2703 2704 2708
f 2703 2708 2707
f 2704 2705 2709
f 2704 2709 2708
f 2705 2702 2706
f 2705 2706 2709
o inn::leftPost_-0.75
v -4.1905 8.68 0.31000000000000005
v -4.105499999999999 8.68 0.31000000000000005
v -4.105499999999999 8.82 0.31000000000000005
v -4.1905 8.82 0.31000000000000005
v -4.1905 8.68 5.15
v -4.105499999999999 8.68 5.15
v -4.105499999999999 8.82 5.15
v -4.1905 8.82 5.15
usemtl fieldMat_13
f 2710 2712 2711
f 2710 2713 2712
f 2714 2715 2716
f 2714 2716 2717
f 2710 2711 2715
f 2710 2715 2714
f 2711 2712 2716
f 2711 2716 2715
f 2712 2713 2717
f 2712 2717 2716
f 2713 2710 2714
f 2713 2714 2717
o inn::rightPost_0.85
v 4.105499999999999 10.28 0.31000000000000005
v 4.1905 10.28 0.31000000000000005
v 4.1905 10.42 0.31000000000000005
v 4.105499999999999 10.42 0.31000000000000005
v 4.105499999999999 10.28 5.15
v 4.1905 10.28 5.15
v 4.1905 10.42 5.15
v 4.105499999999999 10.42 5.15
usemtl fieldMat_13
f 2718 2720 2719
f 2718 2721 2720
f 2722 2723 2724
f 2722 2724 2725
f 2718 2719 2723
f 2718 2723 2722
f 2719 2720 2724
f 2719 2724 2723
f 2720 2721 2725
f 2720 2725 2724
f 2721 2718 2722
f 2721 2722 2725
o inn::leftPost_0.85
v -4.1905 10.28 0.31000000000000005
v -4.105499999999999 10.28 0.31000000000000005
v -4.105499999999999 10.42 0.31000000000000005
v -4.1905 10.42 0.31000000000000005
v -4.1905 10.28 5.15
v -4.105499999999999 10.28 5.15
v -4.105499999999999 10.42 5.15
v -4.1905 10.42 5.15
usemtl fieldMat_13
f 2726 2728 2727
f 2726 2729 2728
f 2730 2731 2732
f 2730 2732 2733
f 2726 2727 2731
f 2726 2731 2730
f 2727 2728 2732
f 2727 2732 2731
f 2728 2729 2733
f 2728 2733 2732
f 2729 2726 2730
f 2729 2730 2733
o inn::rightBeam_1
v 4.105499999999999 6.74 2.4800000000000004
v 4.1905 6.74 2.4800000000000004
v 4.1905 12.26 2.4800000000000004
v 4.105499999999999 12.26 2.4800000000000004
v 4.105499999999999 6.74 2.62
v 4.1905 6.74 2.62
v 4.1905 12.26 2.62
v 4.105499999999999 12.26 2.62
usemtl fieldMat_13
f 2734 2736 2735
f 2734 2737 2736
f 2738 2739 2740
f 2738 2740 2741
f 2734 2735 2739
f 2734 2739 2738
f 2735 2736 2740
f 2735 2740 2739
f 2736 2737 2741
f 2736 2741 2740
f 2737 2734 2738
f 2737 2738 2741
o inn::leftBeam_1
v -4.1905 6.74 2.4800000000000004
v -4.105499999999999 6.74 2.4800000000000004
v -4.105499999999999 12.26 2.4800000000000004
v -4.1905 12.26 2.4800000000000004
v -4.1905 6.74 2.62
v -4.105499999999999 6.74 2.62
v -4.105499999999999 12.26 2.62
v -4.1905 12.26 2.62
usemtl fieldMat_13
f 2742 2744 2743
f 2742 2745 2744
f 2746 2747 2748
f 2746 2748 2749
f 2742 2743 2747
f 2742 2747 2746
f 2743 2744 2748
f 2743 2748 2747
f 2744 2745 2749
f 2744 2749 2748
f 2745 2742 2746
f 2745 2746 2749
o inn::rightBeam_2
v 4.105499999999999 6.74 4.930000000000001
v 4.1905 6.74 4.930000000000001
v 4.1905 12.26 4.930000000000001
v 4.105499999999999 12.26 4.930000000000001
v 4.105499999999999 6.74 5.070000000000001
v 4.1905 6.74 5.070000000000001
v 4.1905 12.26 5.070000000000001
v 4.105499999999999 12.26 5.070000000000001
usemtl fieldMat_13
f 2750 2752 2751
f 2750 2753 2752
f 2754 2755 2756
f 2754 2756 2757
f 2750 2751 2755
f 2750 2755 2754
f 2751 2752 2756
f 2751 2756 2755
f 2752 2753 2757
f 2752 2757 2756
f 2753 2750 2754
f 2753 2754 2757
o inn::leftBeam_2
v -4.1905 6.74 4.930000000000001
v -4.105499999999999 6.74 4.930000000000001
v -4.105499999999999 12.26 4.930000000000001
v -4.1905 12.26 4.930000000000001
v -4.1905 6.74 5.070000000000001
v -4.105499999999999 6.74 5.070000000000001
v -4.105499999999999 12.26 5.070000000000001
v -4.1905 12.26 5.070000000000001
usemtl fieldMat_13
f 2758 2760 2759
f 2758 2761 2760
f 2762 2763 2764
f 2762 2764 2765
f 2758 2759 2763
f 2758 2763 2762
f 2759 2760 2764
f 2759 2764 2763
f 2760 2761 2765
f 2760 2765 2764
f 2761 2758 2762
f 2761 2762 2765
o inn::mainRoof
v -4.409999999999999 6.27 5.160000000000001
v 4.409999999999999 6.27 5.160000000000001
v 4.409999999999999 12.73 5.160000000000001
v -4.409999999999999 12.73 5.160000000000001
v -1.1799999999999993 9.5 8.068305063082024
v 1.1799999999999993 9.5 8.068305063082024
usemtl fieldMat_15
f 2766 2767 2771
f 2766 2771 2770
f 2767 2768 2771
f 2768 2769 2770
f 2768 2770 2771
f 2769 2766 2770
o inn::eaveTrimFront
v -4.499999999999999 5.920000000000001 5.110000000000001
v 4.499999999999999 5.920000000000001 5.110000000000001
v 4.499999999999999 6.0200000000000005 5.110000000000001
v -4.499999999999999 6.0200000000000005 5.110000000000001
v -4.499999999999999 5.920000000000001 5.190000000000001
v 4.499999999999999 5.920000000000001 5.190000000000001
v 4.499999999999999 6.0200000000000005 5.190000000000001
v -4.499999999999999 6.0200000000000005 5.190000000000001
usemtl fieldMat_13
f 2772 2774 2773
f 2772 2775 2774
f 2776 2777 2778
f 2776 2778 2779
f 2772 2773 2777
f 2772 2777 2776
f 2773 2774 2778
f 2773 2778 2777
f 2774 2775 2779
f 2774 2779 2778
f 2775 2772 2776
f 2775 2776 2779
o inn::eaveTrimBack
v -4.499999999999999 12.979999999999999 5.110000000000001
v 4.499999999999999 12.979999999999999 5.110000000000001
v 4.499999999999999 13.08 5.110000000000001
v -4.499999999999999 13.08 5.110000000000001
v -4.499999999999999 12.979999999999999 5.190000000000001
v 4.499999999999999 12.979999999999999 5.190000000000001
v 4.499999999999999 13.08 5.190000000000001
v -4.499999999999999 13.08 5.190000000000001
usemtl fieldMat_13
f 2780 2782 2781
f 2780 2783 2782
f 2784 2785 2786
f 2784 2786 2787
f 2780 2781 2785
f 2780 2785 2784
f 2781 2782 2786
f 2781 2786 2785
f 2782 2783 2787
f 2782 2787 2786
f 2783 2780 2784
f 2783 2784 2787
o inn::door
v -1.195978181026876 6.5595 0.30000000000000004
v -0.1759781810268759 6.5595 0.30000000000000004
v -0.1759781810268759 6.644500000000001 0.30000000000000004
v -1.195978181026876 6.644500000000001 0.30000000000000004
v -1.195978181026876 6.5595 2.3200000000000003
v -0.1759781810268759 6.5595 2.3200000000000003
v -0.1759781810268759 6.644500000000001 2.3200000000000003
v -1.195978181026876 6.644500000000001 2.3200000000000003
usemtl fieldMat_14
f 2788 2790 2789
f 2788 2791 2790
f 2792 2793 2794
f 2792 2794 2795
f 2788 2789 2793
f 2788 2793 2792
f 2789 2790 2794
f 2789 2794 2793
f 2790 2791 2795
f 2790 2795 2794
f 2791 2788 2792
f 2791 2792 2795
o inn::doorLintel
v -1.2659781810268758 6.558 2.23
v -0.10597818102687595 6.558 2.23
v -0.10597818102687595 6.638 2.23
v -1.2659781810268758 6.638 2.23
v -1.2659781810268758 6.558 2.3699999999999997
v -0.10597818102687595 6.558 2.3699999999999997
v -0.10597818102687595 6.638 2.3699999999999997
v -1.2659781810268758 6.638 2.3699999999999997
usemtl fieldMat_13
f 2796 2798 2797
f 2796 2799 2798
f 2800 2801 2802
f 2800 2802 2803
f 2796 2797 2801
f 2796 2801 2800
f 2797 2798 2802
f 2797 2802 2801
f 2798 2799 2803
f 2798 2803 2802
f 2799 2796 2800
f 2799 2800 2803
o inn::doorJambL
v -1.265978181026876 6.563 0.29000000000000004
v -1.165978181026876 6.563 0.29000000000000004
v -1.165978181026876 6.633 0.29000000000000004
v -1.265978181026876 6.633 0.29000000000000004
v -1.265978181026876 6.563 2.33
v -1.165978181026876 6.563 2.33
v -1.165978181026876 6.633 2.33
v -1.265978181026876 6.633 2.33
usemtl fieldMat_13
f 2804 2806 2805
f 2804 2807 2806
f 2808 2809 2810
f 2808 2810 2811
f 2804 2805 2809
f 2804 2809 2808
f 2805 2806 2810
f 2805 2810 2809
f 2806 2807 2811
f 2806 2811 2810
f 2807 2804 2808
f 2807 2808 2811
o inn::doorJambR
v -0.20597818102687587 6.563 0.29000000000000004
v -0.10597818102687588 6.563 0.29000000000000004
v -0.10597818102687588 6.633 0.29000000000000004
v -0.20597818102687587 6.633 0.29000000000000004
v -0.20597818102687587 6.563 2.33
v -0.10597818102687588 6.563 2.33
v -0.10597818102687588 6.633 2.33
v -0.20597818102687587 6.633 2.33
usemtl fieldMat_13
f 2812 2814 2813
f 2812 2815 2814
f 2816 2817 2818
f 2816 2818 2819
f 2812 2813 2817
f 2812 2817 2816
f 2813 2814 2818
f 2813 2818 2817
f 2814 2815 2819
f 2814 2819 2818
f 2815 2812 2816
f 2815 2816 2819
o inn::doorKnob
v -0.4659781810268759 6.542 1.24
v -0.3859781810268759 6.542 1.24
v -0.3859781810268759 6.561999999999999 1.24
v -0.4659781810268759 6.561999999999999 1.24
v -0.4659781810268759 6.542 1.32
v -0.3859781810268759 6.542 1.32
v -0.3859781810268759 6.561999999999999 1.32
v -0.4659781810268759 6.561999999999999 1.32
usemtl fieldMat_14
f 2820 2822 2821
f 2820 2823 2822
f 2824 2825 2826
f 2824 2826 2827
f 2820 2821 2825
f 2820 2825 2824
f 2821 2822 2826
f 2821 2826 2825
f 2822 2823 2827
f 2822 2827 2826
f 2823 2820 2824
f 2823 2824 2827
o inn::fwin_0_glass
v -3.6912609029867918 6.577 1.44690965786241
v -3.068739097013208 6.577 1.44690965786241
v -3.068739097013208 6.627000000000001 1.44690965786241
v -3.6912609029867918 6.627000000000001 1.44690965786241
v -3.6912609029867918 6.577 2.21309034213759
v -3.068739097013208 6.577 2.21309034213759
v -3.068739097013208 6.627000000000001 2.21309034213759
v -3.6912609029867918 6.627000000000001 2.21309034213759
usemtl fieldMat_19
f 2828 2830 2829
f 2828 2831 2830
f 2832 2833 2834
f 2832 2834 2835
f 2828 2829 2833
f 2828 2833 2832
f 2829 2830 2834
f 2829 2834 2833
f 2830 2831 2835
f 2830 2835 2834
f 2831 2828 2832
f 2831 2832 2835
o inn::fwin_0_frameTop
v -3.7612609029867916 6.555 2.1811661469594577
v -2.998739097013208 6.555 2.1811661469594577
v -2.998739097013208 6.625 2.1811661469594577
v -3.7612609029867916 6.625 2.1811661469594577
v -3.7612609029867916 6.555 2.2450145373157224
v -2.998739097013208 6.555 2.2450145373157224
v -2.998739097013208 6.625 2.2450145373157224
v -3.7612609029867916 6.625 2.2450145373157224
usemtl fieldMat_14
f 2836 2838 2837
f 2836 2839 2838
f 2840 2841 2842
f 2840 2842 2843
f 2836 2837 2841
f 2836 2841 2840
f 2837 2838 2842
f 2837 2842 2841
f 2838 2839 2843
f 2838 2843 2842
f 2839 2836 2840
f 2839 2840 2843
o inn::fwin_0_frameBottom
v -3.7812609029867916 6.542 1.4149854626842775
v -2.978739097013208 6.542 1.4149854626842775
v -2.978739097013208 6.632 1.4149854626842775
v -3.7812609029867916 6.632 1.4149854626842775
v -3.7812609029867916 6.542 1.4788338530405427
v -2.978739097013208 6.542 1.4788338530405427
v -2.978739097013208 6.632 1.4788338530405427
v -3.7812609029867916 6.632 1.4788338530405427
usemtl fieldMat_18
f 2844 2846 2845
f 2844 2847 2846
f 2848 2849 2850
f 2848 2850 2851
f 2844 2845 2849
f 2844 2849 2848
f 2845 2846 2850
f 2845 2850 2849
f 2846 2847 2851
f 2846 2851 2850
f 2847 2844 2848
f 2847 2848 2851
o inn::fwin_0_frameL
v -3.723185098164924 6.555 1.38690965786241
v -3.6593367078086594 6.555 1.38690965786241
v -3.6593367078086594 6.625 1.38690965786241
v -3.723185098164924 6.625 1.38690965786241
v -3.723185098164924 6.555 2.27309034213759
v -3.6593367078086594 6.555 2.27309034213759
v -3.6593367078086594 6.625 2.27309034213759
v -3.723185098164924 6.625 2.27309034213759
usemtl fieldMat_14
f 2852 2854 2853
f 2852 2855 2854
f 2856 2857 2858
f 2856 2858 2859
f 2852 2853 2857
f 2852 2857 2856
f 2853 2854 2858
f 2853 2858 2857
f 2854 2855 2859
f 2854 2859 2858
f 2855 2852 2856
f 2855 2856 2859
o inn::fwin_0_frameR
v -3.1006632921913404 6.555 1.38690965786241
v -3.0368149018350756 6.555 1.38690965786241
v -3.0368149018350756 6.625 1.38690965786241
v -3.1006632921913404 6.625 1.38690965786241
v -3.1006632921913404 6.555 2.27309034213759
v -3.0368149018350756 6.555 2.27309034213759
v -3.0368149018350756 6.625 2.27309034213759
v -3.1006632921913404 6.625 2.27309034213759
usemtl fieldMat_14
f 2860 2862 2861
f 2860 2863 2862
f 2864 2865 2866
f 2864 2866 2867
f 2860 2861 2865
f 2860 2865 2864
f 2861 2862 2866
f 2861 2866 2865
f 2862 2863 2867
f 2862 2867 2866
f 2863 2860 2864
f 2863 2864 2867
o inn::fwin_0_mullionV
v -3.4049008722389433 6.559 1.5069096578624102
v -3.3550991277610565 6.559 1.5069096578624102
v -3.3550991277610565 6.5889999999999995 1.5069096578624102
v -3.4049008722389433 6.5889999999999995 1.5069096578624102
v -3.4049008722389433 6.559 2.15309034213759
v -3.3550991277610565 6.559 2.15309034213759
v -3.3550991277610565 6.5889999999999995 2.15309034213759
v -3.4049008722389433 6.5889999999999995 2.15309034213759
usemtl fieldMat_14
f 2868 2870 2869
f 2868 2871 2870
f 2872 2873 2874
f 2872 2874 2875
f 2868 2869 2873
f 2868 2873 2872
f 2869 2870 2874
f 2869 2874 2873
f 2870 2871 2875
f 2870 2875 2874
f 2871 2868 2872
f 2871 2872 2875
o inn::fwin_0_mullionH
v -3.6312609029867917 6.559 1.8050991277610566
v -3.128739097013208 6.559 1.8050991277610566
v -3.128739097013208 6.5889999999999995 1.8050991277610566
v -3.6312609029867917 6.5889999999999995 1.8050991277610566
v -3.6312609029867917 6.559 1.8549008722389435
v -3.128739097013208 6.559 1.8549008722389435
v -3.128739097013208 6.5889999999999995 1.8549008722389435
v -3.6312609029867917 6.5889999999999995 1.8549008722389435
usemtl fieldMat_14
f 2876 2878 2877
f 2876 2879 2878
f 2880 2881 2882
f 2880 2882 2883
f 2876 2877 2881
f 2876 2881 2880
f 2877 2878 2882
f 2877 2882 2881
f 2878 2879 2883
f 2878 2883 2882
f 2879 2876 2880
f 2879 2880 2883
o inn::fwin_0_shutterL
v -3.8812609029867917 6.5595 1.42690965786241
v -3.741260902986792 6.5595 1.42690965786241
v -3.741260902986792 6.6045 1.42690965786241
v -3.8812609029867917 6.6045 1.42690965786241
v -3.8812609029867917 6.5595 2.23309034213759
v -3.741260902986792 6.5595 2.23309034213759
v -3.741260902986792 6.6045 2.23309034213759
v -3.8812609029867917 6.6045 2.23309034213759
usemtl fieldMat_13
f 2884 2886 2885
f 2884 2887 2886
f 2888 2889 2890
f 2888 2890 2891
f 2884 2885 2889
f 2884 2889 2888
f 2885 2886 2890
f 2885 2890 2889
f 2886 2887 2891
f 2886 2891 2890
f 2887 2884 2888
f 2887 2888 2891
o inn::fwin_0_shutterR
v -3.0187390970132078 6.5595 1.42690965786241
v -2.878739097013208 6.5595 1.42690965786241
v -2.878739097013208 6.6045 1.42690965786241
v -3.0187390970132078 6.6045 1.42690965786241
v -3.0187390970132078 6.5595 2.23309034213759
v -2.878739097013208 6.5595 2.23309034213759
v -2.878739097013208 6.6045 2.23309034213759
v -3.0187390970132078 6.6045 2.23309034213759
usemtl fieldMat_13
f 2892 2894 2893
f 2892 2895 2894
f 2896 2897 2898
f 2896 2898 2899
f 2892 2893 2897
f 2892 2897 2896
f 2893 2894 2898
f 2893 2898 2897
f 2894 2895 2899
f 2894 2899 2898
f 2895 2892 2896
f 2895 2896 2899
o inn::fwin_1_glass
v 3.0391180717624025 6.577 1.41045301139988
v 3.7208819282375973 6.577 1.41045301139988
v 3.7208819282375973 6.627000000000001 1.41045301139988
v 3.0391180717624025 6.627000000000001 1.41045301139988
v 3.0391180717624025 6.577 2.24954698860012
v 3.7208819282375973 6.577 2.24954698860012
v 3.7208819282375973 6.627000000000001 2.24954698860012
v 3.0391180717624025 6.627000000000001 2.24954698860012
usemtl fieldMat_19
f 2900 2902 2901
f 2900 2903 2902
f 2904 2905 2906
f 2904 2906 2907
f 2900 2901 2905
f 2900 2905 2904
f 2901 2902 2906
f 2901 2906 2905
f 2902 2903 2907
f 2902 2907 2906
f 2903 2900 2904
f 2903 2904 2907
o inn::fwin_1_frameTop
v 2.9691180717624026 6.555 2.21458473955011
v 3.790881928237597 6.555 2.21458473955011
v 3.790881928237597 6.625 2.21458473955011
v 2.9691180717624026 6.625 2.21458473955011
v 2.9691180717624026 6.555 2.28450923765013
v 3.790881928237597 6.555 2.28450923765013
v 3.790881928237597 6.625 2.28450923765013
v 2.9691180717624026 6.625 2.28450923765013
usemtl fieldMat_14
f 2908 2910 2909
f 2908 2911 2910
f 2912 2913 2914
f 2912 2914 2915
f 2908 2909 2913
f 2908 2913 2912
f 2909 2910 2914
f 2909 2914 2913
f 2910 2911 2915
f 2910 2915 2914
f 2911 2908 2912
f 2911 2912 2915
o inn::fwin_1_frameBottom
v 2.9491180717624026 6.542 1.3754907623498702
v 3.810881928237597 6.542 1.3754907623498702
v 3.810881928237597 6.632 1.3754907623498702
v 2.9491180717624026 6.632 1.3754907623498702
v 2.9491180717624026 6.542 1.44541526044989
v 3.810881928237597 6.542 1.44541526044989
v 3.810881928237597 6.632 1.44541526044989
v 2.9491180717624026 6.632 1.44541526044989
usemtl fieldMat_18
f 2916 2918 2917
f 2916 2919 2918
f 2920 2921 2922
f 2920 2922 2923
f 2916 2917 2921
f 2916 2921 2920
f 2917 2918 2922
f 2917 2922 2921
f 2918 2919 2923
f 2918 2923 2922
f 2919 2916 2920
f 2919 2920 2923
o inn::fwin_1_frameL
v 3.0041558227123923 6.555 1.35045301139988
v 3.0740803208124126 6.555 1.35045301139988
v 3.0740803208124126 6.625 1.35045301139988
v 3.0041558227123923 6.625 1.35045301139988
v 3.0041558227123923 6.555 2.30954698860012
v 3.0740803208124126 6.555 2.30954698860012
v 3.0740803208124126 6.625 2.30954698860012
v 3.0041558227123923 6.625 2.30954698860012
usemtl fieldMat_14
f 2924 2926 2925
f 2924 2927 2926
f 2928 2929 2930
f 2928 2930 2931
f 2924 2925 2929
f 2924 2929 2928
f 2925 2926 2930
f 2925 2930 2929
f 2926 2927 2931
f 2926 2931 2930
f 2927 2924 2928
f 2927 2928 2931
o inn::fwin_1_frameR
v 3.6859196791875872 6.555 1.35045301139988
v 3.7558441772876074 6.555 1.35045301139988
v 3.7558441772876074 6.625 1.35045301139988
v 3.6859196791875872 6.625 1.35045301139988
v 3.6859196791875872 6.555 2.30954698860012
v 3.7558441772876074 6.555 2.30954698860012
v 3.7558441772876074 6.625 2.30954698860012
v 3.6859196791875872 6.625 2.30954698860012
usemtl fieldMat_14
f 2932 2934 2933
f 2932 2935 2934
f 2936 2937 2938
f 2936 2938 2939
f 2932 2933 2937
f 2932 2937 2936
f 2933 2934 2938
f 2933 2938 2937
f 2934 2935 2939
f 2934 2939 2938
f 2935 2932 2936
f 2935 2936 2939
o inn::fwin_1_mullionV
v 3.352729445740992 6.559 1.4704530113998802
v 3.4072705542590076 6.559 1.4704530113998802
v 3.4072705542590076 6.5889999999999995 1.4704530113998802
v 3.352729445740992 6.5889999999999995 1.4704530113998802
v 3.352729445740992 6.559 2.18954698860012
v 3.4072705542590076 6.559 2.18954698860012
v 3.4072705542590076 6.5889999999999995 2.18954698860012
v 3.352729445740992 6.5889999999999995 2.18954698860012
usemtl fieldMat_14
f 2940 2942 2941
f 2940 2943 2942
f 2944 2945 2946
f 2944 2946 2947
f 2940 2941 2945
f 2940 2945 2944
f 2941 2942 2946
f 2941 2946 2945
f 2942 2943 2947
f 2942 2947 2946
f 2943 2940 2944
f 2943 2944 2947
o inn::fwin_1_mullionH
v 3.0991180717624025 6.559 1.8027294457409924
v 3.6608819282375973 6.559 1.8027294457409924
v 3.6608819282375973 6.5889999999999995 1.8027294457409924
v 3.0991180717624025 6.5889999999999995 1.8027294457409924
v 3.0991180717624025 6.559 1.8572705542590078
v 3.6608819282375973 6.559 1.8572705542590078
v 3.6608819282375973 6.5889999999999995 1.8572705542590078
v 3.0991180717624025 6.5889999999999995 1.8572705542590078
usemtl fieldMat_14
f 2948 2950 2949
f 2948 2951 2950
f 2952 2953 2954
f 2952 2954 2955
f 2948 2949 2953
f 2948 2953 2952
f 2949 2950 2954
f 2949 2954 2953
f 2950 2951 2955
f 2950 2955 2954
f 2951 2948 2952
f 2951 2952 2955
o inn::fwin_2_glass
v -3.7030622531347905 6.577 3.8823849192187194
v -3.0569377468652092 6.577 3.8823849192187194
v -3.0569377468652092 6.627000000000001 3.8823849192187194
v -3.7030622531347905 6.627000000000001 3.8823849192187194
v -3.7030622531347905 6.577 4.6776150807812815
v -3.0569377468652092 6.577 4.6776150807812815
v -3.0569377468652092 6.627000000000001 4.6776150807812815
v -3.7030622531347905 6.627000000000001 4.6776150807812815
usemtl fieldMat_19
f 2956 2958 2957
f 2956 2959 2958
f 2960 2961 2962
f 2960 2962 2963
f 2956 2957 2961
f 2956 2961 2960
f 2957 2958 2962
f 2957 2962 2961
f 2958 2959 2963
f 2958 2963 2962
f 2959 2956 2960
f 2959 2960 2963
o inn::fwin_2_frameTop
v -3.773062253134791 6.555 4.644480490716175
v -2.986937746865209 6.555 4.644480490716175
v -2.986937746865209 6.625 4.644480490716175
v -3.773062253134791 6.625 4.644480490716175
v -3.773062253134791 6.555 4.710749670846388
v -2.986937746865209 6.555 4.710749670846388
v -2.986937746865209 6.625 4.710749670846388
v -3.773062253134791 6.625 4.710749670846388
usemtl fieldMat_14
f 2964 2966 2965
f 2964 2967 2966
f 2968 2969 2970
f 2968 2970 2971
f 2964 2965 2969
f 2964 2969 2968
f 2965 2966 2970
f 2965 2970 2969
f 2966 2967 2971
f 2966 2971 2970
f 2967 2964 2968
f 2967 2968 2971
o inn::fwin_2_frameBottom
v -3.793062253134791 6.542 3.849250329153613
v -2.966937746865209 6.542 3.849250329153613
v -2.966937746865209 6.632 3.849250329153613
v -3.793062253134791 6.632 3.849250329153613
v -3.793062253134791 6.542 3.915519509283826
v -2.966937746865209 6.542 3.915519509283826
v -2.966937746865209 6.632 3.915519509283826
v -3.793062253134791 6.632 3.915519509283826
usemtl fieldMat_18
f 2972 2974 2973
f 2972 2975 2974
f 2976 2977 2978
f 2976 2978 2979
f 2972 2973 2977
f 2972 2977 2976
f 2973 2974 2978
f 2973 2978 2977
f 2974 2975 2979
f 2974 2979 2978
f 2975 2972 2976
f 2975 2976 2979
o inn::fwin_2_frameL
v -3.736196843199897 6.555 3.8223849192187194
v -3.669927663069684 6.555 3.8223849192187194
v -3.669927663069684 6.625 3.8223849192187194
v -3.736196843199897 6.625 3.8223849192187194
v -3.736196843199897 6.555 4.737615080781281
v -3.669927663069684 6.555 4.737615080781281
v -3.669927663069684 6.625 4.737615080781281
v -3.736196843199897 6.625 4.737615080781281
usemtl fieldMat_14
f 2980 2982 2981
f 2980 2983 2982
f 2984 2985 2986
f 2984 2986 2987
f 2980 2981 2985
f 2980 2985 2984
f 2981 2982 2986
f 2981 2986 2985
f 2982 2983 2987
f 2982 2987 2986
f 2983 2980 2984
f 2983 2984 2987
o inn::fwin_2_frameR
v -3.090072336930316 6.555 3.8223849192187194
v -3.0238031568001027 6.555 3.8223849192187194
v -3.0238031568001027 6.625 3.8223849192187194
v -3.090072336930316 6.625 3.8223849192187194
v -3.090072336930316 6.555 4.737615080781281
v -3.0238031568001027 6.555 4.737615080781281
v -3.0238031568001027 6.625 4.737615080781281
v -3.090072336930316 6.625 4.737615080781281
usemtl fieldMat_14
f 2988 2990 2989
f 2988 2991 2990
f 2992 2993 2994
f 2992 2994 2995
f 2988 2989 2993
f 2988 2993 2992
f 2989 2990 2994
f 2989 2994 2993
f 2990 2991 2995
f 2990 2995 2994
f 2991 2988 2992
f 2991 2992 2995
o inn::fwin_2_mullionV
v -3.4058449802507833 6.559 3.9423849192187195
v -3.3541550197492165 6.559 3.9423849192187195
v -3.3541550197492165 6.5889999999999995 3.9423849192187195
v -3.4058449802507833 6.5889999999999995 3.9423849192187195
v -3.4058449802507833 6.559 4.617615080781281
v -3.3541550197492165 6.559 4.617615080781281
v -3.3541550197492165 6.5889999999999995 4.617615080781281
v -3.4058449802507833 6.5889999999999995 4.617615080781281
usemtl fieldMat_14
f 2996 2998 2997
f 2996 2999 2998
f 3000 3001 3002
f 3000 3002 3003
f 2996 2997 3001
f 2996 3001 3000
f 2997 2998 3002
f 2997 3002 3001
f 2998 2999 3003
f 2998 3003 3002
f 2999 2996 3000
f 2999 3000 3003
o inn::fwin_2_mullionH
v -3.643062253134791 6.559 4.254155019749217
v -3.116937746865209 6.559 4.254155019749217
v -3.116937746865209 6.5889999999999995 4.254155019749217
v -3.643062253134791 6.5889999999999995 4.254155019749217
v -3.643062253134791 6.559 4.305844980250783
v -3.116937746865209 6.559 4.305844980250783
v -3.116937746865209 6.5889999999999995 4.305844980250783
v -3.643062253134791 6.5889999999999995 4.305844980250783
usemtl fieldMat_14
f 3004 3006 3005
f 3004 3007 3006
f 3008 3009 3010
f 3008 3010 3011
f 3004 3005 3009
f 3004 3009 3008
f 3005 3006 3010
f 3005 3010 3009
f 3006 3007 3011
f 3006 3011 3010
f 3007 3004 3008
f 3007 3008 3011
o inn::fwin_2_shutterL
v -3.8930622531347905 6.5595 3.8623849192187194
v -3.753062253134791 6.5595 3.8623849192187194
v -3.753062253134791 6.6045 3.8623849192187194
v -3.8930622531347905 6.6045 3.8623849192187194
v -3.8930622531347905 6.5595 4.697615080781281
v -3.753062253134791 6.5595 4.697615080781281
v -3.753062253134791 6.6045 4.697615080781281
v -3.8930622531347905 6.6045 4.697615080781281
usemtl fieldMat_13
f 3012 3014 3013
f 3012 3015 3014
f 3016 3017 3018
f 3016 3018 3019
f 3012 3013 3017
f 3012 3017 3016
f 3013 3014 3018
f 3013 3018 3017
f 3014 3015 3019
f 3014 3019 3018
f 3015 3012 3016
f 3015 3016 3019
o inn::fwin_2_shutterR
v -3.006937746865209 6.5595 3.8623849192187194
v -2.8669377468652093 6.5595 3.8623849192187194
v -2.8669377468652093 6.6045 3.8623849192187194
v -3.006937746865209 6.6045 3.8623849192187194
v -3.006937746865209 6.5595 4.697615080781281
v -2.8669377468652093 6.5595 4.697615080781281
v -2.8669377468652093 6.6045 4.697615080781281
v -3.006937746865209 6.6045 4.697615080781281
usemtl fieldMat_13
f 3020 3022 3021
f 3020 3023 3022
f 3024 3025 3026
f 3024 3026 3027
f 3020 3021 3025
f 3020 3025 3024
f 3021 3022 3026
f 3021 3026 3025
f 3022 3023 3027
f 3022 3027 3026
f 3023 3020 3024
f 3023 3024 3027
o inn::fwin_3_glass
v -0.3212872312732972 6.577 3.8845695615097884
v 0.3212872312732972 6.577 3.8845695615097884
v 0.3212872312732972 6.627000000000001 3.8845695615097884
v -0.3212872312732972 6.627000000000001 3.8845695615097884
v -0.3212872312732972 6.577 4.675430438490213
v 0.3212872312732972 6.577 4.675430438490213
v 0.3212872312732972 6.627000000000001 4.675430438490213
v -0.3212872312732972 6.627000000000001 4.675430438490213
usemtl fieldMat_19
f 3028 3030 3029
f 3028 3031 3030
f 3032 3033 3034
f 3032 3034 3035
f 3028 3029 3033
f 3028 3033 3032
f 3029 3030 3034
f 3029 3034 3033
f 3030 3031 3035
f 3030 3035 3034
f 3031 3028 3032
f 3031 3032 3035
o inn::fwin_3_frameTop
v -0.39128723127329723 6.555 4.642477901949362
v 0.39128723127329723 6.555 4.642477901949362
v 0.39128723127329723 6.625 4.642477901949362
v -0.39128723127329723 6.625 4.642477901949362
v -0.39128723127329723 6.555 4.708382975031063
v 0.39128723127329723 6.555 4.708382975031063
v 0.39128723127329723 6.625 4.708382975031063
v -0.39128723127329723 6.625 4.708382975031063
usemtl fieldMat_14
f 3036 3038 3037
f 3036 3039 3038
f 3040 3041 3042
f 3040 3042 3043
f 3036 3037 3041
f 3036 3041 3040
f 3037 3038 3042
f 3037 3042 3041
f 3038 3039 3043
f 3038 3043 3042
f 3039 3036 3040
f 3039 3040 3043
o inn::fwin_3_frameBottom
v -0.41128723127329725 6.542 3.851617024968937
v 0.41128723127329725 6.542 3.851617024968937
v 0.41128723127329725 6.632 3.851617024968937
v -0.41128723127329725 6.632 3.851617024968937
v -0.41128723127329725 6.542 3.9175220980506396
v 0.41128723127329725 6.542 3.9175220980506396
v 0.41128723127329725 6.632 3.9175220980506396
v -0.41128723127329725 6.632 3.9175220980506396
usemtl fieldMat_18
f 3044 3046 3045
f 3044 3047 3046
f 3048 3049 3050
f 3048 3050 3051
f 3044 3045 3049
f 3044 3049 3048
f 3045 3046 3050
f 3045 3050 3049
f 3046 3047 3051
f 3046 3051 3050
f 3047 3044 3048
f 3047 3048 3051
o inn::fwin_3_frameL
v -0.35423976781414823 6.555 3.8245695615097883
v -0.2883346947324462 6.555 3.8245695615097883
v -0.2883346947324462 6.625 3.8245695615097883
v -0.35423976781414823 6.625 3.8245695615097883
v -0.35423976781414823 6.555 4.735430438490212
v -0.2883346947324462 6.555 4.735430438490212
v -0.2883346947324462 6.625 4.735430438490212
v -0.35423976781414823 6.625 4.735430438490212
usemtl fieldMat_14
f 3052 3054 3053
f 3052 3055 3054
f 3056 3057 3058
f 3056 3058 3059
f 3052 3053 3057
f 3052 3057 3056
f 3053 3054 3058
f 3053 3058 3057
f 3054 3055 3059
f 3054 3059 3058
f 3055 3052 3056
f 3055 3056 3059
o inn::fwin_3_frameR
v 0.2883346947324462 6.555 3.8245695615097883
v 0.35423976781414823 6.555 3.8245695615097883
v 0.35423976781414823 6.625 3.8245695615097883
v 0.2883346947324462 6.625 3.8245695615097883
v 0.2883346947324462 6.555 4.735430438490212
v 0.35423976781414823 6.555 4.735430438490212
v 0.35423976781414823 6.625 4.735430438490212
v 0.2883346947324462 6.625 4.735430438490212
usemtl fieldMat_14
f 3060 3062 3061
f 3060 3063 3062
f 3064 3065 3066
f 3064 3066 3067
f 3060 3061 3065
f 3060 3065 3064
f 3061 3062 3066
f 3061 3066 3065
f 3062 3063 3067
f 3062 3067 3066
f 3063 3060 3064
f 3063 3064 3067
o inn::fwin_3_mullionV
v -0.025702978501863774 6.559 3.9445695615097884
v 0.025702978501863774 6.559 3.9445695615097884
v 0.025702978501863774 6.5889999999999995 3.9445695615097884
v -0.025702978501863774 6.5889999999999995 3.9445695615097884
v -0.025702978501863774 6.559 4.615430438490212
v 0.025702978501863774 6.559 4.615430438490212
v 0.025702978501863774 6.5889999999999995 4.615430438490212
v -0.025702978501863774 6.5889999999999995 4.615430438490212
usemtl fieldMat_14
f 3068 3070 3069
f 3068 3071 3070
f 3072 3073 3074
f 3072 3074 3075
f 3068 3069 3073
f 3068 3073 3072
f 3069 3070 3074
f 3069 3074 3073
f 3070 3071 3075
f 3070 3075 3074
f 3071 3068 3072
f 3071 3072 3075
o inn::fwin_3_mullionH
v -0.2612872312732972 6.559 4.254297021498137
v 0.2612872312732972 6.559 4.254297021498137
v 0.2612872312732972 6.5889999999999995 4.254297021498137
v -0.2612872312732972 6.5889999999999995 4.254297021498137
v -0.2612872312732972 6.559 4.305702978501864
v 0.2612872312732972 6.559 4.305702978501864
v 0.2612872312732972 6.5889999999999995 4.305702978501864
v -0.2612872312732972 6.5889999999999995 4.305702978501864
usemtl fieldMat_14
f 3076 3078 3077
f 3076 3079 3078
f 3080 3081 3082
f 3080 3082 3083
f 3076 3077 3081
f 3076 3081 3080
f 3077 3078 3082
f 3077 3082 3081
f 3078 3079 3083
f 3078 3083 3082
f 3079 3076 3080
f 3079 3080 3083
o inn::fwin_3_shutterL
v -0.5112872312732972 6.5595 3.8645695615097884
v -0.3712872312732972 6.5595 3.8645695615097884
v -0.3712872312732972 6.6045 3.8645695615097884
v -0.5112872312732972 6.6045 3.8645695615097884
v -0.5112872312732972 6.5595 4.695430438490212
v -0.3712872312732972 6.5595 4.695430438490212
v -0.3712872312732972 6.6045 4.695430438490212
v -0.5112872312732972 6.6045 4.695430438490212
usemtl fieldMat_13
f 3084 3086 3085
f 3084 3087 3086
f 3088 3089 3090
f 3088 3090 3091
f 3084 3085 3089
f 3084 3089 3088
f 3085 3086 3090
f 3085 3090 3089
f 3086 3087 3091
f 3086 3091 3090
f 3087 3084 3088
f 3087 3088 3091
o inn::fwin_3_shutterR
v 0.3712872312732972 6.5595 3.8645695615097884
v 0.5112872312732972 6.5595 3.8645695615097884
v 0.5112872312732972 6.6045 3.8645695615097884
v 0.3712872312732972 6.6045 3.8645695615097884
v 0.3712872312732972 6.5595 4.695430438490212
v 0.5112872312732972 6.5595 4.695430438490212
v 0.5112872312732972 6.6045 4.695430438490212
v 0.3712872312732972 6.6045 4.695430438490212
usemtl fieldMat_13
f 3092 3094 3093
f 3092 3095 3094
f 3096 3097 3098
f 3096 3098 3099
f 3092 3093 3097
f 3092 3097 3096
f 3093 3094 3098
f 3093 3098 3097
f 3094 3095 3099
f 3094 3099 3098
f 3095 3092 3096
f 3095 3096 3099
o inn::fwin_4_glass
v 3.06169210594811 6.577 3.888236438089982
v 3.6983078940518896 6.577 3.888236438089982
v 3.6983078940518896 6.627000000000001 3.888236438089982
v 3.06169210594811 6.627000000000001 3.888236438089982
v 3.06169210594811 6.577 4.671763561910018
v 3.6983078940518896 6.577 4.671763561910018
v 3.6983078940518896 6.627000000000001 4.671763561910018
v 3.06169210594811 6.627000000000001 4.671763561910018
usemtl fieldMat_19
f 3100 3102 3101
f 3100 3103 3102
f 3104 3105 3106
f 3104 3106 3107
f 3100 3101 3105
f 3100 3105 3104
f 3101 3102 3106
f 3101 3106 3105
f 3102 3103 3107
f 3102 3107 3106
f 3103 3100 3104
f 3103 3104 3107
o inn::fwin_4_frameTop
v 2.99169210594811 6.555 4.639116598417517
v 3.76830789405189 6.555 4.639116598417517
v 3.76830789405189 6.625 4.639116598417517
v 2.99169210594811 6.625 4.639116598417517
v 2.99169210594811 6.555 4.70441052540252
v 3.76830789405189 6.555 4.70441052540252
v 3.76830789405189 6.625 4.70441052540252
v 2.99169210594811 6.625 4.70441052540252
usemtl fieldMat_14
f 3108 3110 3109
f 3108 3111 3110
f 3112 3113 3114
f 3112 3114 3115
f 3108 3109 3113
f 3108 3113 3112
f 3109 3110 3114
f 3109 3114 3113
f 3110 3111 3115
f 3110 3115 3114
f 3111 3108 3112
f 3111 3112 3115
o inn::fwin_4_frameBottom
v 2.97169210594811 6.542 3.8555894745974806
v 3.78830789405189 6.542 3.8555894745974806
v 3.78830789405189 6.632 3.8555894745974806
v 2.97169210594811 6.632 3.8555894745974806
v 2.97169210594811 6.542 3.9208834015824836
v 3.78830789405189 6.542 3.9208834015824836
v 3.78830789405189 6.632 3.9208834015824836
v 2.97169210594811 6.632 3.9208834015824836
usemtl fieldMat_18
f 3116 3118 3117
f 3116 3119 3118
f 3120 3121 3122
f 3120 3122 3123
f 3116 3117 3121
f 3116 3121 3120
f 3117 3118 3122
f 3117 3122 3121
f 3118 3119 3123
f 3118 3123 3122
f 3119 3116 3120
f 3119 3120 3123
o inn::fwin_4_frameL
v 3.0290451424556086 6.555 3.828236438089982
v 3.0943390694406117 6.555 3.828236438089982
v 3.0943390694406117 6.625 3.828236438089982
v 3.0290451424556086 6.625 3.828236438089982
v 3.0290451424556086 6.555 4.731763561910019
v 3.0943390694406117 6.555 4.731763561910019
v 3.0943390694406117 6.625 4.731763561910019
v 3.0290451424556086 6.625 4.731763561910019
usemtl fieldMat_14
f 3124 3126 3125
f 3124 3127 3126
f 3128 3129 3130
f 3128 3130 3131
f 3124 3125 3129
f 3124 3129 3128
f 3125 3126 3130
f 3125 3130 3129
f 3126 3127 3131
f 3126 3131 3130
f 3127 3124 3128
f 3127 3128 3131
o inn::fwin_4_frameR
v 3.665660930559388 6.555 3.828236438089982
v 3.730954857544391 6.555 3.828236438089982
v 3.730954857544391 6.625 3.828236438089982
v 3.665660930559388 6.625 3.828236438089982
v 3.665660930559388 6.555 4.731763561910019
v 3.730954857544391 6.555 4.731763561910019
v 3.730954857544391 6.625 4.731763561910019
v 3.665660930559388 6.625 4.731763561910019
usemtl fieldMat_14
f 3132 3134 3133
f 3132 3135 3134
f 3136 3137 3138
f 3136 3138 3139
f 3132 3133 3137
f 3132 3137 3136
f 3133 3134 3138
f 3133 3138 3137
f 3134 3135 3139
f 3134 3139 3138
f 3135 3132 3136
f 3135 3136 3139
o inn::fwin_4_mullionV
v 3.3545353684758488 6.559 3.9482364380899817
v 3.405464631524151 6.559 3.9482364380899817
v 3.405464631524151 6.5889999999999995 3.9482364380899817
v 3.3545353684758488 6.5889999999999995 3.9482364380899817
v 3.3545353684758488 6.559 4.611763561910019
v 3.405464631524151 6.559 4.611763561910019
v 3.405464631524151 6.5889999999999995 4.611763561910019
v 3.3545353684758488 6.5889999999999995 4.611763561910019
usemtl fieldMat_14
f 3140 3142 3141
f 3140 3143 3142
f 3144 3145 3146
f 3144 3146 3147
f 3140 3141 3145
f 3140 3145 3144
f 3141 3142 3146
f 3141 3146 3145
f 3142 3143 3147
f 3142 3147 3146
f 3143 3140 3144
f 3143 3144 3147
o inn::fwin_4_mullionH
v 3.12169210594811 6.559 4.254535368475849
v 3.6383078940518896 6.559 4.254535368475849
v 3.6383078940518896 6.5889999999999995 4.254535368475849
v 3.12169210594811 6.5889999999999995 4.254535368475849
v 3.12169210594811 6.559 4.305464631524152
v 3.6383078940518896 6.559 4.305464631524152
v 3.6383078940518896 6.5889999999999995 4.305464631524152
v 3.12169210594811 6.5889999999999995 4.305464631524152
usemtl fieldMat_14
f 3148 3150 3149
f 3148 3151 3150
f 3152 3153 3154
f 3152 3154 3155
f 3148 3149 3153
f 3148 3153 3152
f 3149 3150 3154
f 3149 3154 3153
f 3150 3151 3155
f 3150 3155 3154
f 3151 3148 3152
f 3151 3152 3155
o inn::fwin_4_shutterL
v 2.87169210594811 6.5595 3.868236438089982
v 3.01169210594811 6.5595 3.868236438089982
v 3.01169210594811 6.6045 3.868236438089982
v 2.87169210594811 6.6045 3.868236438089982
v 2.87169210594811 6.5595 4.691763561910019
v 3.01169210594811 6.5595 4.691763561910019
v 3.01169210594811 6.6045 4.691763561910019
v 2.87169210594811 6.6045 4.691763561910019
usemtl fieldMat_13
f 3156 3158 3157
f 3156 3159 3158
f 3160 3161 3162
f 3160 3162 3163
f 3156 3157 3161
f 3156 3161 3160
f 3157 3158 3162
f 3157 3162 3161
f 3158 3159 3163
f 3158 3163 3162
f 3159 3156 3160
f 3159 3160 3163
o inn::fwin_4_shutterR
v 3.74830789405189 6.5595 3.868236438089982
v 3.8883078940518896 6.5595 3.868236438089982
v 3.8883078940518896 6.6045 3.868236438089982
v 3.74830789405189 6.6045 3.868236438089982
v 3.74830789405189 6.5595 4.691763561910019
v 3.8883078940518896 6.5595 4.691763561910019
v 3.8883078940518896 6.6045 4.691763561910019
v 3.74830789405189 6.6045 4.691763561910019
usemtl fieldMat_13
f 3164 3166 3165
f 3164 3167 3166
f 3168 3169 3170
f 3168 3170 3171
f 3164 3165 3169
f 3164 3169 3168
f 3165 3166 3170
f 3165 3170 3169
f 3166 3167 3171
f 3166 3171 3170
f 3167 3164 3168
f 3167 3168 3171
o inn::swin_r_5_glass
v 4.129999999999999 7.241899999999999 1.4208
v 4.18 7.241899999999999 1.4208
v 4.18 7.8581 1.4208
v 4.129999999999999 7.8581 1.4208
v 4.129999999999999 7.241899999999999 2.1792
v 4.18 7.241899999999999 2.1792
v 4.18 7.8581 2.1792
v 4.129999999999999 7.8581 2.1792
usemtl fieldMat_19
f 3172 3174 3173
f 3172 3175 3174
f 3176 3177 3178
f 3176 3178 3179
f 3172 3173 3177
f 3172 3177 3176
f 3173 3174 3178
f 3173 3178 3177
f 3174 3175 3179
f 3174 3179 3178
f 3175 3172 3176
f 3175 3176 3179
o inn::swin_r_5_frameTop
v 4.131999999999999 7.1719 2.1475999999999997
v 4.201999999999999 7.1719 2.1475999999999997
v 4.201999999999999 7.9281 2.1475999999999997
v 4.131999999999999 7.9281 2.1475999999999997
v 4.131999999999999 7.1719 2.2108
v 4.201999999999999 7.1719 2.2108
v 4.201999999999999 7.9281 2.2108
v 4.131999999999999 7.9281 2.2108
usemtl fieldMat_14
f 3180 3182 3181
f 3180 3183 3182
f 3184 3185 3186
f 3184 3186 3187
f 3180 3181 3185
f 3180 3185 3184
f 3181 3182 3186
f 3181 3186 3185
f 3182 3183 3187
f 3182 3187 3186
f 3183 3180 3184
f 3183 3184 3187
o inn::swin_r_5_frameBottom
v 4.124999999999999 7.1518999999999995 1.3892
v 4.214999999999999 7.1518999999999995 1.3892
v 4.214999999999999 7.9481 1.3892
v 4.124999999999999 7.9481 1.3892
v 4.124999999999999 7.1518999999999995 1.4524000000000001
v 4.214999999999999 7.1518999999999995 1.4524000000000001
v 4.214999999999999 7.9481 1.4524000000000001
v 4.124999999999999 7.9481 1.4524000000000001
usemtl fieldMat_18
f 3188 3190 3189
f 3188 3191 3190
f 3192 3193 3194
f 3192 3194 3195
f 3188 3189 3193
f 3188 3193 3192
f 3189 3190 3194
f 3189 3194 3193
f 3190 3191 3195
f 3190 3195 3194
f 3191 3188 3192
f 3191 3192 3195
o inn::swin_r_5_frameL
v 4.131999999999999 7.210299999999999 1.3608
v 4.201999999999999 7.210299999999999 1.3608
v 4.201999999999999 7.273499999999999 1.3608
v 4.131999999999999 7.273499999999999 1.3608
v 4.131999999999999 7.210299999999999 2.2392
v 4.201999999999999 7.210299999999999 2.2392
v 4.201999999999999 7.273499999999999 2.2392
v 4.131999999999999 7.273499999999999 2.2392
usemtl fieldMat_14
f 3196 3198 3197
f 3196 3199 3198
f 3200 3201 3202
f 3200 3202 3203
f 3196 3197 3201
f 3196 3201 3200
f 3197 3198 3202
f 3197 3202 3201
f 3198 3199 3203
f 3198 3203 3202
f 3199 3196 3200
f 3199 3200 3203
o inn::swin_r_5_frameR
v 4.131999999999999 7.8265 1.3608
v 4.201999999999999 7.8265 1.3608
v 4.201999999999999 7.8897 1.3608
v 4.131999999999999 7.8897 1.3608
v 4.131999999999999 7.8265 2.2392
v 4.201999999999999 7.8265 2.2392
v 4.201999999999999 7.8897 2.2392
v 4.131999999999999 7.8897 2.2392
usemtl fieldMat_14
f 3204 3206 3205
f 3204 3207 3206
f 3208 3209 3210
f 3208 3210 3211
f 3204 3205 3209
f 3204 3209 3208
f 3205 3206 3210
f 3205 3210 3209
f 3206 3207 3211
f 3206 3211 3210
f 3207 3204 3208
f 3207 3208 3211
o inn::swin_r_5_mullionV
v 4.167999999999999 7.525352 1.4808000000000001
v 4.197999999999999 7.525352 1.4808000000000001
v 4.197999999999999 7.574648 1.4808000000000001
v 4.167999999999999 7.574648 1.4808000000000001
v 4.167999999999999 7.525352 2.1192
v 4.197999999999999 7.525352 2.1192
v 4.197999999999999 7.574648 2.1192
v 4.167999999999999 7.574648 2.1192
usemtl fieldMat_14
f 3212 3214 3213
f 3212 3215 3214
f 3216 3217 3218
f 3216 3218 3219
f 3212 3213 3217
f 3212 3217 3216
f 3213 3214 3218
f 3213 3218 3217
f 3214 3215 3219
f 3214 3219 3218
f 3215 3212 3216
f 3215 3216 3219
o inn::swin_r_5_mullionH
v 4.167999999999999 7.3019 1.775352
v 4.197999999999999 7.3019 1.775352
v 4.197999999999999 7.7981 1.775352
v 4.167999999999999 7.7981 1.775352
v 4.167999999999999 7.3019 1.824648
v 4.197999999999999 7.3019 1.824648
v 4.197999999999999 7.7981 1.824648
v 4.167999999999999 7.7981 1.824648
usemtl fieldMat_14
f 3220 3222 3221
f 3220 3223 3222
f 3224 3225 3226
f 3224 3226 3227
f 3220 3221 3225
f 3220 3225 3224
f 3221 3222 3226
f 3221 3226 3225
f 3222 3223 3227
f 3222 3227 3226
f 3223 3220 3224
f 3223 3224 3227
o inn::swin_r_6_glass
v 4.129999999999999 8.8919 1.4208
v 4.18 8.8919 1.4208
v 4.18 9.508099999999999 1.4208
v 4.129999999999999 9.508099999999999 1.4208
v 4.129999999999999 8.8919 2.1792
v 4.18 8.8919 2.1792
v 4.18 9.508099999999999 2.1792
v 4.129999999999999 9.508099999999999 2.1792
usemtl fieldMat_19
f 3228 3230 3229
f 3228 3231 3230
f 3232 3233 3234
f 3232 3234 3235
f 3228 3229 3233
f 3228 3233 3232
f 3229 3230 3234
f 3229 3234 3233
f 3230 3231 3235
f 3230 3235 3234
f 3231 3228 3232
f 3231 3232 3235
o inn::swin_r_6_frameTop
v 4.131999999999999 8.8219 2.1475999999999997
v 4.201999999999999 8.8219 2.1475999999999997
v 4.201999999999999 9.5781 2.1475999999999997
v 4.131999999999999 9.5781 2.1475999999999997
v 4.131999999999999 8.8219 2.2108
v 4.201999999999999 8.8219 2.2108
v 4.201999999999999 9.5781 2.2108
v 4.131999999999999 9.5781 2.2108
usemtl fieldMat_14
f 3236 3238 3237
f 3236 3239 3238
f 3240 3241 3242
f 3240 3242 3243
f 3236 3237 3241
f 3236 3241 3240
f 3237 3238 3242
f 3237 3242 3241
f 3238 3239 3243
f 3238 3243 3242
f 3239 3236 3240
f 3239 3240 3243
o inn::swin_r_6_frameBottom
v 4.124999999999999 8.8019 1.3892
v 4.214999999999999 8.8019 1.3892
v 4.214999999999999 9.598099999999999 1.3892
v 4.124999999999999 9.598099999999999 1.3892
v 4.124999999999999 8.8019 1.4524000000000001
v 4.214999999999999 8.8019 1.4524000000000001
v 4.214999999999999 9.598099999999999 1.4524000000000001
v 4.124999999999999 9.598099999999999 1.4524000000000001
usemtl fieldMat_18
f 3244 3246 3245
f 3244 3247 3246
f 3248 3249 3250
f 3248 3250 3251
f 3244 3245 3249
f 3244 3249 3248
f 3245 3246 3250
f 3245 3250 3249
f 3246 3247 3251
f 3246 3251 3250
f 3247 3244 3248
f 3247 3248 3251
o inn::swin_r_6_frameL
v 4.131999999999999 8.8603 1.3608
v 4.201999999999999 8.8603 1.3608
v 4.201999999999999 8.923499999999999 1.3608
v 4.131999999999999 8.923499999999999 1.3608
v 4.131999999999999 8.8603 2.2392
v 4.201999999999999 8.8603 2.2392
v 4.201999999999999 8.923499999999999 2.2392
v 4.131999999999999 8.923499999999999 2.2392
usemtl fieldMat_14
f 3252 3254 3253
f 3252 3255 3254
f 3256 3257 3258
f 3256 3258 3259
f 3252 3253 3257
f 3252 3257 3256
f 3253 3254 3258
f 3253 3258 3257
f 3254 3255 3259
f 3254 3259 3258
f 3255 3252 3256
f 3255 3256 3259
o inn::swin_r_6_frameR
v 4.131999999999999 9.4765 1.3608
v 4.201999999999999 9.4765 1.3608
v 4.201999999999999 9.539699999999998 1.3608
v 4.131999999999999 9.539699999999998 1.3608
v 4.131999999999999 9.4765 2.2392
v 4.201999999999999 9.4765 2.2392
v 4.201999999999999 9.539699999999998 2.2392
v 4.131999999999999 9.539699999999998 2.2392
usemtl fieldMat_14
f 3260 3262 3261
f 3260 3263 3262
f 3264 3265 3266
f 3264 3266 3267
f 3260 3261 3265
f 3260 3265 3264
f 3261 3262 3266
f 3261 3266 3265
f 3262 3263 3267
f 3262 3267 3266
f 3263 3260 3264
f 3263 3264 3267
o inn::swin_r_6_mullionV
v 4.167999999999999 9.175352 1.4808000000000001
v 4.197999999999999 9.175352 1.4808000000000001
v 4.197999999999999 9.224647999999998 1.4808000000000001
v 4.167999999999999 9.224647999999998 1.4808000000000001
v 4.167999999999999 9.175352 2.1192
v 4.197999999999999 9.175352 2.1192
v 4.197999999999999 9.224647999999998 2.1192
v 4.167999999999999 9.224647999999998 2.1192
usemtl fieldMat_14
f 3268 3270 3269
f 3268 3271 3270
f 3272 3273 3274
f 3272 3274 3275
f 3268 3269 3273
f 3268 3273 3272
f 3269 3270 3274
f 3269 3274 3273
f 3270 3271 3275
f 3270 3275 3274
f 3271 3268 3272
f 3271 3272 3275
o inn::swin_r_6_mullionH
v 4.167999999999999 8.951899999999998 1.775352
v 4.197999999999999 8.951899999999998 1.775352
v 4.197999999999999 9.4481 1.775352
v 4.167999999999999 9.4481 1.775352
v 4.167999999999999 8.951899999999998 1.824648
v 4.197999999999999 8.951899999999998 1.824648
v 4.197999999999999 9.4481 1.824648
v 4.167999999999999 9.4481 1.824648
usemtl fieldMat_14
f 3276 3278 3277
f 3276 3279 3278
f 3280 3281 3282
f 3280 3282 3283
f 3276 3277 3281
f 3276 3281 3280
f 3277 3278 3282
f 3277 3282 3281
f 3278 3279 3283
f 3278 3283 3282
f 3279 3276 3280
f 3279 3280 3283
o inn::swin_r_7_glass
v 4.129999999999999 10.5419 1.4208
v 4.18 10.5419 1.4208
v 4.18 11.1581 1.4208
v 4.129999999999999 11.1581 1.4208
v 4.129999999999999 10.5419 2.1792
v 4.18 10.5419 2.1792
v 4.18 11.1581 2.1792
v 4.129999999999999 11.1581 2.1792
usemtl fieldMat_19
f 3284 3286 3285
f 3284 3287 3286
f 3288 3289 3290
f 3288 3290 3291
f 3284 3285 3289
f 3284 3289 3288
f 3285 3286 3290
f 3285 3290 3289
f 3286 3287 3291
f 3286 3291 3290
f 3287 3284 3288
f 3287 3288 3291
o inn::swin_r_7_frameTop
v 4.131999999999999 10.4719 2.1475999999999997
v 4.201999999999999 10.4719 2.1475999999999997
v 4.201999999999999 11.2281 2.1475999999999997
v 4.131999999999999 11.2281 2.1475999999999997
v 4.131999999999999 10.4719 2.2108
v 4.201999999999999 10.4719 2.2108
v 4.201999999999999 11.2281 2.2108
v 4.131999999999999 11.2281 2.2108
usemtl fieldMat_14
f 3292 3294 3293
f 3292 3295 3294
f 3296 3297 3298
f 3296 3298 3299
f 3292 3293 3297
f 3292 3297 3296
f 3293 3294 3298
f 3293 3298 3297
f 3294 3295 3299
f 3294 3299 3298
f 3295 3292 3296
f 3295 3296 3299
o inn::swin_r_7_frameBottom
v 4.124999999999999 10.4519 1.3892
v 4.214999999999999 10.4519 1.3892
v 4.214999999999999 11.248099999999999 1.3892
v 4.124999999999999 11.248099999999999 1.3892
v 4.124999999999999 10.4519 1.4524000000000001
v 4.214999999999999 10.4519 1.4524000000000001
v 4.214999999999999 11.248099999999999 1.4524000000000001
v 4.124999999999999 11.248099999999999 1.4524000000000001
usemtl fieldMat_18
f 3300 3302 3301
f 3300 3303 3302
f 3304 3305 3306
f 3304 3306 3307
f 3300 3301 3305
f 3300 3305 3304
f 3301 3302 3306
f 3301 3306 3305
f 3302 3303 3307
f 3302 3307 3306
f 3303 3300 3304
f 3303 3304 3307
o inn::swin_r_7_frameL
v 4.131999999999999 10.5103 1.3608
v 4.201999999999999 10.5103 1.3608
v 4.201999999999999 10.5735 1.3608
v 4.131999999999999 10.5735 1.3608
v 4.131999999999999 10.5103 2.2392
v 4.201999999999999 10.5103 2.2392
v 4.201999999999999 10.5735 2.2392
v 4.131999999999999 10.5735 2.2392
usemtl fieldMat_14
f 3308 3310 3309
f 3308 3311 3310
f 3312 3313 3314
f 3312 3314 3315
f 3308 3309 3313
f 3308 3313 3312
f 3309 3310 3314
f 3309 3314 3313
f 3310 3311 3315
f 3310 3315 3314
f 3311 3308 3312
f 3311 3312 3315
o inn::swin_r_7_frameR
v 4.131999999999999 11.1265 1.3608
v 4.201999999999999 11.1265 1.3608
v 4.201999999999999 11.189699999999998 1.3608
v 4.131999999999999 11.189699999999998 1.3608
v 4.131999999999999 11.1265 2.2392
v 4.201999999999999 11.1265 2.2392
v 4.201999999999999 11.189699999999998 2.2392
v 4.131999999999999 11.189699999999998 2.2392
usemtl fieldMat_14
f 3316 3318 3317
f 3316 3319 3318
f 3320 3321 3322
f 3320 3322 3323
f 3316 3317 3321
f 3316 3321 3320
f 3317 3318 3322
f 3317 3322 3321
f 3318 3319 3323
f 3318 3323 3322
f 3319 3316 3320
f 3319 3320 3323
o inn::swin_r_7_mullionV
v 4.167999999999999 10.825351999999999 1.4808000000000001
v 4.197999999999999 10.825351999999999 1.4808000000000001
v 4.197999999999999 10.874648 1.4808000000000001
v 4.167999999999999 10.874648 1.4808000000000001
v 4.167999999999999 10.825351999999999 2.1192
v 4.197999999999999 10.825351999999999 2.1192
v 4.197999999999999 10.874648 2.1192
v 4.167999999999999 10.874648 2.1192
usemtl fieldMat_14
f 3324 3326 3325
f 3324 3327 3326
f 3328 3329 3330
f 3328 3330 3331
f 3324 3325 3329
f 3324 3329 3328
f 3325 3326 3330
f 3325 3330 3329
f 3326 3327 3331
f 3326 3331 3330
f 3327 3324 3328
f 3327 3328 3331
o inn::swin_r_7_mullionH
v 4.167999999999999 10.601899999999999 1.775352
v 4.197999999999999 10.601899999999999 1.775352
v 4.197999999999999 11.0981 1.775352
v 4.167999999999999 11.0981 1.775352
v 4.167999999999999 10.601899999999999 1.824648
v 4.197999999999999 10.601899999999999 1.824648
v 4.197999999999999 11.0981 1.824648
v 4.167999999999999 11.0981 1.824648
usemtl fieldMat_14
f 3332 3334 3333
f 3332 3335 3334
f 3336 3337 3338
f 3336 3338 3339
f 3332 3333 3337
f 3332 3337 3336
f 3333 3334 3338
f 3333 3338 3337
f 3334 3335 3339
f 3334 3339 3338
f 3335 3332 3336
f 3335 3336 3339
o inn::swin_l_8_glass
v -4.18 7.5192 1.4544000000000001
v -4.129999999999999 7.5192 1.4544000000000001
v -4.129999999999999 8.0808 1.4544000000000001
v -4.18 8.0808 1.4544000000000001
v -4.18 7.5192 2.1456
v -4.129999999999999 7.5192 2.1456
v -4.129999999999999 8.0808 2.1456
v -4.18 8.0808 2.1456
usemtl fieldMat_19
f 3340 3342 3341
f 3340 3343 3342
f 3344 3345 3346
f 3344 3346 3347
f 3340 3341 3345
f 3340 3345 3344
f 3341 3342 3346
f 3341 3346 3345
f 3342 3343 3347
f 3342 3347 3346
f 3343 3340 3344
f 3343 3344 3347
o inn::swin_l_8_frameTop
v -4.178 7.449199999999999 2.1168
v -4.108 7.449199999999999 2.1168
v -4.108 8.1508 2.1168
v -4.178 8.1508 2.1168
v -4.178 7.449199999999999 2.1744
v -4.108 7.449199999999999 2.1744
v -4.108 8.1508 2.1744
v -4.178 8.1508 2.1744
usemtl fieldMat_14
f 3348 3350 3349
f 3348 3351 3350
f 3352 3353 3354
f 3352 3354 3355
f 3348 3349 3353
f 3348 3353 3352
f 3349 3350 3354
f 3349 3354 3353
f 3350 3351 3355
f 3350 3355 3354
f 3351 3348 3352
f 3351 3352 3355
o inn::swin_l_8_frameBottom
v -4.185 7.4292 1.4256000000000002
v -4.095 7.4292 1.4256000000000002
v -4.095 8.1708 1.4256000000000002
v -4.185 8.1708 1.4256000000000002
v -4.185 7.4292 1.4832
v -4.095 7.4292 1.4832
v -4.095 8.1708 1.4832
v -4.185 8.1708 1.4832
usemtl fieldMat_18
f 3356 3358 3357
f 3356 3359 3358
f 3360 3361 3362
f 3360 3362 3363
f 3356 3357 3361
f 3356 3361 3360
f 3357 3358 3362
f 3357 3362 3361
f 3358 3359 3363
f 3358 3363 3362
f 3359 3356 3360
f 3359 3360 3363
o inn::swin_l_8_frameL
v -4.178 7.490399999999999 1.3944
v -4.108 7.490399999999999 1.3944
v -4.108 7.548 1.3944
v -4.178 7.548 1.3944
v -4.178 7.490399999999999 2.2056
v -4.108 7.490399999999999 2.2056
v -4.108 7.548 2.2056
v -4.178 7.548 2.2056
usemtl fieldMat_14
f 3364 3366 3365
f 3364 3367 3366
f 3368 3369 3370
f 3368 3370 3371
f 3364 3365 3369
f 3364 3369 3368
f 3365 3366 3370
f 3365 3370 3369
f 3366 3367 3371
f 3366 3371 3370
f 3367 3364 3368
f 3367 3368 3371
o inn::swin_l_8_frameR
v -4.178 8.052 1.3944
v -4.108 8.052 1.3944
v -4.108 8.1096 1.3944
v -4.178 8.1096 1.3944
v -4.178 8.052 2.2056
v -4.108 8.052 2.2056
v -4.108 8.1096 2.2056
v -4.178 8.1096 2.2056
usemtl fieldMat_14
f 3372 3374 3373
f 3372 3375 3374
f 3376 3377 3378
f 3376 3378 3379
f 3372 3373 3377
f 3372 3377 3376
f 3373 3374 3378
f 3373 3378 3377
f 3374 3375 3379
f 3374 3379 3378
f 3375 3372 3376
f 3375 3376 3379
o inn::swin_l_8_mullionV
v -4.1419999999999995 7.777536 1.5144000000000002
v -4.112 7.777536 1.5144000000000002
v -4.112 7.822464 1.5144000000000002
v -4.1419999999999995 7.822464 1.5144000000000002
v -4.1419999999999995 7.777536 2.0856
v -4.112 7.777536 2.0856
v -4.112 7.822464 2.0856
v -4.1419999999999995 7.822464 2.0856
usemtl fieldMat_14
f 3380 3382 3381
f 3380 3383 3382
f 3384 3385 3386
f 3384 3386 3387
f 3380 3381 3385
f 3380 3385 3384
f 3381 3382 3386
f 3381 3386 3385
f 3382 3383 3387
f 3382 3387 3386
f 3383 3380 3384
f 3383 3384 3387
o inn::swin_l_8_mullionH
v -4.1419999999999995 7.5792 1.777536
v -4.112 7.5792 1.777536
v -4.112 8.0208 1.777536
v -4.1419999999999995 8.0208 1.777536
v -4.1419999999999995 7.5792 1.822464
v -4.112 7.5792 1.822464
v -4.112 8.0208 1.822464
v -4.1419999999999995 8.0208 1.822464
usemtl fieldMat_14
f 3388 3390 3389
f 3388 3391 3390
f 3392 3393 3394
f 3392 3394 3395
f 3388 3389 3393
f 3388 3393 3392
f 3389 3390 3394
f 3389 3394 3393
f 3390 3391 3395
f 3390 3395 3394
f 3391 3388 3392
f 3391 3392 3395
o inn::swin_l_9_glass
v -4.18 9.619200000000001 1.4544000000000001
v -4.129999999999999 9.619200000000001 1.4544000000000001
v -4.129999999999999 10.1808 1.4544000000000001
v -4.18 10.1808 1.4544000000000001
v -4.18 9.619200000000001 2.1456
v -4.129999999999999 9.619200000000001 2.1456
v -4.129999999999999 10.1808 2.1456
v -4.18 10.1808 2.1456
usemtl fieldMat_19
f 3396 3398 3397
f 3396 3399 3398
f 3400 3401 3402
f 3400 3402 3403
f 3396 3397 3401
f 3396 3401 3400
f 3397 3398 3402
f 3397 3402 3401
f 3398 3399 3403
f 3398 3403 3402
f 3399 3396 3400
f 3399 3400 3403
o inn::swin_l_9_frameTop
v -4.178 9.5492 2.1168
v -4.108 9.5492 2.1168
v -4.108 10.2508 2.1168
v -4.178 10.2508 2.1168
v -4.178 9.5492 2.1744
v -4.108 9.5492 2.1744
v -4.108 10.2508 2.1744
v -4.178 10.2508 2.1744
usemtl fieldMat_14
f 3404 3406 3405
f 3404 3407 3406
f 3408 3409 3410
f 3408 3410 3411
f 3404 3405 3409
f 3404 3409 3408
f 3405 3406 3410
f 3405 3410 3409
f 3406 3407 3411
f 3406 3411 3410
f 3407 3404 3408
f 3407 3408 3411
o inn::swin_l_9_frameBottom
v -4.185 9.5292 1.4256000000000002
v -4.095 9.5292 1.4256000000000002
v -4.095 10.270800000000001 1.4256000000000002
v -4.185 10.270800000000001 1.4256000000000002
v -4.185 9.5292 1.4832
v -4.095 9.5292 1.4832
v -4.095 10.270800000000001 1.4832
v -4.185 10.270800000000001 1.4832
usemtl fieldMat_18
f 3412 3414 3413
f 3412 3415 3414
f 3416 3417 3418
f 3416 3418 3419
f 3412 3413 3417
f 3412 3417 3416
f 3413 3414 3418
f 3413 3418 3417
f 3414 3415 3419
f 3414 3419 3418
f 3415 3412 3416
f 3415 3416 3419
o inn::swin_l_9_frameL
v -4.178 9.590399999999999 1.3944
v -4.108 9.590399999999999 1.3944
v -4.108 9.648 1.3944
v -4.178 9.648 1.3944
v -4.178 9.590399999999999 2.2056
v -4.108 9.590399999999999 2.2056
v -4.108 9.648 2.2056
v -4.178 9.648 2.2056
usemtl fieldMat_14
f 3420 3422 3421
f 3420 3423 3422
f 3424 3425 3426
f 3424 3426 3427
f 3420 3421 3425
f 3420 3425 3424
f 3421 3422 3426
f 3421 3426 3425
f 3422 3423 3427
f 3422 3427 3426
f 3423 3420 3424
f 3423 3424 3427
o inn::swin_l_9_frameR
v -4.178 10.152 1.3944
v -4.108 10.152 1.3944
v -4.108 10.2096 1.3944
v -4.178 10.2096 1.3944
v -4.178 10.152 2.2056
v -4.108 10.152 2.2056
v -4.108 10.2096 2.2056
v -4.178 10.2096 2.2056
usemtl fieldMat_14
f 3428 3430 3429
f 3428 3431 3430
f 3432 3433 3434
f 3432 3434 3435
f 3428 3429 3433
f 3428 3433 3432
f 3429 3430 3434
f 3429 3434 3433
f 3430 3431 3435
f 3430 3435 3434
f 3431 3428 3432
f 3431 3432 3435
o inn::swin_l_9_mullionV
v -4.1419999999999995 9.877536000000001 1.5144000000000002
v -4.112 9.877536000000001 1.5144000000000002
v -4.112 9.922464 1.5144000000000002
v -4.1419999999999995 9.922464 1.5144000000000002
v -4.1419999999999995 9.877536000000001 2.0856
v -4.112 9.877536000000001 2.0856
v -4.112 9.922464 2.0856
v -4.1419999999999995 9.922464 2.0856
usemtl fieldMat_14
f 3436 3438 3437
f 3436 3439 3438
f 3440 3441 3442
f 3440 3442 3443
f 3436 3437 3441
f 3436 3441 3440
f 3437 3438 3442
f 3437 3442 3441
f 3438 3439 3443
f 3438 3443 3442
f 3439 3436 3440
f 3439 3440 3443
o inn::swin_l_9_mullionH
v -4.1419999999999995 9.6792 1.777536
v -4.112 9.6792 1.777536
v -4.112 10.120800000000001 1.777536
v -4.1419999999999995 10.120800000000001 1.777536
v -4.1419999999999995 9.6792 1.822464
v -4.112 9.6792 1.822464
v -4.112 10.120800000000001 1.822464
v -4.1419999999999995 10.120800000000001 1.822464
usemtl fieldMat_14
f 3444 3446 3445
f 3444 3447 3446
f 3448 3449 3450
f 3448 3450 3451
f 3444 3445 3449
f 3444 3449 3448
f 3445 3446 3450
f 3445 3450 3449
f 3446 3447 3451
f 3446 3451 3450
f 3447 3444 3448
f 3447 3448 3451
o inn::swin_r_10_glass
v 4.129999999999999 7.241899999999999 3.8708
v 4.18 7.241899999999999 3.8708
v 4.18 7.8581 3.8708
v 4.129999999999999 7.8581 3.8708
v 4.129999999999999 7.241899999999999 4.6292
v 4.18 7.241899999999999 4.6292
v 4.18 7.8581 4.6292
v 4.129999999999999 7.8581 4.6292
usemtl fieldMat_19
f 3452 3454 3453
f 3452 3455 3454
f 3456 3457 3458
f 3456 3458 3459
f 3452 3453 3457
f 3452 3457 3456
f 3453 3454 3458
f 3453 3458 3457
f 3454 3455 3459
f 3454 3459 3458
f 3455 3452 3456
f 3455 3456 3459
o inn::swin_r_10_frameTop
v 4.131999999999999 7.1719 4.5976
v 4.201999999999999 7.1719 4.5976
v 4.201999999999999 7.9281 4.5976
v 4.131999999999999 7.9281 4.5976
v 4.131999999999999 7.1719 4.6608
v 4.201999999999999 7.1719 4.6608
v 4.201999999999999 7.9281 4.6608
v 4.131999999999999 7.9281 4.6608
usemtl fieldMat_14
f 3460 3462 3461
f 3460 3463 3462
f 3464 3465 3466
f 3464 3466 3467
f 3460 3461 3465
f 3460 3465 3464
f 3461 3462 3466
f 3461 3466 3465
f 3462 3463 3467
f 3462 3467 3466
f 3463 3460 3464
f 3463 3464 3467
o inn::swin_r_10_frameBottom
v 4.124999999999999 7.1518999999999995 3.8392
v 4.214999999999999 7.1518999999999995 3.8392
v 4.214999999999999 7.9481 3.8392
v 4.124999999999999 7.9481 3.8392
v 4.124999999999999 7.1518999999999995 3.9024
v 4.214999999999999 7.1518999999999995 3.9024
v 4.214999999999999 7.9481 3.9024
v 4.124999999999999 7.9481 3.9024
usemtl fieldMat_18
f 3468 3470 3469
f 3468 3471 3470
f 3472 3473 3474
f 3472 3474 3475
f 3468 3469 3473
f 3468 3473 3472
f 3469 3470 3474
f 3469 3474 3473
f 3470 3471 3475
f 3470 3475 3474
f 3471 3468 3472
f 3471 3472 3475
o inn::swin_r_10_frameL
v 4.131999999999999 7.210299999999999 3.8108
v 4.201999999999999 7.210299999999999 3.8108
v 4.201999999999999 7.273499999999999 3.8108
v 4.131999999999999 7.273499999999999 3.8108
v 4.131999999999999 7.210299999999999 4.6892
v 4.201999999999999 7.210299999999999 4.6892
v 4.201999999999999 7.273499999999999 4.6892
v 4.131999999999999 7.273499999999999 4.6892
usemtl fieldMat_14
f 3476 3478 3477
f 3476 3479 3478
f 3480 3481 3482
f 3480 3482 3483
f 3476 3477 3481
f 3476 3481 3480
f 3477 3478 3482
f 3477 3482 3481
f 3478 3479 3483
f 3478 3483 3482
f 3479 3476 3480
f 3479 3480 3483
o inn::swin_r_10_frameR
v 4.131999999999999 7.8265 3.8108
v 4.201999999999999 7.8265 3.8108
v 4.201999999999999 7.8897 3.8108
v 4.131999999999999 7.8897 3.8108
v 4.131999999999999 7.8265 4.6892
v 4.201999999999999 7.8265 4.6892
v 4.201999999999999 7.8897 4.6892
v 4.131999999999999 7.8897 4.6892
usemtl fieldMat_14
f 3484 3486 3485
f 3484 3487 3486
f 3488 3489 3490
f 3488 3490 3491
f 3484 3485 3489
f 3484 3489 3488
f 3485 3486 3490
f 3485 3490 3489
f 3486 3487 3491
f 3486 3491 3490
f 3487 3484 3488
f 3487 3488 3491
o inn::swin_r_10_mullionV
v 4.167999999999999 7.525352 3.9308
v 4.197999999999999 7.525352 3.9308
v 4.197999999999999 7.574648 3.9308
v 4.167999999999999 7.574648 3.9308
v 4.167999999999999 7.525352 4.5692
v 4.197999999999999 7.525352 4.5692
v 4.197999999999999 7.574648 4.5692
v 4.167999999999999 7.574648 4.5692
usemtl fieldMat_14
f 3492 3494 3493
f 3492 3495 3494
f 3496 3497 3498
f 3496 3498 3499
f 3492 3493 3497
f 3492 3497 3496
f 3493 3494 3498
f 3493 3498 3497
f 3494 3495 3499
f 3494 3499 3498
f 3495 3492 3496
f 3495 3496 3499
o inn::swin_r_10_mullionH
v 4.167999999999999 7.3019 4.225352
v 4.197999999999999 7.3019 4.225352
v 4.197999999999999 7.7981 4.225352
v 4.167999999999999 7.7981 4.225352
v 4.167999999999999 7.3019 4.274648
v 4.197999999999999 7.3019 4.274648
v 4.197999999999999 7.7981 4.274648
v 4.167999999999999 7.7981 4.274648
usemtl fieldMat_14
f 3500 3502 3501
f 3500 3503 3502
f 3504 3505 3506
f 3504 3506 3507
f 3500 3501 3505
f 3500 3505 3504
f 3501 3502 3506
f 3501 3506 3505
f 3502 3503 3507
f 3502 3507 3506
f 3503 3500 3504
f 3503 3504 3507
o inn::swin_r_11_glass
v 4.129999999999999 8.8919 3.8708
v 4.18 8.8919 3.8708
v 4.18 9.508099999999999 3.8708
v 4.129999999999999 9.508099999999999 3.8708
v 4.129999999999999 8.8919 4.6292
v 4.18 8.8919 4.6292
v 4.18 9.508099999999999 4.6292
v 4.129999999999999 9.508099999999999 4.6292
usemtl fieldMat_19
f 3508 3510 3509
f 3508 3511 3510
f 3512 3513 3514
f 3512 3514 3515
f 3508 3509 3513
f 3508 3513 3512
f 3509 3510 3514
f 3509 3514 3513
f 3510 3511 3515
f 3510 3515 3514
f 3511 3508 3512
f 3511 3512 3515
o inn::swin_r_11_frameTop
v 4.131999999999999 8.8219 4.5976
v 4.201999999999999 8.8219 4.5976
v 4.201999999999999 9.5781 4.5976
v 4.131999999999999 9.5781 4.5976
v 4.131999999999999 8.8219 4.6608
v 4.201999999999999 8.8219 4.6608
v 4.201999999999999 9.5781 4.6608
v 4.131999999999999 9.5781 4.6608
usemtl fieldMat_14
f 3516 3518 3517
f 3516 3519 3518
f 3520 3521 3522
f 3520 3522 3523
f 3516 3517 3521
f 3516 3521 3520
f 3517 3518 3522
f 3517 3522 3521
f 3518 3519 3523
f 3518 3523 3522
f 3519 3516 3520
f 3519 3520 3523
o inn::swin_r_11_frameBottom
v 4.124999999999999 8.8019 3.8392
v 4.214999999999999 8.8019 3.8392
v 4.214999999999999 9.598099999999999 3.8392
v 4.124999999999999 9.598099999999999 3.8392
v 4.124999999999999 8.8019 3.9024
v 4.214999999999999 8.8019 3.9024
v 4.214999999999999 9.598099999999999 3.9024
v 4.124999999999999 9.598099999999999 3.9024
usemtl fieldMat_18
f 3524 3526 3525
f 3524 3527 3526
f 3528 3529 3530
f 3528 3530 3531
f 3524 3525 3529
f 3524 3529 3528
f 3525 3526 3530
f 3525 3530 3529
f 3526 3527 3531
f 3526 3531 3530
f 3527 3524 3528
f 3527 3528 3531
o inn::swin_r_11_frameL
v 4.131999999999999 8.8603 3.8108
v 4.201999999999999 8.8603 3.8108
v 4.201999999999999 8.923499999999999 3.8108
v 4.131999999999999 8.923499999999999 3.8108
v 4.131999999999999 8.8603 4.6892
v 4.201999999999999 8.8603 4.6892
v 4.201999999999999 8.923499999999999 4.6892
v 4.131999999999999 8.923499999999999 4.6892
usemtl fieldMat_14
f 3532 3534 3533
f 3532 3535 3534
f 3536 3537 3538
f 3536 3538 3539
f 3532 3533 3537
f 3532 3537 3536
f 3533 3534 3538
f 3533 3538 3537
f 3534 3535 3539
f 3534 3539 3538
f 3535 3532 3536
f 3535 3536 3539
o inn::swin_r_11_frameR
v 4.131999999999999 9.4765 3.8108
v 4.201999999999999 9.4765 3.8108
v 4.201999999999999 9.539699999999998 3.8108
v 4.131999999999999 9.539699999999998 3.8108
v 4.131999999999999 9.4765 4.6892
v 4.201999999999999 9.4765 4.6892
v 4.201999999999999 9.539699999999998 4.6892
v 4.131999999999999 9.539699999999998 4.6892
usemtl fieldMat_14
f 3540 3542 3541
f 3540 3543 3542
f 3544 3545 3546
f 3544 3546 3547
f 3540 3541 3545
f 3540 3545 3544
f 3541 3542 3546
f 3541 3546 3545
f 3542 3543 3547
f 3542 3547 3546
f 3543 3540 3544
f 3543 3544 3547
o inn::swin_r_11_mullionV
v 4.167999999999999 9.175352 3.9308
v 4.197999999999999 9.175352 3.9308
v 4.197999999999999 9.224647999999998 3.9308
v 4.167999999999999 9.224647999999998 3.9308
v 4.167999999999999 9.175352 4.5692
v 4.197999999999999 9.175352 4.5692
v 4.197999999999999 9.224647999999998 4.5692
v 4.167999999999999 9.224647999999998 4.5692
usemtl fieldMat_14
f 3548 3550 3549
f 3548 3551 3550
f 3552 3553 3554
f 3552 3554 3555
f 3548 3549 3553
f 3548 3553 3552
f 3549 3550 3554
f 3549 3554 3553
f 3550 3551 3555
f 3550 3555 3554
f 3551 3548 3552
f 3551 3552 3555
o inn::swin_r_11_mullionH
v 4.167999999999999 8.951899999999998 4.225352
v 4.197999999999999 8.951899999999998 4.225352
v 4.197999999999999 9.4481 4.225352
v 4.167999999999999 9.4481 4.225352
v 4.167999999999999 8.951899999999998 4.274648
v 4.197999999999999 8.951899999999998 4.274648
v 4.197999999999999 9.4481 4.274648
v 4.167999999999999 9.4481 4.274648
usemtl fieldMat_14
f 3556 3558 3557
f 3556 3559 3558
f 3560 3561 3562
f 3560 3562 3563
f 3556 3557 3561
f 3556 3561 3560
f 3557 3558 3562
f 3557 3562 3561
f 3558 3559 3563
f 3558 3563 3562
f 3559 3556 3560
f 3559 3560 3563
o inn::swin_r_11_shutterL
v 4.152499999999999 8.7019 3.8508
v 4.197499999999999 8.7019 3.8508
v 4.197499999999999 8.8419 3.8508
v 4.152499999999999 8.8419 3.8508
v 4.152499999999999 8.7019 4.6492
v 4.197499999999999 8.7019 4.6492
v 4.197499999999999 8.8419 4.6492
v 4.152499999999999 8.8419 4.6492
usemtl fieldMat_13
f 3564 3566 3565
f 3564 3567 3566
f 3568 3569 3570
f 3568 3570 3571
f 3564 3565 3569
f 3564 3569 3568
f 3565 3566 3570
f 3565 3570 3569
f 3566 3567 3571
f 3566 3571 3570
f 3567 3564 3568
f 3567 3568 3571
o inn::swin_r_11_shutterR
v 4.152499999999999 9.5581 3.8508
v 4.197499999999999 9.5581 3.8508
v 4.197499999999999 9.6981 3.8508
v 4.152499999999999 9.6981 3.8508
v 4.152499999999999 9.5581 4.6492
v 4.197499999999999 9.5581 4.6492
v 4.197499999999999 9.6981 4.6492
v 4.152499999999999 9.6981 4.6492
usemtl fieldMat_13
f 3572 3574 3573
f 3572 3575 3574
f 3576 3577 3578
f 3576 3578 3579
f 3572 3573 3577
f 3572 3577 3576
f 3573 3574 3578
f 3573 3578 3577
f 3574 3575 3579
f 3574 3579 3578
f 3575 3572 3576
f 3575 3576 3579
o inn::swin_r_12_glass
v 4.129999999999999 10.5419 3.8708
v 4.18 10.5419 3.8708
v 4.18 11.1581 3.8708
v 4.129999999999999 11.1581 3.8708
v 4.129999999999999 10.5419 4.6292
v 4.18 10.5419 4.6292
v 4.18 11.1581 4.6292
v 4.129999999999999 11.1581 4.6292
usemtl fieldMat_19
f 3580 3582 3581
f 3580 3583 3582
f 3584 3585 3586
f 3584 3586 3587
f 3580 3581 3585
f 3580 3585 3584
f 3581 3582 3586
f 3581 3586 3585
f 3582 3583 3587
f 3582 3587 3586
f 3583 3580 3584
f 3583 3584 3587
o inn::swin_r_12_frameTop
v 4.131999999999999 10.4719 4.5976
v 4.201999999999999 10.4719 4.5976
v 4.201999999999999 11.2281 4.5976
v 4.131999999999999 11.2281 4.5976
v 4.131999999999999 10.4719 4.6608
v 4.201999999999999 10.4719 4.6608
v 4.201999999999999 11.2281 4.6608
v 4.131999999999999 11.2281 4.6608
usemtl fieldMat_14
f 3588 3590 3589
f 3588 3591 3590
f 3592 3593 3594
f 3592 3594 3595
f 3588 3589 3593
f 3588 3593 3592
f 3589 3590 3594
f 3589 3594 3593
f 3590 3591 3595
f 3590 3595 3594
f 3591 3588 3592
f 3591 3592 3595
o inn::swin_r_12_frameBottom
v 4.124999999999999 10.4519 3.8392
v 4.214999999999999 10.4519 3.8392
v 4.214999999999999 11.248099999999999 3.8392
v 4.124999999999999 11.248099999999999 3.8392
v 4.124999999999999 10.4519 3.9024
v 4.214999999999999 10.4519 3.9024
v 4.214999999999999 11.248099999999999 3.9024
v 4.124999999999999 11.248099999999999 3.9024
usemtl fieldMat_18
f 3596 3598 3597
f 3596 3599 3598
f 3600 3601 3602
f 3600 3602 3603
f 3596 3597 3601
f 3596 3601 3600
f 3597 3598 3602
f 3597 3602 3601
f 3598 3599 3603
f 3598 3603 3602
f 3599 3596 3600
f 3599 3600 3603
o inn::swin_r_12_frameL
v 4.131999999999999 10.5103 3.8108
v 4.201999999999999 10.5103 3.8108
v 4.201999999999999 10.5735 3.8108
v 4.131999999999999 10.5735 3.8108
v 4.131999999999999 10.5103 4.6892
v 4.201999999999999 10.5103 4.6892
v 4.201999999999999 10.5735 4.6892
v 4.131999999999999 10.5735 4.6892
usemtl fieldMat_14
f 3604 3606 3605
f 3604 3607 3606
f 3608 3609 3610
f 3608 3610 3611
f 3604 3605 3609
f 3604 3609 3608
f 3605 3606 3610
f 3605 3610 3609
f 3606 3607 3611
f 3606 3611 3610
f 3607 3604 3608
f 3607 3608 3611
o inn::swin_r_12_frameR
v 4.131999999999999 11.1265 3.8108
v 4.201999999999999 11.1265 3.8108
v 4.201999999999999 11.189699999999998 3.8108
v 4.131999999999999 11.189699999999998 3.8108
v 4.131999999999999 11.1265 4.6892
v 4.201999999999999 11.1265 4.6892
v 4.201999999999999 11.189699999999998 4.6892
v 4.131999999999999 11.189699999999998 4.6892
usemtl fieldMat_14
f 3612 3614 3613
f 3612 3615 3614
f 3616 3617 3618
f 3616 3618 3619
f 3612 3613 3617
f 3612 3617 3616
f 3613 3614 3618
f 3613 3618 3617
f 3614 3615 3619
f 3614 3619 3618
f 3615 3612 3616
f 3615 3616 3619
o inn::swin_r_12_mullionV
v 4.167999999999999 10.825351999999999 3.9308
v 4.197999999999999 10.825351999999999 3.9308
v 4.197999999999999 10.874648 3.9308
v 4.167999999999999 10.874648 3.9308
v 4.167999999999999 10.825351999999999 4.5692
v 4.197999999999999 10.825351999999999 4.5692
v 4.197999999999999 10.874648 4.5692
v 4.167999999999999 10.874648 4.5692
usemtl fieldMat_14
f 3620 3622 3621
f 3620 3623 3622
f 3624 3625 3626
f 3624 3626 3627
f 3620 3621 3625
f 3620 3625 3624
f 3621 3622 3626
f 3621 3626 3625
f 3622 3623 3627
f 3622 3627 3626
f 3623 3620 3624
f 3623 3624 3627
o inn::swin_r_12_mullionH
v 4.167999999999999 10.601899999999999 4.225352
v 4.197999999999999 10.601899999999999 4.225352
v 4.197999999999999 11.0981 4.225352
v 4.167999999999999 11.0981 4.225352
v 4.167999999999999 10.601899999999999 4.274648
v 4.197999999999999 10.601899999999999 4.274648
v 4.197999999999999 11.0981 4.274648
v 4.167999999999999 11.0981 4.274648
usemtl fieldMat_14
f 3628 3630 3629
f 3628 3631 3630
f 3632 3633 3634
f 3632 3634 3635
f 3628 3629 3633
f 3628 3633 3632
f 3629 3630 3634
f 3629 3634 3633
f 3630 3631 3635
f 3630 3635 3634
f 3631 3628 3632
f 3631 3632 3635
o inn::swin_r_12_shutterL
v 4.152499999999999 10.351899999999999 3.8508
v 4.197499999999999 10.351899999999999 3.8508
v 4.197499999999999 10.4919 3.8508
v 4.152499999999999 10.4919 3.8508
v 4.152499999999999 10.351899999999999 4.6492
v 4.197499999999999 10.351899999999999 4.6492
v 4.197499999999999 10.4919 4.6492
v 4.152499999999999 10.4919 4.6492
usemtl fieldMat_13
f 3636 3638 3637
f 3636 3639 3638
f 3640 3641 3642
f 3640 3642 3643
f 3636 3637 3641
f 3636 3641 3640
f 3637 3638 3642
f 3637 3642 3641
f 3638 3639 3643
f 3638 3643 3642
f 3639 3636 3640
f 3639 3640 3643
o inn::swin_r_12_shutterR
v 4.152499999999999 11.2081 3.8508
v 4.197499999999999 11.2081 3.8508
v 4.197499999999999 11.3481 3.8508
v 4.152499999999999 11.3481 3.8508
v 4.152499999999999 11.2081 4.6492
v 4.197499999999999 11.2081 4.6492
v 4.197499999999999 11.3481 4.6492
v 4.152499999999999 11.3481 4.6492
usemtl fieldMat_13
f 3644 3646 3645
f 3644 3647 3646
f 3648 3649 3650
f 3648 3650 3651
f 3644 3645 3649
f 3644 3649 3648
f 3645 3646 3650
f 3645 3650 3649
f 3646 3647 3651
f 3646 3651 3650
f 3647 3644 3648
f 3647 3648 3651
o inn::swin_l_13_glass
v -4.18 7.5192 3.9044
v -4.129999999999999 7.5192 3.9044
v -4.129999999999999 8.0808 3.9044
v -4.18 8.0808 3.9044
v -4.18 7.5192 4.5956
v -4.129999999999999 7.5192 4.5956
v -4.129999999999999 8.0808 4.5956
v -4.18 8.0808 4.5956
usemtl fieldMat_19
f 3652 3654 3653
f 3652 3655 3654
f 3656 3657 3658
f 3656 3658 3659
f 3652 3653 3657
f 3652 3657 3656
f 3653 3654 3658
f 3653 3658 3657
f 3654 3655 3659
f 3654 3659 3658
f 3655 3652 3656
f 3655 3656 3659
o inn::swin_l_13_frameTop
v -4.178 7.449199999999999 4.5668
v -4.108 7.449199999999999 4.5668
v -4.108 8.1508 4.5668
v -4.178 8.1508 4.5668
v -4.178 7.449199999999999 4.6244000000000005
v -4.108 7.449199999999999 4.6244000000000005
v -4.108 8.1508 4.6244000000000005
v -4.178 8.1508 4.6244000000000005
usemtl fieldMat_14
f 3660 3662 3661
f 3660 3663 3662
f 3664 3665 3666
f 3664 3666 3667
f 3660 3661 3665
f 3660 3665 3664
f 3661 3662 3666
f 3661 3666 3665
f 3662 3663 3667
f 3662 3667 3666
f 3663 3660 3664
f 3663 3664 3667
o inn::swin_l_13_frameBottom
v -4.185 7.4292 3.8756
v -4.095 7.4292 3.8756
v -4.095 8.1708 3.8756
v -4.185 8.1708 3.8756
v -4.185 7.4292 3.9332
v -4.095 7.4292 3.9332
v -4.095 8.1708 3.9332
v -4.185 8.1708 3.9332
usemtl fieldMat_18
f 3668 3670 3669
f 3668 3671 3670
f 3672 3673 3674
f 3672 3674 3675
f 3668 3669 3673
f 3668 3673 3672
f 3669 3670 3674
f 3669 3674 3673
f 3670 3671 3675
f 3670 3675 3674
f 3671 3668 3672
f 3671 3672 3675
o inn::swin_l_13_frameL
v -4.178 7.490399999999999 3.8444000000000003
v -4.108 7.490399999999999 3.8444000000000003
v -4.108 7.548 3.8444000000000003
v -4.178 7.548 3.8444000000000003
v -4.178 7.490399999999999 4.6556
v -4.108 7.490399999999999 4.6556
v -4.108 7.548 4.6556
v -4.178 7.548 4.6556
usemtl fieldMat_14
f 3676 3678 3677
f 3676 3679 3678
f 3680 3681 3682
f 3680 3682 3683
f 3676 3677 3681
f 3676 3681 3680
f 3677 3678 3682
f 3677 3682 3681
f 3678 3679 3683
f 3678 3683 3682
f 3679 3676 3680
f 3679 3680 3683
o inn::swin_l_13_frameR
v -4.178 8.052 3.8444000000000003
v -4.108 8.052 3.8444000000000003
v -4.108 8.1096 3.8444000000000003
v -4.178 8.1096 3.8444000000000003
v -4.178 8.052 4.6556
v -4.108 8.052 4.6556
v -4.108 8.1096 4.6556
v -4.178 8.1096 4.6556
usemtl fieldMat_14
f 3684 3686 3685
f 3684 3687 3686
f 3688 3689 3690
f 3688 3690 3691
f 3684 3685 3689
f 3684 3689 3688
f 3685 3686 3690
f 3685 3690 3689
f 3686 3687 3691
f 3686 3691 3690
f 3687 3684 3688
f 3687 3688 3691
o inn::swin_l_13_mullionV
v -4.1419999999999995 7.777536 3.9644
v -4.112 7.777536 3.9644
v -4.112 7.822464 3.9644
v -4.1419999999999995 7.822464 3.9644
v -4.1419999999999995 7.777536 4.5356
v -4.112 7.777536 4.5356
v -4.112 7.822464 4.5356
v -4.1419999999999995 7.822464 4.5356
usemtl fieldMat_14
f 3692 3694 3693
f 3692 3695 3694
f 3696 3697 3698
f 3696 3698 3699
f 3692 3693 3697
f 3692 3697 3696
f 3693 3694 3698
f 3693 3698 3697
f 3694 3695 3699
f 3694 3699 3698
f 3695 3692 3696
f 3695 3696 3699
o inn::swin_l_13_mullionH
v -4.1419999999999995 7.5792 4.227536
v -4.112 7.5792 4.227536
v -4.112 8.0208 4.227536
v -4.1419999999999995 8.0208 4.227536
v -4.1419999999999995 7.5792 4.272464
v -4.112 7.5792 4.272464
v -4.112 8.0208 4.272464
v -4.1419999999999995 8.0208 4.272464
usemtl fieldMat_14
f 3700 3702 3701
f 3700 3703 3702
f 3704 3705 3706
f 3704 3706 3707
f 3700 3701 3705
f 3700 3705 3704
f 3701 3702 3706
f 3701 3706 3705
f 3702 3703 3707
f 3702 3707 3706
f 3703 3700 3704
f 3703 3704 3707
o inn::swin_l_14_glass
v -4.18 9.619200000000001 3.9044
v -4.129999999999999 9.619200000000001 3.9044
v -4.129999999999999 10.1808 3.9044
v -4.18 10.1808 3.9044
v -4.18 9.619200000000001 4.5956
v -4.129999999999999 9.619200000000001 4.5956
v -4.129999999999999 10.1808 4.5956
v -4.18 10.1808 4.5956
usemtl fieldMat_19
f 3708 3710 3709
f 3708 3711 3710
f 3712 3713 3714
f 3712 3714 3715
f 3708 3709 3713
f 3708 3713 3712
f 3709 3710 3714
f 3709 3714 3713
f 3710 3711 3715
f 3710 3715 3714
f 3711 3708 3712
f 3711 3712 3715
o inn::swin_l_14_frameTop
v -4.178 9.5492 4.5668
v -4.108 9.5492 4.5668
v -4.108 10.2508 4.5668
v -4.178 10.2508 4.5668
v -4.178 9.5492 4.6244000000000005
v -4.108 9.5492 4.6244000000000005
v -4.108 10.2508 4.6244000000000005
v -4.178 10.2508 4.6244000000000005
usemtl fieldMat_14
f 3716 3718 3717
f 3716 3719 3718
f 3720 3721 3722
f 3720 3722 3723
f 3716 3717 3721
f 3716 3721 3720
f 3717 3718 3722
f 3717 3722 3721
f 3718 3719 3723
f 3718 3723 3722
f 3719 3716 3720
f 3719 3720 3723
o inn::swin_l_14_frameBottom
v -4.185 9.5292 3.8756
v -4.095 9.5292 3.8756
v -4.095 10.270800000000001 3.8756
v -4.185 10.270800000000001 3.8756
v -4.185 9.5292 3.9332
v -4.095 9.5292 3.9332
v -4.095 10.270800000000001 3.9332
v -4.185 10.270800000000001 3.9332
usemtl fieldMat_18
f 3724 3726 3725
f 3724 3727 3726
f 3728 3729 3730
f 3728 3730 3731
f 3724 3725 3729
f 3724 3729 3728
f 3725 3726 3730
f 3725 3730 3729
f 3726 3727 3731
f 3726 3731 3730
f 3727 3724 3728
f 3727 3728 3731
o inn::swin_l_14_frameL
v -4.178 9.590399999999999 3.8444000000000003
v -4.108 9.590399999999999 3.8444000000000003
v -4.108 9.648 3.8444000000000003
v -4.178 9.648 3.8444000000000003
v -4.178 9.590399999999999 4.6556
v -4.108 9.590399999999999 4.6556
v -4.108 9.648 4.6556
v -4.178 9.648 4.6556
usemtl fieldMat_14
f 3732 3734 3733
f 3732 3735 3734
f 3736 3737 3738
f 3736 3738 3739
f 3732 3733 3737
f 3732 3737 3736
f 3733 3734 3738
f 3733 3738 3737
f 3734 3735 3739
f 3734 3739 3738
f 3735 3732 3736
f 3735 3736 3739
o inn::swin_l_14_frameR
v -4.178 10.152 3.8444000000000003
v -4.108 10.152 3.8444000000000003
v -4.108 10.2096 3.8444000000000003
v -4.178 10.2096 3.8444000000000003
v -4.178 10.152 4.6556
v -4.108 10.152 4.6556
v -4.108 10.2096 4.6556
v -4.178 10.2096 4.6556
usemtl fieldMat_14
f 3740 3742 3741
f 3740 3743 3742
f 3744 3745 3746
f 3744 3746 3747
f 3740 3741 3745
f 3740 3745 3744
f 3741 3742 3746
f 3741 3746 3745
f 3742 3743 3747
f 3742 3747 3746
f 3743 3740 3744
f 3743 3744 3747
o inn::swin_l_14_mullionV
v -4.1419999999999995 9.877536000000001 3.9644
v -4.112 9.877536000000001 3.9644
v -4.112 9.922464 3.9644
v -4.1419999999999995 9.922464 3.9644
v -4.1419999999999995 9.877536000000001 4.5356
v -4.112 9.877536000000001 4.5356
v -4.112 9.922464 4.5356
v -4.1419999999999995 9.922464 4.5356
usemtl fieldMat_14
f 3748 3750 3749
f 3748 3751 3750
f 3752 3753 3754
f 3752 3754 3755
f 3748 3749 3753
f 3748 3753 3752
f 3749 3750 3754
f 3749 3754 3753
f 3750 3751 3755
f 3750 3755 3754
f 3751 3748 3752
f 3751 3752 3755
o inn::swin_l_14_mullionH
v -4.1419999999999995 9.6792 4.227536
v -4.112 9.6792 4.227536
v -4.112 10.120800000000001 4.227536
v -4.1419999999999995 10.120800000000001 4.227536
v -4.1419999999999995 9.6792 4.272464
v -4.112 9.6792 4.272464
v -4.112 10.120800000000001 4.272464
v -4.1419999999999995 10.120800000000001 4.272464
usemtl fieldMat_14
f 3756 3758 3757
f 3756 3759 3758
f 3760 3761 3762
f 3760 3762 3763
f 3756 3757 3761
f 3756 3761 3760
f 3757 3758 3762
f 3757 3762 3761
f 3758 3759 3763
f 3758 3763 3762
f 3759 3756 3760
f 3759 3760 3763
o inn::chimney
v 1.5339999999999998 10.008000000000001 5.380000000000001
v 2.074 10.008000000000001 5.380000000000001
v 2.074 10.588 5.380000000000001
v 1.5339999999999998 10.588 5.380000000000001
v 1.5339999999999998 10.008000000000001 7.100000000000001
v 2.074 10.008000000000001 7.100000000000001
v 2.074 10.588 7.100000000000001
v 1.5339999999999998 10.588 7.100000000000001
usemtl fieldMat_17
f 3764 3766 3765
f 3764 3767 3766
f 3768 3769 3770
f 3768 3770 3771
f 3764 3765 3769
f 3764 3769 3768
f 3765 3766 3770
f 3765 3770 3769
f 3766 3767 3771
f 3766 3771 3770
f 3767 3764 3768
f 3767 3768 3771
o inn::chimneyCap
v 1.4539999999999997 9.928 7.025000000000001
v 2.154 9.928 7.025000000000001
v 2.154 10.668 7.025000000000001
v 1.4539999999999997 10.668 7.025000000000001
v 1.4539999999999997 9.928 7.175000000000002
v 2.154 9.928 7.175000000000002
v 2.154 10.668 7.175000000000002
v 1.4539999999999997 10.668 7.175000000000002
usemtl fieldMat_18
f 3772 3774 3773
f 3772 3775 3774
f 3776 3777 3778
f 3776 3778 3779
f 3772 3773 3777
f 3772 3777 3776
f 3773 3774 3778
f 3773 3778 3777
f 3774 3775 3779
f 3774 3779 3778
f 3775 3772 3776
f 3775 3776 3779
o inn::porchDeck
v -1.9609781810268758 5.495 0.28
v 0.589021818973124 5.495 0.28
v 0.589021818973124 6.6450000000000005 0.28
v -1.9609781810268758 6.6450000000000005 0.28
v -1.9609781810268758 5.495 0.44000000000000006
v 0.589021818973124 5.495 0.44000000000000006
v 0.589021818973124 6.6450000000000005 0.44000000000000006
v -1.9609781810268758 6.6450000000000005 0.44000000000000006
usemtl fieldMat_18
f 3780 3782 3781
f 3780 3783 3782
f 3784 3785 3786
f 3784 3786 3787
f 3780 3781 3785
f 3780 3785 3784
f 3781 3782 3786
f 3781 3786 3785
f 3782 3783 3787
f 3782 3787 3786
f 3783 3780 3784
f 3783 3784 3787
o inn::step1
v -1.5759781810268758 5.24 0
v 0.2040218189731241 5.24 0
v 0.2040218189731241 5.66 0
v -1.5759781810268758 5.66 0
v -1.5759781810268758 5.24 0.1
v 0.2040218189731241 5.24 0.1
v 0.2040218189731241 5.66 0.1
v -1.5759781810268758 5.66 0.1
usemtl fieldMat_18
f 3788 3790 3789
f 3788 3791 3790
f 3792 3793 3794
f 3792 3794 3795
f 3788 3789 3793
f 3788 3793 3792
f 3789 3790 3794
f 3789 3794 3793
f 3790 3791 3795
f 3790 3795 3794
f 3791 3788 3792
f 3791 3792 3795
o inn::step2
v -1.310978181026876 5.05 0
v -0.06097818102687591 5.05 0
v -0.06097818102687591 5.329999999999999 0
v -1.310978181026876 5.329999999999999 0
v -1.310978181026876 5.05 0.08
v -0.06097818102687591 5.05 0.08
v -0.06097818102687591 5.329999999999999 0.08
v -1.310978181026876 5.329999999999999 0.08
usemtl fieldMat_18
f 3796 3798 3797
f 3796 3799 3798
f 3800 3801 3802
f 3800 3802 3803
f 3796 3797 3801
f 3796 3801 3800
f 3797 3798 3802
f 3797 3802 3801
f 3798 3799 3803
f 3798 3803 3802
f 3799 3796 3800
f 3799 3800 3803
o inn::porchPost_-1.61
v -1.6659781810268761 5.83 0.37
v -1.545978181026876 5.83 0.37
v -1.545978181026876 5.949999999999999 0.37
v -1.6659781810268761 5.949999999999999 0.37
v -1.6659781810268761 5.83 2.19
v -1.545978181026876 5.83 2.19
v -1.545978181026876 5.949999999999999 2.19
v -1.6659781810268761 5.949999999999999 2.19
usemtl fieldMat_13
f 3804 3806 3805
f 3804 3807 3806
f 3808 3809 3810
f 3808 3810 3811
f 3804 3805 3809
f 3804 3809 3808
f 3805 3806 3810
f 3805 3810 3809
f 3806 3807 3811
f 3806 3811 3810
f 3807 3804 3808
f 3807 3808 3811
o inn::porchPost_0.23
v 0.17402181897312413 5.83 0.37
v 0.2940218189731241 5.83 0.37
v 0.2940218189731241 5.949999999999999 0.37
v 0.17402181897312413 5.949999999999999 0.37
v 0.17402181897312413 5.83 2.19
v 0.2940218189731241 5.83 2.19
v 0.2940218189731241 5.949999999999999 2.19
v 0.17402181897312413 5.949999999999999 2.19
usemtl fieldMat_13
f 3812 3814 3813
f 3812 3815 3814
f 3816 3817 3818
f 3816 3818 3819
f 3812 3813 3817
f 3812 3817 3816
f 3813 3814 3818
f 3813 3818 3817
f 3814 3815 3819
f 3814 3819 3818
f 3815 3812 3816
f 3815 3816 3819
o inn::porchRail
v -1.8159781810268758 5.839999999999999 1.95
v 0.444021818973124 5.839999999999999 1.95
v 0.444021818973124 5.8999999999999995 1.95
v -1.8159781810268758 5.8999999999999995 1.95
v -1.8159781810268758 5.839999999999999 2.05
v 0.444021818973124 5.839999999999999 2.05
v 0.444021818973124 5.8999999999999995 2.05
v -1.8159781810268758 5.8999999999999995 2.05
usemtl fieldMat_13
f 3820 3822 3821
f 3820 3823 3822
f 3824 3825 3826
f 3824 3826 3827
f 3820 3821 3825
f 3820 3825 3824
f 3821 3822 3826
f 3821 3826 3825
f 3822 3823 3827
f 3822 3827 3826
f 3823 3820 3824
f 3823 3824 3827
o inn::porchRoof
v -1.985978181026876 5.305 2.5599999999999996
v 0.6140218189731241 5.305 2.5599999999999996
v -1.985978181026876 6.754999999999999 2.5599999999999996
v 0.6140218189731241 6.754999999999999 2.5599999999999996
v -1.985978181026876 6.029999999999999 2.9785789451624782
v 0.6140218189731241 6.029999999999999 2.9785789451624782
usemtl fieldMat_16
f 3828 3829 3833
f 3828 3833 3832
f 3830 3832 3833
f 3830 3833 3831
f 3828 3832 3830
f 3829 3831 3833
o inn::extension
v 3.85113672723528 8.410494325030596 0.28000000000000014
v 6.14886327276472 8.410494325030596 0.28000000000000014
v 6.14886327276472 11.110494325030595 0.28000000000000014
v 3.85113672723528 11.110494325030595 0.28000000000000014
v 3.85113672723528 8.410494325030596 2
v 6.14886327276472 8.410494325030596 2
v 6.14886327276472 11.110494325030595 2
v 3.85113672723528 11.110494325030595 2
usemtl fieldMat_11
f 3834 3836 3835
f 3834 3837 3836
f 3838 3839 3840
f 3838 3840 3841
f 3834 3835 3839
f 3834 3839 3838
f 3835 3836 3840
f 3835 3840 3839
f 3836 3837 3841
f 3836 3841 3840
f 3837 3834 3838
f 3837 3838 3841
o inn::extensionTrim
v 3.82113672723528 8.340494325030594 1.69
v 6.17886327276472 8.340494325030594 1.69
v 6.17886327276472 8.440494325030595 1.69
v 3.82113672723528 8.440494325030595 1.69
v 3.82113672723528 8.340494325030594 1.83
v 6.17886327276472 8.340494325030594 1.83
v 6.17886327276472 8.440494325030595 1.83
v 3.82113672723528 8.440494325030595 1.83
usemtl fieldMat_13
f 3842 3844 3843
f 3842 3845 3844
f 3846 3847 3848
f 3846 3848 3849
f 3842 3843 3847
f 3842 3847 3846
f 3843 3844 3848
f 3843 3848 3847
f 3844 3845 3849
f 3844 3849 3848
f 3845 3842 3846
f 3845 3846 3849
o inn::extensionRoof
v 3.7111367272352798 8.270494325030596 1.97
v 6.28886327276472 8.270494325030596 1.97
v 3.7111367272352798 11.250494325030596 1.97
v 6.28886327276472 11.250494325030596 1.97
v 3.7111367272352798 9.760494325030596 2.937617313864291
v 6.28886327276472 9.760494325030596 2.937617313864291
usemtl fieldMat_16
f 3850 3851 3855
f 3850 3855 3854
f 3852 3854 3855
f 3852 3855 3853
f 3850 3854 3852
f 3851 3853 3855
o inn::extensionPlanter_box
v 4.49 7.840494325030596 0
v 5.01 7.840494325030596 0
v 5.01 8.180494325030596 0
v 4.49 8.180494325030596 0
v 4.49 7.840494325030596 0.22
v 5.01 7.840494325030596 0.22
v 5.01 8.180494325030596 0.22
v 4.49 8.180494325030596 0.22
usemtl fieldMat_13
f 3856 3858 3857
f 3856 3859 3858
f 3860 3861 3862
f 3860 3862 3863
f 3856 3857 3861
f 3856 3861 3860
f 3857 3858 3862
f 3857 3862 3861
f 3858 3859 3863
f 3858 3863 3862
f 3859 3856 3860
f 3859 3860 3863
o inn::extensionPlanter_plant
v 4.54 7.880494325030596 0.18
v 4.96 7.880494325030596 0.18
v 4.96 8.140494325030597 0.18
v 4.54 8.140494325030597 0.18
v 4.54 7.880494325030596 0.42
v 4.96 7.880494325030596 0.42
v 4.96 8.140494325030597 0.42
v 4.54 8.140494325030597 0.42
usemtl fieldMat_21
f 3864 3866 3865
f 3864 3867 3866
f 3868 3869 3870
f 3868 3870 3871
f 3864 3865 3869
f 3864 3869 3868
f 3865 3866 3870
f 3865 3870 3869
f 3866 3867 3871
f 3866 3871 3870
f 3867 3864 3868
f 3867 3868 3871
o inn::signArm
v -4.904999999999999 6.51 2.12
v -4.055 6.51 2.12
v -4.055 6.59 2.12
v -4.904999999999999 6.59 2.12
v -4.904999999999999 6.51 2.2
v -4.055 6.51 2.2
v -4.055 6.59 2.2
v -4.904999999999999 6.59 2.2
usemtl fieldMat_13
f 3872 3874 3873
f 3872 3875 3874
f 3876 3877 3878
f 3876 3878 3879
f 3872 3873 3877
f 3872 3877 3876
f 3873 3874 3878
f 3873 3878 3877
f 3874 3875 3879
f 3874 3879 3878
f 3875 3872 3876
f 3875 3876 3879
o inn::sign
v -5.27 6.4799999999999995 1.5
v -4.49 6.4799999999999995 1.5
v -4.49 6.579999999999999 1.5
v -5.27 6.579999999999999 1.5
v -5.27 6.4799999999999995 2.1
v -4.49 6.4799999999999995 2.1
v -4.49 6.579999999999999 2.1
v -5.27 6.579999999999999 2.1
usemtl fieldMat_14
f 3880 3882 3881
f 3880 3883 3882
f 3884 3885 3886
f 3884 3886 3887
f 3880 3881 3885
f 3880 3885 3884
f 3881 3882 3886
f 3881 3886 3885
f 3882 3883 3887
f 3882 3887 3886
f 3883 3880 3884
f 3883 3884 3887
o inn::barrel_0_body
v 4.797848954834044 7.55935244156979 0.01999999999999999
v 5.137848954834044 7.55935244156979 0.01999999999999999
v 5.137848954834044 7.89935244156979 0.01999999999999999
v 4.797848954834044 7.89935244156979 0.01999999999999999
v 4.797848954834044 7.55935244156979 0.45999999999999996
v 5.137848954834044 7.55935244156979 0.45999999999999996
v 5.137848954834044 7.89935244156979 0.45999999999999996
v 4.797848954834044 7.89935244156979 0.45999999999999996
usemtl fieldMat_13
f 3888 3890 3889
f 3888 3891 3890
f 3892 3893 3894
f 3892 3894 3895
f 3888 3889 3893
f 3888 3893 3892
f 3889 3890 3894
f 3889 3894 3893
f 3890 3891 3895
f 3890 3895 3894
f 3891 3888 3892
f 3891 3892 3895
o inn::barrel_0_bandTop
v 4.787848954834044 7.54935244156979 0.38
v 5.147848954834044 7.54935244156979 0.38
v 5.147848954834044 7.90935244156979 0.38
v 4.787848954834044 7.90935244156979 0.38
v 4.787848954834044 7.54935244156979 0.42000000000000004
v 5.147848954834044 7.54935244156979 0.42000000000000004
v 5.147848954834044 7.90935244156979 0.42000000000000004
v 4.787848954834044 7.90935244156979 0.42000000000000004
usemtl fieldMat_23
f 3896 3898 3897
f 3896 3899 3898
f 3900 3901 3902
f 3900 3902 3903
f 3896 3897 3901
f 3896 3901 3900
f 3897 3898 3902
f 3897 3902 3901
f 3898 3899 3903
f 3898 3903 3902
f 3899 3896 3900
f 3899 3900 3903
o inn::barrel_0_bandMid
v 4.787848954834044 7.54935244156979 0.22
v 5.147848954834044 7.54935244156979 0.22
v 5.147848954834044 7.90935244156979 0.22
v 4.787848954834044 7.90935244156979 0.22
v 4.787848954834044 7.54935244156979 0.26
v 5.147848954834044 7.54935244156979 0.26
v 5.147848954834044 7.90935244156979 0.26
v 4.787848954834044 7.90935244156979 0.26
usemtl fieldMat_23
f 3904 3906 3905
f 3904 3907 3906
f 3908 3909 3910
f 3908 3910 3911
f 3904 3905 3909
f 3904 3909 3908
f 3905 3906 3910
f 3905 3910 3909
f 3906 3907 3911
f 3906 3911 3910
f 3907 3904 3908
f 3907 3908 3911
o inn::barrel_0_bandBot
v 4.787848954834044 7.54935244156979 0.06
v 5.147848954834044 7.54935244156979 0.06
v 5.147848954834044 7.90935244156979 0.06
v 4.787848954834044 7.90935244156979 0.06
v 4.787848954834044 7.54935244156979 0.1
v 5.147848954834044 7.54935244156979 0.1
v 5.147848954834044 7.90935244156979 0.1
v 4.787848954834044 7.90935244156979 0.1
usemtl fieldMat_23
f 3912 3914 3913
f 3912 3915 3914
f 3916 3917 3918
f 3916 3918 3919
f 3912 3913 3917
f 3912 3917 3916
f 3913 3914 3918
f 3913 3918 3917
f 3914 3915 3919
f 3914 3919 3918
f 3915 3912 3916
f 3915 3916 3919
o inn::crate_1
v 4.59781609716779 6.834915292887017 0.0843763137813349
v 4.962684069329903 6.834915292887017 -0.05769307729834258
v 4.962684069329903 7.226466501532122 -0.05769307729834258
v 4.59781609716779 7.226466501532122 0.0843763137813349
v 4.739885488247468 6.834915292887017 0.4492442859434479
v 5.104753460409581 6.834915292887017 0.3071748948637705
v 5.104753460409581 7.226466501532122 0.3071748948637705
v 4.739885488247468 7.226466501532122 0.4492442859434479
usemtl fieldMat_13
f 3920 3922 3921
f 3920 3923 3922
f 3924 3925 3926
f 3924 3926 3927
f 3920 3921 3925
f 3920 3925 3924
f 3921 3922 3926
f 3921 3926 3925
f 3922 3923 3927
f 3922 3927 3926
f 3923 3920 3924
f 3923 3924 3927
o inn::steppedWing_walls
v -7.059999999999999 7.719999999999999 0.28
v -3.859999999999999 7.719999999999999 0.28
v -3.859999999999999 11.52 0.28
v -7.059999999999999 11.52 0.28
v -7.059999999999999 7.719999999999999 2.7300000000000004
v -3.859999999999999 7.719999999999999 2.7300000000000004
v -3.859999999999999 11.52 2.7300000000000004
v -7.059999999999999 11.52 2.7300000000000004
usemtl fieldMat_11
f 3928 3930 3929
f 3928 3931 3930
f 3932 3933 3934
f 3932 3934 3935
f 3928 3929 3933
f 3928 3933 3932
f 3929 3930 3934
f 3929 3934 3933
f 3930 3931 3935
f 3930 3935 3934
f 3931 3928 3932
f 3931 3932 3935
o inn::steppedWing_roof
v -7.199999999999999 7.579999999999999 2.7100000000000004
v -3.719999999999999 7.579999999999999 2.7100000000000004
v -7.199999999999999 11.66 2.7100000000000004
v -3.719999999999999 11.66 2.7100000000000004
v -7.199999999999999 9.62 4.192146757130937
v -3.719999999999999 9.62 4.192146757130937
usemtl fieldMat_16
f 3936 3937 3941
f 3936 3941 3940
f 3938 3940 3941
f 3938 3941 3939
f 3936 3940 3938
f 3937 3939 3941
o inn::steppedWindow_glass
v -5.771599999999999 7.6375 1.3746
v -5.148399999999999 7.6375 1.3746
v -5.148399999999999 7.6825 1.3746
v -5.771599999999999 7.6825 1.3746
v -5.771599999999999 7.6375 2.1454
v -5.148399999999999 7.6375 2.1454
v -5.148399999999999 7.6825 2.1454
v -5.771599999999999 7.6825 2.1454
usemtl fieldMat_19
f 3942 3944 3943
f 3942 3945 3944
f 3946 3947 3948
f 3946 3948 3949
f 3942 3943 3947
f 3942 3947 3946
f 3943 3944 3948
f 3943 3948 3947
f 3944 3945 3949
f 3944 3949 3948
f 3945 3942 3946
f 3945 3946 3949
o inn::steppedWindow_v
v -5.490749999999999 7.6209999999999996 1.3996
v -5.429249999999999 7.6209999999999996 1.3996
v -5.429249999999999 7.649 1.3996
v -5.490749999999999 7.649 1.3996
v -5.490749999999999 7.6209999999999996 2.1204
v -5.429249999999999 7.6209999999999996 2.1204
v -5.429249999999999 7.649 2.1204
v -5.490749999999999 7.649 2.1204
usemtl fieldMat_14
f 3950 3952 3951
f 3950 3953 3952
f 3954 3955 3956
f 3954 3956 3957
f 3950 3951 3955
f 3950 3955 3954
f 3951 3952 3956
f 3951 3956 3955
f 3952 3953 3957
f 3952 3957 3956
f 3953 3950 3954
f 3953 3954 3957
o inn::steppedWindow_h
v -5.746599999999999 7.6209999999999996 1.72925
v -5.173399999999999 7.6209999999999996 1.72925
v -5.173399999999999 7.649 1.72925
v -5.746599999999999 7.649 1.72925
v -5.746599999999999 7.6209999999999996 1.79075
v -5.173399999999999 7.6209999999999996 1.79075
v -5.173399999999999 7.649 1.79075
v -5.746599999999999 7.649 1.79075
usemtl fieldMat_14
f 3958 3960 3959
f 3958 3961 3960
f 3962 3963 3964
f 3962 3964 3965
f 3958 3959 3963
f 3958 3963 3962
f 3959 3960 3964
f 3959 3964 3963
f 3960 3961 3965
f 3960 3965 3964
f 3961 3958 3962
f 3961 3962 3965
o inn::steppedWindow_sill
v -5.8515999999999995 7.575 1.2996
v -5.068399999999999 7.575 1.2996
v -5.068399999999999 7.675 1.2996
v -5.8515999999999995 7.675 1.2996
v -5.8515999999999995 7.575 1.3896
v -5.068399999999999 7.575 1.3896
v -5.068399999999999 7.675 1.3896
v -5.8515999999999995 7.675 1.3896
usemtl fieldMat_18
f 3966 3968 3967
f 3966 3969 3968
f 3970 3971 3972
f 3970 3972 3973
f 3966 3967 3971
f 3966 3971 3970
f 3967 3968 3972
f 3967 3972 3971
f 3968 3969 3973
f 3968 3973 3972
f 3969 3966 3970
f 3969 3970 3973
o inn::storeGlass_-2.296
v -3.021 6.5600000000000005 0.89
v -1.5709999999999997 6.5600000000000005 0.89
v -1.5709999999999997 6.6 0.89
v -3.021 6.6 0.89
v -3.021 6.5600000000000005 2.17
v -1.5709999999999997 6.5600000000000005 2.17
v -1.5709999999999997 6.6 2.17
v -3.021 6.6 2.17
usemtl fieldMat_19
f 3974 3976 3975
f 3974 3977 3976
f 3978 3979 3980
f 3978 3980 3981
f 3974 3975 3979
f 3974 3979 3978
f 3975 3976 3980
f 3975 3980 3979
f 3976 3977 3981
f 3976 3981 3980
f 3977 3974 3978
f 3977 3978 3981
o inn::storeSill_-2.296
v -3.086 6.515000000000001 0.78
v -1.5059999999999998 6.515000000000001 0.78
v -1.5059999999999998 6.605 0.78
v -3.086 6.605 0.78
v -3.086 6.515000000000001 0.8800000000000001
v -1.5059999999999998 6.515000000000001 0.8800000000000001
v -1.5059999999999998 6.605 0.8800000000000001
v -3.086 6.605 0.8800000000000001
usemtl fieldMat_18
f 3982 3984 3983
f 3982 3985 3984
f 3986 3987 3988
f 3986 3988 3989
f 3982 3983 3987
f 3982 3987 3986
f 3983 3984 3988
f 3983 3988 3987
f 3984 3985 3989
f 3984 3989 3988
f 3985 3982 3986
f 3985 3986 3989
o inn::storeGlass_2.296
v 1.5709999999999997 6.5600000000000005 0.89
v 3.021 6.5600000000000005 0.89
v 3.021 6.6 0.89
v 1.5709999999999997 6.6 0.89
v 1.5709999999999997 6.5600000000000005 2.17
v 3.021 6.5600000000000005 2.17
v 3.021 6.6 2.17
v 1.5709999999999997 6.6 2.17
usemtl fieldMat_19
f 3990 3992 3991
f 3990 3993 3992
f 3994 3995 3996
f 3994 3996 3997
f 3990 3991 3995
f 3990 3995 3994
f 3991 3992 3996
f 3991 3996 3995
f 3992 3993 3997
f 3992 3997 3996
f 3993 3990 3994
f 3993 3994 3997
o inn::storeSill_2.296
v 1.5059999999999998 6.515000000000001 0.78
v 3.086 6.515000000000001 0.78
v 3.086 6.605 0.78
v 1.5059999999999998 6.605 0.78
v 1.5059999999999998 6.515000000000001 0.8800000000000001
v 3.086 6.515000000000001 0.8800000000000001
v 3.086 6.605 0.8800000000000001
v 1.5059999999999998 6.605 0.8800000000000001
usemtl fieldMat_18
f 3998 4000 3999
f 3998 4001 4000
f 4002 4003 4004
f 4002 4004 4005
f 3998 3999 4003
f 3998 4003 4002
f 3999 4000 4004
f 3999 4004 4003
f 4000 4001 4005
f 4000 4005 4004
f 4001 3998 4002
f 4001 4002 4005
o inn::storeAwning
v -1.9 5.574999999999999 2.3600000000000003
v 1.9 5.574999999999999 2.3600000000000003
v -1.9 6.625 2.72
v 1.9 6.625 2.72
usemtl fieldMat_16
f 4006 4007 4009
f 4006 4009 4008
o inn::awningPost_-1.80
v -1.8449999999999998 5.715 0.7050000000000003
v -1.755 5.715 0.7050000000000003
v -1.755 5.805 0.7050000000000003
v -1.8449999999999998 5.805 0.7050000000000003
v -1.8449999999999998 5.715 2.3550000000000004
v -1.755 5.715 2.3550000000000004
v -1.755 5.805 2.3550000000000004
v -1.8449999999999998 5.805 2.3550000000000004
usemtl fieldMat_13
f 4010 4012 4011
f 4010 4013 4012
f 4014 4015 4016
f 4014 4016 4017
f 4010 4011 4015
f 4010 4015 4014
f 4011 4012 4016
f 4011 4016 4015
f 4012 4013 4017
f 4012 4017 4016
f 4013 4010 4014
f 4013 4014 4017
o inn::awningPost_1.80
v 1.755 5.715 0.7050000000000003
v 1.8449999999999998 5.715 0.7050000000000003
v 1.8449999999999998 5.805 0.7050000000000003
v 1.755 5.805 0.7050000000000003
v 1.755 5.715 2.3550000000000004
v 1.8449999999999998 5.715 2.3550000000000004
v 1.8449999999999998 5.805 2.3550000000000004
v 1.755 5.805 2.3550000000000004
usemtl fieldMat_13
f 4018 4020 4019
f 4018 4021 4020
f 4022 4023 4024
f 4022 4024 4025
f 4018 4019 4023
f 4018 4023 4022
f 4019 4020 4024
f 4019 4024 4023
f 4020 4021 4025
f 4020 4025 4024
f 4021 4018 4022
f 4021 4022 4025
o inn::innSignHeader
v -3.513 6.508 2.4199999999999995
v -2.0629999999999997 6.508 2.4199999999999995
v -2.0629999999999997 6.588 2.4199999999999995
v -3.513 6.588 2.4199999999999995
v -3.513 6.508 2.6999999999999997
v -2.0629999999999997 6.508 2.6999999999999997
v -2.0629999999999997 6.588 2.6999999999999997
v -3.513 6.588 2.6999999999999997
usemtl fieldMat_14
f 4026 4028 4027
f 4026 4029 4028
f 4030 4031 4032
f 4030 4032 4033
f 4026 4027 4031
f 4026 4031 4030
f 4027 4028 4032
f 4027 4032 4031
f 4028 4029 4033
f 4028 4033 4032
f 4029 4026 4030
f 4029 4030 4033
o inn::agePatchA
v -2.485020197319254 6.542516398154757 1.6400000000000001
v -1.2859800693260803 6.590503599178718 1.6400000000000001
v -1.286979802680746 6.615483601845242 1.6400000000000001
v -2.4860199306739195 6.567496400821281 1.6400000000000001
v -2.485020197319254 6.542516398154757 2.12
v -1.2859800693260803 6.590503599178718 2.12
v -1.286979802680746 6.615483601845242 2.12
v -2.4860199306739195 6.567496400821281 2.12
usemtl fieldMat_12
f 4034 4036 4035
f 4034 4037 4036
f 4038 4039 4040
f 4038 4040 4041
f 4034 4035 4039
f 4034 4039 4038
f 4035 4036 4040
f 4035 4040 4039
f 4036 4037 4041
f 4036 4041 4040
f 4037 4034 4038
f 4037 4038 4041
o inn::agePatchB
v 4.158499999999999 9.633999999999999 2.055
v 4.1834999999999996 9.633999999999999 2.055
v 4.1834999999999996 10.734 2.055
v 4.158499999999999 10.734 2.055
v 4.158499999999999 9.633999999999999 2.605
v 4.1834999999999996 9.633999999999999 2.605
v 4.1834999999999996 10.734 2.605
v 4.158499999999999 10.734 2.605
usemtl fieldMat_12
f 4042 4044 4043
f 4042 4045 4044
f 4046 4047 4048
f 4046 4048 4049
f 4042 4043 4047
f 4042 4047 4046
f 4043 4044 4048
f 4043 4048 4047
f 4044 4045 4049
f 4044 4049 4048
f 4045 4042 4046
f 4045 4046 4049
o houseW::foundation
v -13.649999999999999 3.0999999999999996 0
v -13.649999999999999 -3.0999999999999996 0
v -8.75 -3.0999999999999996 0
v -8.75 3.0999999999999996 0
v -13.649999999999999 3.0999999999999996 0.28
v -13.649999999999999 -3.0999999999999996 0.28
v -8.75 -3.0999999999999996 0.28
v -8.75 3.0999999999999996 0.28
usemtl fieldMat_17
f 4050 4052 4051
f 4050 4053 4052
f 4054 4055 4056
f 4054 4056 4057
f 4050 4051 4055
f 4050 4055 4054
f 4051 4052 4056
f 4051 4056 4055
f 4052 4053 4057
f 4052 4057 4056
f 4053 4050 4054
f 4053 4054 4057
o houseW::plinth
v -13.61 3.0599999999999996 0.28
v -13.61 -3.0599999999999996 0.28
v -8.79 -3.0599999999999996 0.28
v -8.79 3.0599999999999996 0.28
v -13.61 3.0599999999999996 0.38
v -13.61 -3.0599999999999996 0.38
v -8.79 -3.0599999999999996 0.38
v -8.79 3.0599999999999996 0.38
usemtl fieldMat_18
f 4058 4060 4059
f 4058 4061 4060
f 4062 4063 4064
f 4062 4064 4065
f 4058 4059 4063
f 4058 4063 4062
f 4059 4060 4064
f 4059 4064 4063
f 4060 4061 4065
f 4060 4065 4064
f 4061 4058 4062
f 4061 4062 4065
o houseW::walls
v -13.6 3.05 0.28000000000000025
v -13.6 -3.05 0.28000000000000025
v -8.799999999999999 -3.05 0.28000000000000025
v -8.799999999999999 3.05 0.28000000000000025
v -13.6 3.05 5.180000000000001
v -13.6 -3.05 5.180000000000001
v -8.799999999999999 -3.05 5.180000000000001
v -8.799999999999999 3.05 5.180000000000001
usemtl fieldMat_36
f 4066 4068 4067
f 4066 4069 4068
f 4070 4071 4072
f 4070 4072 4073
f 4066 4067 4071
f 4066 4071 4070
f 4067 4068 4072
f 4067 4072 4071
f 4068 4069 4073
f 4068 4073 4072
f 4069 4066 4070
f 4069 4070 4073
o houseW::rightWallTone
v -13.54 -3.051 0.33000000000000007
v -13.54 -3.081 0.33000000000000007
v -8.86 -3.0809999999999995 0.33000000000000007
v -8.86 -3.0509999999999997 0.33000000000000007
v -13.54 -3.051 5.130000000000001
v -13.54 -3.081 5.130000000000001
v -8.86 -3.0809999999999995 5.130000000000001
v -8.86 -3.0509999999999997 5.130000000000001
usemtl fieldMat_37
f 4074 4076 4075
f 4074 4077 4076
f 4078 4079 4080
f 4078 4080 4081
f 4074 4075 4079
f 4074 4079 4078
f 4075 4076 4080
f 4075 4080 4079
f 4076 4077 4081
f 4076 4081 4080
f 4077 4074 4078
f 4077 4078 4081
o houseW::leftWallTone
v -13.54 3.0809999999999995 0.33000000000000007
v -13.54 3.0509999999999997 0.33000000000000007
v -8.86 3.051 0.33000000000000007
v -8.86 3.081 0.33000000000000007
v -13.54 3.0809999999999995 5.130000000000001
v -13.54 3.0509999999999997 5.130000000000001
v -8.86 3.051 5.130000000000001
v -8.86 3.081 5.130000000000001
usemtl fieldMat_37
f 4082 4084 4083
f 4082 4085 4084
f 4086 4087 4088
f 4086 4088 4089
f 4082 4083 4087
f 4082 4087 4086
f 4083 4084 4088
f 4083 4088 4087
f 4084 4085 4089
f 4084 4089 4088
f 4085 4082 4086
f 4085 4086 4089
o houseW::frontPost_-2.71
v -13.6905 2.78 0.31000000000000005
v -13.6905 2.64 0.31000000000000005
v -13.6055 2.64 0.31000000000000005
v -13.6055 2.78 0.31000000000000005
v -13.6905 2.78 5.15
v -13.6905 2.64 5.15
v -13.6055 2.64 5.15
v -13.6055 2.78 5.15
usemtl fieldMat_38
f 4090 4092 4091
f 4090 4093 4092
f 4094 4095 4096
f 4094 4096 4097
f 4090 4091 4095
f 4090 4095 4094
f 4091 4092 4096
f 4091 4096 4095
f 4092 4093 4097
f 4092 4097 4096
f 4093 4090 4094
f 4093 4094 4097
o houseW::backPost_-2.71
v -8.7945 2.78 0.31000000000000005
v -8.7945 2.64 0.31000000000000005
v -8.709499999999998 2.64 0.31000000000000005
v -8.709499999999998 2.78 0.31000000000000005
v -8.7945 2.78 5.15
v -8.7945 2.64 5.15
v -8.709499999999998 2.64 5.15
v -8.709499999999998 2.78 5.15
usemtl fieldMat_38
f 4098 4100 4099
f 4098 4101 4100
f 4102 4103 4104
f 4102 4104 4105
f 4098 4099 4103
f 4098 4103 4102
f 4099 4100 4104
f 4099 4104 4103
f 4100 4101 4105
f 4100 4105 4104
f 4101 4098 4102
f 4101 4102 4105
o houseW::frontPost_-1.19
v -13.6905 1.255 0.31000000000000005
v -13.6905 1.1149999999999998 0.31000000000000005
v -13.6055 1.1149999999999998 0.31000000000000005
v -13.6055 1.255 0.31000000000000005
v -13.6905 1.255 5.15
v -13.6905 1.1149999999999998 5.15
v -13.6055 1.1149999999999998 5.15
v -13.6055 1.255 5.15
usemtl fieldMat_38
f 4106 4108 4107
f 4106 4109 4108
f 4110 4111 4112
f 4110 4112 4113
f 4106 4107 4111
f 4106 4111 4110
f 4107 4108 4112
f 4107 4112 4111
f 4108 4109 4113
f 4108 4113 4112
f 4109 4106 4110
f 4109 4110 4113
o houseW::backPost_-1.19
v -8.7945 1.2550000000000003 0.31000000000000005
v -8.7945 1.1150000000000002 0.31000000000000005
v -8.709499999999998 1.1150000000000002 0.31000000000000005
v -8.709499999999998 1.2550000000000003 0.31000000000000005
v -8.7945 1.2550000000000003 5.15
v -8.7945 1.1150000000000002 5.15
v -8.709499999999998 1.1150000000000002 5.15
v -8.709499999999998 1.2550000000000003 5.15
usemtl fieldMat_38
f 4114 4116 4115
f 4114 4117 4116
f 4118 4119 4120
f 4118 4120 4121
f 4114 4115 4119
f 4114 4119 4118
f 4115 4116 4120
f 4115 4120 4119
f 4116 4117 4121
f 4116 4121 4120
f 4117 4114 4118
f 4117 4118 4121
o houseW::frontPost_0.34
v -13.6905 -0.27 0.31000000000000005
v -13.6905 -0.41000000000000003 0.31000000000000005
v -13.6055 -0.41000000000000003 0.31000000000000005
v -13.6055 -0.27 0.31000000000000005
v -13.6905 -0.27 5.15
v -13.6905 -0.41000000000000003 5.15
v -13.6055 -0.41000000000000003 5.15
v -13.6055 -0.27 5.15
usemtl fieldMat_38
f 4122 4124 4123
f 4122 4125 4124
f 4126 4127 4128
f 4126 4128 4129
f 4122 4123 4127
f 4122 4127 4126
f 4123 4124 4128
f 4123 4128 4127
f 4124 4125 4129
f 4124 4129 4128
f 4125 4122 4126
f 4125 4126 4129
o houseW::backPost_0.34
v -8.7945 -0.2699999999999997 0.31000000000000005
v -8.7945 -0.4099999999999997 0.31000000000000005
v -8.709499999999998 -0.4099999999999997 0.31000000000000005
v -8.709499999999998 -0.2699999999999997 0.31000000000000005
v -8.7945 -0.2699999999999997 5.15
v -8.7945 -0.4099999999999997 5.15
v -8.709499999999998 -0.4099999999999997 5.15
v -8.709499999999998 -0.2699999999999997 5.15
usemtl fieldMat_38
f 4130 4132 4131
f 4130 4133 4132
f 4134 4135 4136
f 4134 4136 4137
f 4130 4131 4135
f 4130 4135 4134
f 4131 4132 4136
f 4131 4136 4135
f 4132 4133 4137
f 4132 4137 4136
f 4133 4130 4134
f 4133 4134 4137
o houseW::frontPost_1.86
v -13.6905 -1.795 0.31000000000000005
v -13.6905 -1.935 0.31000000000000005
v -13.6055 -1.935 0.31000000000000005
v -13.6055 -1.795 0.31000000000000005
v -13.6905 -1.795 5.15
v -13.6905 -1.935 5.15
v -13.6055 -1.935 5.15
v -13.6055 -1.795 5.15
usemtl fieldMat_38
f 4138 4140 4139
f 4138 4141 4140
f 4142 4143 4144
f 4142 4144 4145
f 4138 4139 4143
f 4138 4143 4142
f 4139 4140 4144
f 4139 4144 4143
f 4140 4141 4145
f 4140 4145 4144
f 4141 4138 4142
f 4141 4142 4145
o houseW::backPost_1.86
v -8.7945 -1.7949999999999995 0.31000000000000005
v -8.7945 -1.9349999999999996 0.31000000000000005
v -8.709499999999998 -1.9349999999999996 0.31000000000000005
v -8.709499999999998 -1.7949999999999995 0.31000000000000005
v -8.7945 -1.7949999999999995 5.15
v -8.7945 -1.9349999999999996 5.15
v -8.709499999999998 -1.9349999999999996 5.15
v -8.709499999999998 -1.7949999999999995 5.15
usemtl fieldMat_38
f 4146 4148 4147
f 4146 4149 4148
f 4150 4151 4152
f 4150 4152 4153
f 4146 4147 4151
f 4146 4151 4150
f 4147 4148 4152
f 4147 4152 4151
f 4148 4149 4153
f 4148 4153 4152
f 4149 4146 4150
f 4149 4150 4153
o houseW::frontBeam_1
v -13.6905 2.9899999999999998 2.4800000000000004
v -13.6905 -2.9899999999999998 2.4800000000000004
v -13.6055 -2.9899999999999998 2.4800000000000004
v -13.6055 2.9899999999999998 2.4800000000000004
v -13.6905 2.9899999999999998 2.62
v -13.6905 -2.9899999999999998 2.62
v -13.6055 -2.9899999999999998 2.62
v -13.6055 2.9899999999999998 2.62
usemtl fieldMat_38
f 4154 4156 4155
f 4154 4157 4156
f 4158 4159 4160
f 4158 4160 4161
f 4154 4155 4159
f 4154 4159 4158
f 4155 4156 4160
f 4155 4160 4159
f 4156 4157 4161
f 4156 4161 4160
f 4157 4154 4158
f 4157 4158 4161
o houseW::backBeam_1
v -8.7945 2.9899999999999998 2.4800000000000004
v -8.7945 -2.9899999999999998 2.4800000000000004
v -8.709499999999998 -2.9899999999999998 2.4800000000000004
v -8.709499999999998 2.9899999999999998 2.4800000000000004
v -8.7945 2.9899999999999998 2.62
v -8.7945 -2.9899999999999998 2.62
v -8.709499999999998 -2.9899999999999998 2.62
v -8.709499999999998 2.9899999999999998 2.62
usemtl fieldMat_38
f 4162 4164 4163
f 4162 4165 4164
f 4166 4167 4168
f 4166 4168 4169
f 4162 4163 4167
f 4162 4167 4166
f 4163 4164 4168
f 4163 4168 4167
f 4164 4165 4169
f 4164 4169 4168
f 4165 4162 4166
f 4165 4166 4169
o houseW::frontBeam_2
v -13.6905 2.9899999999999998 4.930000000000001
v -13.6905 -2.9899999999999998 4.930000000000001
v -13.6055 -2.9899999999999998 4.930000000000001
v -13.6055 2.9899999999999998 4.930000000000001
v -13.6905 2.9899999999999998 5.070000000000001
v -13.6905 -2.9899999999999998 5.070000000000001
v -13.6055 -2.9899999999999998 5.070000000000001
v -13.6055 2.9899999999999998 5.070000000000001
usemtl fieldMat_38
f 4170 4172 4171
f 4170 4173 4172
f 4174 4175 4176
f 4174 4176 4177
f 4170 4171 4175
f 4170 4175 4174
f 4171 4172 4176
f 4171 4176 4175
f 4172 4173 4177
f 4172 4177 4176
f 4173 4170 4174
f 4173 4174 4177
o houseW::backBeam_2
v -8.7945 2.9899999999999998 4.930000000000001
v -8.7945 -2.9899999999999998 4.930000000000001
v -8.709499999999998 -2.9899999999999998 4.930000000000001
v -8.709499999999998 2.9899999999999998 4.930000000000001
v -8.7945 2.9899999999999998 5.070000000000001
v -8.7945 -2.9899999999999998 5.070000000000001
v -8.709499999999998 -2.9899999999999998 5.070000000000001
v -8.709499999999998 2.9899999999999998 5.070000000000001
usemtl fieldMat_38
f 4178 4180 4179
f 4178 4181 4180
f 4182 4183 4184
f 4182 4184 4185
f 4178 4179 4183
f 4178 4183 4182
f 4179 4180 4184
f 4179 4184 4183
f 4180 4181 4185
f 4180 4185 4184
f 4181 4178 4182
f 4181 4182 4185
o houseW::rightPost_-1.90
v -13.17 -3.0555 0.31000000000000005
v -13.17 -3.1405 0.31000000000000005
v -13.03 -3.1405 0.31000000000000005
v -13.03 -3.0555 0.31000000000000005
v -13.17 -3.0555 5.15
v -13.17 -3.1405 5.15
v -13.03 -3.1405 5.15
v -13.03 -3.0555 5.15
usemtl fieldMat_38
f 4186 4188 4187
f 4186 4189 4188
f 4190 4191 4192
f 4190 4192 4193
f 4186 4187 4191
f 4186 4191 4190
f 4187 4188 4192
f 4187 4192 4191
f 4188 4189 4193
f 4188 4193 4192
f 4189 4186 4190
f 4189 4190 4193
o houseW::leftPost_-1.90
v -13.17 3.1405 0.31000000000000005
v -13.17 3.0555 0.31000000000000005
v -13.03 3.0555 0.31000000000000005
v -13.03 3.1405 0.31000000000000005
v -13.17 3.1405 5.15
v -13.17 3.0555 5.15
v -13.03 3.0555 5.15
v -13.03 3.1405 5.15
usemtl fieldMat_38
f 4194 4196 4195
f 4194 4197 4196
f 4198 4199 4200
f 4198 4200 4201
f 4194 4195 4199
f 4194 4199 4198
f 4195 4196 4200
f 4195 4200 4199
f 4196 4197 4201
f 4196 4201 4200
f 4197 4194 4198
f 4197 4198 4201
o houseW::rightPost_-0.40
v -11.67 -3.0555 0.31000000000000005
v -11.67 -3.1405 0.31000000000000005
v -11.53 -3.1405 0.31000000000000005
v -11.53 -3.0555 0.31000000000000005
v -11.67 -3.0555 5.15
v -11.67 -3.1405 5.15
v -11.53 -3.1405 5.15
v -11.53 -3.0555 5.15
usemtl fieldMat_38
f 4202 4204 4203
f 4202 4205 4204
f 4206 4207 4208
f 4206 4208 4209
f 4202 4203 4207
f 4202 4207 4206
f 4203 4204 4208
f 4203 4208 4207
f 4204 4205 4209
f 4204 4209 4208
f 4205 4202 4206
f 4205 4206 4209
o houseW::leftPost_-0.40
v -11.67 3.1405 0.31000000000000005
v -11.67 3.0555 0.31000000000000005
v -11.53 3.0555 0.31000000000000005
v -11.53 3.1405 0.31000000000000005
v -11.67 3.1405 5.15
v -11.67 3.0555 5.15
v -11.53 3.0555 5.15
v -11.53 3.1405 5.15
usemtl fieldMat_38
f 4210 4212 4211
f 4210 4213 4212
f 4214 4215 4216
f 4214 4216 4217
f 4210 4211 4215
f 4210 4215 4214
f 4211 4212 4216
f 4211 4216 4215
f 4212 4213 4217
f 4212 4217 4216
f 4213 4210 4214
f 4213 4214 4217
o houseW::rightPost_1.10
v -10.17 -3.0555 0.31000000000000005
v -10.17 -3.1405 0.31000000000000005
v -10.03 -3.1405 0.31000000000000005
v -10.03 -3.0555 0.31000000000000005
v -10.17 -3.0555 5.15
v -10.17 -3.1405 5.15
v -10.03 -3.1405 5.15
v -10.03 -3.0555 5.15
usemtl fieldMat_38
f 4218 4220 4219
f 4218 4221 4220
f 4222 4223 4224
f 4222 4224 4225
f 4218 4219 4223
f 4218 4223 4222
f 4219 4220 4224
f 4219 4224 4223
f 4220 4221 4225
f 4220 4225 4224
f 4221 4218 4222
f 4221 4222 4225
o houseW::leftPost_1.10
v -10.17 3.1405 0.31000000000000005
v -10.17 3.0555 0.31000000000000005
v -10.03 3.0555 0.31000000000000005
v -10.03 3.1405 0.31000000000000005
v -10.17 3.1405 5.15
v -10.17 3.0555 5.15
v -10.03 3.0555 5.15
v -10.03 3.1405 5.15
usemtl fieldMat_38
f 4226 4228 4227
f 4226 4229 4228
f 4230 4231 4232
f 4230 4232 4233
f 4226 4227 4231
f 4226 4231 4230
f 4227 4228 4232
f 4227 4232 4231
f 4228 4229 4233
f 4228 4233 4232
f 4229 4226 4230
f 4229 4230 4233
o houseW::rightBeam_1
v -13.51 -3.0555 2.4800000000000004
v -13.51 -3.1405 2.4800000000000004
v -8.889999999999999 -3.1405 2.4800000000000004
v -8.889999999999999 -3.0555 2.4800000000000004
v -13.51 -3.0555 2.62
v -13.51 -3.1405 2.62
v -8.889999999999999 -3.1405 2.62
v -8.889999999999999 -3.0555 2.62
usemtl fieldMat_38
f 4234 4236 4235
f 4234 4237 4236
f 4238 4239 4240
f 4238 4240 4241
f 4234 4235 4239
f 4234 4239 4238
f 4235 4236 4240
f 4235 4240 4239
f 4236 4237 4241
f 4236 4241 4240
f 4237 4234 4238
f 4237 4238 4241
o houseW::leftBeam_1
v -13.51 3.1405 2.4800000000000004
v -13.51 3.0555 2.4800000000000004
v -8.889999999999999 3.0555 2.4800000000000004
v -8.889999999999999 3.1405 2.4800000000000004
v -13.51 3.1405 2.62
v -13.51 3.0555 2.62
v -8.889999999999999 3.0555 2.62
v -8.889999999999999 3.1405 2.62
usemtl fieldMat_38
f 4242 4244 4243
f 4242 4245 4244
f 4246 4247 4248
f 4246 4248 4249
f 4242 4243 4247
f 4242 4247 4246
f 4243 4244 4248
f 4243 4248 4247
f 4244 4245 4249
f 4244 4249 4248
f 4245 4242 4246
f 4245 4246 4249
o houseW::rightBeam_2
v -13.51 -3.0555 4.930000000000001
v -13.51 -3.1405 4.930000000000001
v -8.889999999999999 -3.1405 4.930000000000001
v -8.889999999999999 -3.0555 4.930000000000001
v -13.51 -3.0555 5.070000000000001
v -13.51 -3.1405 5.070000000000001
v -8.889999999999999 -3.1405 5.070000000000001
v -8.889999999999999 -3.0555 5.070000000000001
usemtl fieldMat_38
f 4250 4252 4251
f 4250 4253 4252
f 4254 4255 4256
f 4254 4256 4257
f 4250 4251 4255
f 4250 4255 4254
f 4251 4252 4256
f 4251 4256 4255
f 4252 4253 4257
f 4252 4257 4256
f 4253 4250 4254
f 4253 4254 4257
o houseW::leftBeam_2
v -13.51 3.1405 4.930000000000001
v -13.51 3.0555 4.930000000000001
v -8.889999999999999 3.0555 4.930000000000001
v -8.889999999999999 3.1405 4.930000000000001
v -13.51 3.1405 5.070000000000001
v -13.51 3.0555 5.070000000000001
v -8.889999999999999 3.0555 5.070000000000001
v -8.889999999999999 3.1405 5.070000000000001
usemtl fieldMat_38
f 4258 4260 4259
f 4258 4261 4260
f 4262 4263 4264
f 4262 4264 4265
f 4258 4259 4263
f 4258 4263 4262
f 4259 4260 4264
f 4259 4264 4263
f 4260 4261 4265
f 4260 4265 4264
f 4261 4258 4262
f 4261 4262 4265
o houseW::mainRoof
v -13.979999999999999 3.36 5.160000000000001
v -13.979999999999999 -3.36 5.160000000000001
v -8.42 3.36 5.160000000000001
v -8.42 -3.36 5.160000000000001
v -11.2 3.36 7.6631232431479965
v -11.2 -3.36 7.6631232431479965
usemtl fieldMat_15
f 4266 4267 4271
f 4266 4271 4270
f 4268 4270 4271
f 4268 4271 4269
f 4266 4270 4268
f 4267 4269 4271
o houseW::ridgeCap
v -11.25 3.4 7.653123243147997
v -11.249999999999998 -3.4 7.653123243147997
v -11.149999999999999 -3.4 7.653123243147997
v -11.15 3.4 7.653123243147997
v -11.25 3.4 7.733123243147997
v -11.249999999999998 -3.4 7.733123243147997
v -11.149999999999999 -3.4 7.733123243147997
v -11.15 3.4 7.733123243147997
usemtl fieldMat_16
f 4272 4274 4273
f 4272 4275 4274
f 4276 4277 4278
f 4276 4278 4279
f 4272 4273 4277
f 4272 4277 4276
f 4273 4274 4278
f 4273 4278 4277
f 4274 4275 4279
f 4274 4279 4278
f 4275 4272 4276
f 4275 4276 4279
o houseW::eaveTrimFront
v -14.33 3.4499999999999997 5.110000000000001
v -14.329999999999998 -3.4499999999999997 5.110000000000001
v -14.229999999999999 -3.4499999999999997 5.110000000000001
v -14.23 3.4499999999999997 5.110000000000001
v -14.33 3.4499999999999997 5.190000000000001
v -14.329999999999998 -3.4499999999999997 5.190000000000001
v -14.229999999999999 -3.4499999999999997 5.190000000000001
v -14.23 3.4499999999999997 5.190000000000001
usemtl fieldMat_38
f 4280 4282 4281
f 4280 4283 4282
f 4284 4285 4286
f 4284 4286 4287
f 4280 4281 4285
f 4280 4285 4284
f 4281 4282 4286
f 4281 4286 4285
f 4282 4283 4287
f 4282 4287 4286
f 4283 4280 4284
f 4283 4284 4287
o houseW::eaveTrimBack
v -8.17 3.4499999999999997 5.110000000000001
v -8.169999999999998 -3.4499999999999997 5.110000000000001
v -8.069999999999999 -3.4499999999999997 5.110000000000001
v -8.07 3.4499999999999997 5.110000000000001
v -8.17 3.4499999999999997 5.190000000000001
v -8.169999999999998 -3.4499999999999997 5.190000000000001
v -8.069999999999999 -3.4499999999999997 5.190000000000001
v -8.07 3.4499999999999997 5.190000000000001
usemtl fieldMat_38
f 4288 4290 4289
f 4288 4291 4290
f 4292 4293 4294
f 4292 4294 4295
f 4288 4289 4293
f 4288 4293 4292
f 4289 4290 4294
f 4289 4294 4293
f 4290 4291 4295
f 4290 4295 4294
f 4291 4288 4292
f 4291 4292 4295
o houseW::door
v -13.6905 0.8157557353936133 0.30000000000000004
v -13.6905 -0.20424426460638662 0.30000000000000004
v -13.6055 -0.20424426460638662 0.30000000000000004
v -13.6055 0.8157557353936133 0.30000000000000004
v -13.6905 0.8157557353936133 2.3200000000000003
v -13.6905 -0.20424426460638662 2.3200000000000003
v -13.6055 -0.20424426460638662 2.3200000000000003
v -13.6055 0.8157557353936133 2.3200000000000003
usemtl fieldMat_39
f 4296 4298 4297
f 4296 4299 4298
f 4300 4301 4302
f 4300 4302 4303
f 4296 4297 4301
f 4296 4301 4300
f 4297 4298 4302
f 4297 4302 4301
f 4298 4299 4303
f 4298 4303 4302
f 4299 4296 4300
f 4299 4300 4303
o houseW::doorLintel
v -13.692 0.8857557353936134 2.23
v -13.691999999999998 -0.27424426460638657 2.23
v -13.611999999999998 -0.27424426460638657 2.23
v -13.612 0.8857557353936134 2.23
v -13.692 0.8857557353936134 2.3699999999999997
v -13.691999999999998 -0.27424426460638657 2.3699999999999997
v -13.611999999999998 -0.27424426460638657 2.3699999999999997
v -13.612 0.8857557353936134 2.3699999999999997
usemtl fieldMat_38
f 4304 4306 4305
f 4304 4307 4306
f 4308 4309 4310
f 4308 4310 4311
f 4304 4305 4309
f 4304 4309 4308
f 4305 4306 4310
f 4305 4310 4309
f 4306 4307 4311
f 4306 4311 4310
f 4307 4304 4308
f 4307 4308 4311
o houseW::doorJambL
v -13.687 0.8857557353936135 0.29000000000000004
v -13.687 0.7857557353936134 0.29000000000000004
v -13.616999999999999 0.7857557353936134 0.29000000000000004
v -13.616999999999999 0.8857557353936135 0.29000000000000004
v -13.687 0.8857557353936135 2.33
v -13.687 0.7857557353936134 2.33
v -13.616999999999999 0.7857557353936134 2.33
v -13.616999999999999 0.8857557353936135 2.33
usemtl fieldMat_38
f 4312 4314 4313
f 4312 4315 4314
f 4316 4317 4318
f 4316 4318 4319
f 4312 4313 4317
f 4312 4317 4316
f 4313 4314 4318
f 4313 4318 4317
f 4314 4315 4319
f 4314 4319 4318
f 4315 4312 4316
f 4315 4316 4319
o houseW::doorJambR
v -13.687 -0.1742442646063866 0.29000000000000004
v -13.687 -0.2742442646063866 0.29000000000000004
v -13.616999999999999 -0.2742442646063866 0.29000000000000004
v -13.616999999999999 -0.1742442646063866 0.29000000000000004
v -13.687 -0.1742442646063866 2.33
v -13.687 -0.2742442646063866 2.33
v -13.616999999999999 -0.2742442646063866 2.33
v -13.616999999999999 -0.1742442646063866 2.33
usemtl fieldMat_38
f 4320 4322 4321
f 4320 4323 4322
f 4324 4325 4326
f 4324 4326 4327
f 4320 4321 4325
f 4320 4325 4324
f 4321 4322 4326
f 4321 4326 4325
f 4322 4323 4327
f 4322 4327 4326
f 4323 4320 4324
f 4323 4324 4327
o houseW::doorKnob
v -13.707999999999998 0.08575573539361339 1.24
v -13.707999999999998 0.005755735393613397 1.24
v -13.687999999999999 0.005755735393613397 1.24
v -13.687999999999999 0.08575573539361339 1.24
v -13.707999999999998 0.08575573539361339 1.32
v -13.707999999999998 0.005755735393613397 1.32
v -13.687999999999999 0.005755735393613397 1.32
v -13.687999999999999 0.08575573539361339 1.32
usemtl fieldMat_39
f 4328 4330 4329
f 4328 4331 4330
f 4332 4333 4334
f 4332 4334 4335
f 4328 4329 4333
f 4328 4333 4332
f 4329 4330 4334
f 4329 4334 4333
f 4330 4331 4335
f 4330 4335 4334
f 4331 4328 4332
f 4331 4332 4335
o houseW::fwin_0_glass
v -13.673 2.6768993126913907 1.4030469997644426
v -13.673 1.9831006873086094 1.4030469997644426
v -13.623 1.9831006873086094 1.4030469997644426
v -13.623 2.6768993126913907 1.4030469997644426
v -13.673 2.6768993126913907 2.2569530002355576
v -13.673 1.9831006873086094 2.2569530002355576
v -13.623 1.9831006873086094 2.2569530002355576
v -13.623 2.6768993126913907 2.2569530002355576
usemtl fieldMat_19
f 4336 4338 4337
f 4336 4339 4338
f 4340 4341 4342
f 4340 4342 4343
f 4336 4337 4341
f 4336 4341 4340
f 4337 4338 4342
f 4337 4342 4341
f 4338 4339 4343
f 4338 4343 4342
f 4339 4336 4340
f 4339 4340 4343
o houseW::fwin_0_frameTop
v -13.695 2.7468993126913905 2.221373583549261
v -13.695 1.9131006873086096 2.221373583549261
v -13.625 1.9131006873086096 2.221373583549261
v -13.625 2.7468993126913905 2.221373583549261
v -13.695 2.7468993126913905 2.292532416921854
v -13.695 1.9131006873086096 2.292532416921854
v -13.625 1.9131006873086096 2.292532416921854
v -13.625 2.7468993126913905 2.292532416921854
usemtl fieldMat_39
f 4344 4346 4345
f 4344 4347 4346
f 4348 4349 4350
f 4348 4350 4351
f 4344 4345 4349
f 4344 4349 4348
f 4345 4346 4350
f 4345 4350 4349
f 4346 4347 4351
f 4346 4351 4350
f 4347 4344 4348
f 4347 4348 4351
o houseW::fwin_0_frameBottom
v -13.708 2.7668993126913906 1.3674675830781462
v -13.708 1.8931006873086096 1.3674675830781462
v -13.618 1.8931006873086096 1.3674675830781462
v -13.618 2.7668993126913906 1.3674675830781462
v -13.708 2.7668993126913906 1.438626416450739
v -13.708 1.8931006873086096 1.438626416450739
v -13.618 1.8931006873086096 1.438626416450739
v -13.618 2.7668993126913906 1.438626416450739
usemtl fieldMat_18
f 4352 4354 4353
f 4352 4355 4354
f 4356 4357 4358
f 4356 4358 4359
f 4352 4353 4357
f 4352 4357 4356
f 4353 4354 4358
f 4353 4358 4357
f 4354 4355 4359
f 4354 4359 4358
f 4355 4352 4356
f 4355 4356 4359
o houseW::fwin_0_frameL
v -13.695 2.712478729377687 1.3430469997644425
v -13.695 2.6413198960050943 1.3430469997644425
v -13.625 2.6413198960050943 1.3430469997644425
v -13.625 2.712478729377687 1.3430469997644425
v -13.695 2.712478729377687 2.3169530002355576
v -13.695 2.6413198960050943 2.3169530002355576
v -13.625 2.6413198960050943 2.3169530002355576
v -13.625 2.712478729377687 2.3169530002355576
usemtl fieldMat_39
f 4360 4362 4361
f 4360 4363 4362
f 4364 4365 4366
f 4364 4366 4367
f 4360 4361 4365
f 4360 4365 4364
f 4361 4362 4366
f 4361 4366 4365
f 4362 4363 4367
f 4362 4367 4366
f 4363 4360 4364
f 4363 4364 4367
o houseW::fwin_0_frameR
v -13.695 2.018680103994906 1.3430469997644425
v -13.695 1.9475212706223128 1.3430469997644425
v -13.625 1.9475212706223128 1.3430469997644425
v -13.625 2.018680103994906 1.3430469997644425
v -13.695 2.018680103994906 2.3169530002355576
v -13.695 1.9475212706223128 2.3169530002355576
v -13.625 1.9475212706223128 2.3169530002355576
v -13.625 2.018680103994906 2.3169530002355576
usemtl fieldMat_39
f 4368 4370 4369
f 4368 4371 4370
f 4372 4373 4374
f 4372 4374 4375
f 4368 4369 4373
f 4368 4373 4372
f 4369 4370 4374
f 4369 4374 4373
f 4370 4371 4375
f 4370 4375 4374
f 4371 4368 4372
f 4371 4372 4375
o houseW::fwin_0_mullionV
v -13.690999999999999 2.3577519450153113 1.4630469997644426
v -13.690999999999999 2.302248054984689 1.4630469997644426
v -13.660999999999998 2.302248054984689 1.4630469997644426
v -13.660999999999998 2.3577519450153113 1.4630469997644426
v -13.690999999999999 2.3577519450153113 2.1969530002355575
v -13.690999999999999 2.302248054984689 2.1969530002355575
v -13.660999999999998 2.302248054984689 2.1969530002355575
v -13.660999999999998 2.3577519450153113 2.1969530002355575
usemtl fieldMat_39
f 4376 4378 4377
f 4376 4379 4378
f 4380 4381 4382
f 4380 4382 4383
f 4376 4377 4381
f 4376 4381 4380
f 4377 4378 4382
f 4377 4382 4381
f 4378 4379 4383
f 4378 4383 4382
f 4379 4376 4380
f 4379 4380 4383
o houseW::fwin_0_mullionH
v -13.690999999999999 2.6168993126913906 1.8022480549846889
v -13.690999999999999 2.0431006873086095 1.8022480549846889
v -13.660999999999998 2.0431006873086095 1.8022480549846889
v -13.660999999999998 2.6168993126913906 1.8022480549846889
v -13.690999999999999 2.6168993126913906 1.8577519450153113
v -13.690999999999999 2.0431006873086095 1.8577519450153113
v -13.660999999999998 2.0431006873086095 1.8577519450153113
v -13.660999999999998 2.6168993126913906 1.8577519450153113
usemtl fieldMat_39
f 4384 4386 4385
f 4384 4387 4386
f 4388 4389 4390
f 4388 4390 4391
f 4384 4385 4389
f 4384 4389 4388
f 4385 4386 4390
f 4385 4390 4389
f 4386 4387 4391
f 4386 4391 4390
f 4387 4384 4388
f 4387 4388 4391
o houseW::fwin_1_glass
v -13.673 -1.9931447165395832 1.4154088818948718
v -13.673 -2.666855283460417 1.4154088818948718
v -13.623 -2.666855283460417 1.4154088818948718
v -13.623 -1.9931447165395832 1.4154088818948718
v -13.673 -1.9931447165395832 2.2445911181051286
v -13.673 -2.666855283460417 2.2445911181051286
v -13.623 -2.666855283460417 2.2445911181051286
v -13.623 -1.9931447165395832 2.2445911181051286
usemtl fieldMat_19
f 4392 4394 4393
f 4392 4395 4394
f 4396 4397 4398
f 4396 4398 4399
f 4392 4393 4397
f 4392 4397 4396
f 4393 4394 4398
f 4393 4398 4397
f 4394 4395 4399
f 4394 4399 4398
f 4395 4392 4396
f 4395 4396 4399
o houseW::fwin_1_frameTop
v -13.695 -1.9231447165395832 2.2100418582630343
v -13.695 -2.7368552834604167 2.2100418582630343
v -13.625 -2.7368552834604167 2.2100418582630343
v -13.625 -1.9231447165395832 2.2100418582630343
v -13.695 -1.9231447165395832 2.279140377947223
v -13.695 -2.7368552834604167 2.279140377947223
v -13.625 -2.7368552834604167 2.279140377947223
v -13.625 -1.9231447165395832 2.279140377947223
usemtl fieldMat_39
f 4400 4402 4401
f 4400 4403 4402
f 4404 4405 4406
f 4404 4406 4407
f 4400 4401 4405
f 4400 4405 4404
f 4401 4402 4406
f 4401 4406 4405
f 4402 4403 4407
f 4402 4407 4406
f 4403 4400 4404
f 4403 4404 4407
o houseW::fwin_1_frameBottom
v -13.708 -1.9031447165395834 1.3808596220527778
v -13.708 -2.7568552834604168 1.3808596220527778
v -13.618 -2.7568552834604168 1.3808596220527778
v -13.618 -1.9031447165395834 1.3808596220527778
v -13.708 -1.9031447165395834 1.4499581417369658
v -13.708 -2.7568552834604168 1.4499581417369658
v -13.618 -2.7568552834604168 1.4499581417369658
v -13.618 -1.9031447165395834 1.4499581417369658
usemtl fieldMat_18
f 4408 4410 4409
f 4408 4411 4410
f 4412 4413 4414
f 4412 4414 4415
f 4408 4409 4413
f 4408 4413 4412
f 4409 4410 4414
f 4409 4414 4413
f 4410 4411 4415
f 4410 4415 4414
f 4411 4408 4412
f 4411 4412 4415
o houseW::fwin_1_frameL
v -13.695 -1.9585954566974895 1.3554088818948717
v -13.695 -2.0276939763816775 1.3554088818948717
v -13.625 -2.0276939763816775 1.3554088818948717
v -13.625 -1.9585954566974895 1.3554088818948717
v -13.695 -1.9585954566974895 2.3045911181051286
v -13.695 -2.0276939763816775 2.3045911181051286
v -13.625 -2.0276939763816775 2.3045911181051286
v -13.625 -1.9585954566974895 2.3045911181051286
usemtl fieldMat_39
f 4416 4418 4417
f 4416 4419 4418
f 4420 4421 4422
f 4420 4422 4423
f 4416 4417 4421
f 4416 4421 4420
f 4417 4418 4422
f 4417 4422 4421
f 4418 4419 4423
f 4418 4423 4422
f 4419 4416 4420
f 4419 4420 4423
o houseW::fwin_1_frameR
v -13.695 -2.6323060236183227 1.3554088818948717
v -13.695 -2.701404543302511 1.3554088818948717
v -13.625 -2.701404543302511 1.3554088818948717
v -13.625 -2.6323060236183227 1.3554088818948717
v -13.695 -2.6323060236183227 2.3045911181051286
v -13.695 -2.701404543302511 2.3045911181051286
v -13.625 -2.701404543302511 2.3045911181051286
v -13.625 -2.6323060236183227 2.3045911181051286
usemtl fieldMat_39
f 4424 4426 4425
f 4424 4427 4426
f 4428 4429 4430
f 4428 4430 4431
f 4424 4425 4429
f 4424 4429 4428
f 4425 4426 4430
f 4425 4430 4429
f 4426 4427 4431
f 4426 4431 4430
f 4427 4424 4428
f 4427 4428 4431
o houseW::fwin_1_mullionV
v -13.690999999999999 -2.3030515773231666 1.4754088818948716
v -13.690999999999999 -2.3569484226768336 1.4754088818948716
v -13.660999999999998 -2.3569484226768336 1.4754088818948716
v -13.660999999999998 -2.3030515773231666 1.4754088818948716
v -13.690999999999999 -2.3030515773231666 2.1845911181051285
v -13.690999999999999 -2.3569484226768336 2.1845911181051285
v -13.660999999999998 -2.3569484226768336 2.1845911181051285
v -13.660999999999998 -2.3030515773231666 2.1845911181051285
usemtl fieldMat_39
f 4432 4434 4433
f 4432 4435 4434
f 4436 4437 4438
f 4436 4438 4439
f 4432 4433 4437
f 4432 4437 4436
f 4433 4434 4438
f 4433 4438 4437
f 4434 4435 4439
f 4434 4439 4438
f 4435 4432 4436
f 4435 4436 4439
o houseW::fwin_1_mullionH
v -13.690999999999999 -2.0531447165395833 1.8030515773231668
v -13.690999999999999 -2.606855283460417 1.8030515773231668
v -13.660999999999998 -2.606855283460417 1.8030515773231668
v -13.660999999999998 -2.0531447165395833 1.8030515773231668
v -13.690999999999999 -2.0531447165395833 1.8569484226768334
v -13.690999999999999 -2.606855283460417 1.8569484226768334
v -13.660999999999998 -2.606855283460417 1.8569484226768334
v -13.660999999999998 -2.0531447165395833 1.8569484226768334
usemtl fieldMat_39
f 4440 4442 4441
f 4440 4443 4442
f 4444 4445 4446
f 4444 4446 4447
f 4440 4441 4445
f 4440 4445 4444
f 4441 4442 4446
f 4441 4446 4445
f 4442 4443 4447
f 4442 4447 4446
f 4443 4440 4444
f 4443 4444 4447
o houseW::fwin_2_glass
v -13.673 2.650073686499917 3.8860631550770255
v -13.673 2.0099263135000833 3.8860631550770255
v -13.623 2.0099263135000833 3.8860631550770255
v -13.623 2.650073686499917 3.8860631550770255
v -13.673 2.650073686499917 4.673936844922975
v -13.673 2.0099263135000833 4.673936844922975
v -13.623 2.0099263135000833 4.673936844922975
v -13.623 2.650073686499917 4.673936844922975
usemtl fieldMat_19
f 4448 4450 4449
f 4448 4451 4450
f 4452 4453 4454
f 4452 4454 4455
f 4448 4449 4453
f 4448 4453 4452
f 4449 4450 4454
f 4449 4454 4453
f 4450 4451 4455
f 4450 4455 4454
f 4451 4448 4452
f 4451 4452 4455
o houseW::fwin_2_frameTop
v -13.695 2.720073686499917 4.641108774512727
v -13.695 1.939926313500083 4.641108774512727
v -13.625 1.939926313500083 4.641108774512727
v -13.625 2.720073686499917 4.641108774512727
v -13.695 2.720073686499917 4.706764915333222
v -13.695 1.939926313500083 4.706764915333222
v -13.625 1.939926313500083 4.706764915333222
v -13.625 2.720073686499917 4.706764915333222
usemtl fieldMat_39
f 4456 4458 4457
f 4456 4459 4458
f 4460 4461 4462
f 4460 4462 4463
f 4456 4457 4461
f 4456 4461 4460
f 4457 4458 4462
f 4457 4462 4461
f 4458 4459 4463
f 4458 4463 4462
f 4459 4456 4460
f 4459 4460 4463
o houseW::fwin_2_frameBottom
v -13.708 2.740073686499917 3.8532350846667778
v -13.708 1.919926313500083 3.8532350846667778
v -13.618 1.919926313500083 3.8532350846667778
v -13.618 2.740073686499917 3.8532350846667778
v -13.708 2.740073686499917 3.918891225487273
v -13.708 1.919926313500083 3.918891225487273
v -13.618 1.919926313500083 3.918891225487273
v -13.618 2.740073686499917 3.918891225487273
usemtl fieldMat_18
f 4464 4466 4465
f 4464 4467 4466
f 4468 4469 4470
f 4468 4470 4471
f 4464 4465 4469
f 4464 4469 4468
f 4465 4466 4470
f 4465 4470 4469
f 4466 4467 4471
f 4466 4471 4470
f 4467 4464 4468
f 4467 4468 4471
o houseW::fwin_2_frameL
v -13.695 2.6829017569101645 3.8260631550770254
v -13.695 2.617245616089669 3.8260631550770254
v -13.625 2.617245616089669 3.8260631550770254
v -13.625 2.6829017569101645 3.8260631550770254
v -13.695 2.6829017569101645 4.733936844922975
v -13.695 2.617245616089669 4.733936844922975
v -13.625 2.617245616089669 4.733936844922975
v -13.625 2.6829017569101645 4.733936844922975
usemtl fieldMat_39
f 4472 4474 4473
f 4472 4475 4474
f 4476 4477 4478
f 4476 4478 4479
f 4472 4473 4477
f 4472 4477 4476
f 4473 4474 4478
f 4473 4478 4477
f 4474 4475 4479
f 4474 4479 4478
f 4475 4472 4476
f 4475 4476 4479
o houseW::fwin_2_frameR
v -13.695 2.042754383910331 3.8260631550770254
v -13.695 1.9770982430898354 3.8260631550770254
v -13.625 1.9770982430898354 3.8260631550770254
v -13.625 2.042754383910331 3.8260631550770254
v -13.695 2.042754383910331 4.733936844922975
v -13.695 1.9770982430898354 4.733936844922975
v -13.625 1.9770982430898354 4.733936844922975
v -13.625 2.042754383910331 4.733936844922975
usemtl fieldMat_39
f 4480 4482 4481
f 4480 4483 4482
f 4484 4485 4486
f 4484 4486 4487
f 4480 4481 4485
f 4480 4485 4484
f 4481 4482 4486
f 4481 4486 4485
f 4482 4483 4487
f 4482 4487 4486
f 4483 4480 4484
f 4483 4484 4487
o houseW::fwin_2_mullionV
v -13.690999999999999 2.3556058949199934 3.9460631550770255
v -13.690999999999999 2.3043941050800067 3.9460631550770255
v -13.660999999999998 2.3043941050800067 3.9460631550770255
v -13.660999999999998 2.3556058949199934 3.9460631550770255
v -13.690999999999999 2.3556058949199934 4.613936844922975
v -13.690999999999999 2.3043941050800067 4.613936844922975
v -13.660999999999998 2.3043941050800067 4.613936844922975
v -13.660999999999998 2.3556058949199934 4.613936844922975
usemtl fieldMat_39
f 4488 4490 4489
f 4488 4491 4490
f 4492 4493 4494
f 4492 4494 4495
f 4488 4489 4493
f 4488 4493 4492
f 4489 4490 4494
f 4489 4494 4493
f 4490 4491 4495
f 4490 4495 4494
f 4491 4488 4492
f 4491 4492 4495
o houseW::fwin_2_mullionH
v -13.690999999999999 2.5900736864999168 4.2543941050800065
v -13.690999999999999 2.0699263135000834 4.2543941050800065
v -13.660999999999998 2.0699263135000834 4.2543941050800065
v -13.660999999999998 2.5900736864999168 4.2543941050800065
v -13.690999999999999 2.5900736864999168 4.305605894919994
v -13.690999999999999 2.0699263135000834 4.305605894919994
v -13.660999999999998 2.0699263135000834 4.305605894919994
v -13.660999999999998 2.5900736864999168 4.305605894919994
usemtl fieldMat_39
f 4496 4498 4497
f 4496 4499 4498
f 4500 4501 4502
f 4500 4502 4503
f 4496 4497 4501
f 4496 4501 4500
f 4497 4498 4502
f 4497 4502 4501
f 4498 4499 4503
f 4498 4503 4502
f 4499 4496 4500
f 4499 4500 4503
o houseW::fwin_2_shutterL
v -13.6905 2.8400736864999168 3.8660631550770255
v -13.6905 2.700073686499917 3.8660631550770255
v -13.645499999999998 2.700073686499917 3.8660631550770255
v -13.645499999999998 2.8400736864999168 3.8660631550770255
v -13.6905 2.8400736864999168 4.693936844922975
v -13.6905 2.700073686499917 4.693936844922975
v -13.645499999999998 2.700073686499917 4.693936844922975
v -13.645499999999998 2.8400736864999168 4.693936844922975
usemtl fieldMat_38
f 4504 4506 4505
f 4504 4507 4506
f 4508 4509 4510
f 4508 4510 4511
f 4504 4505 4509
f 4504 4509 4508
f 4505 4506 4510
f 4505 4510 4509
f 4506 4507 4511
f 4506 4511 4510
f 4507 4504 4508
f 4507 4508 4511
o houseW::fwin_2_shutterR
v -13.6905 1.959926313500083 3.8660631550770255
v -13.6905 1.819926313500083 3.8660631550770255
v -13.645499999999998 1.819926313500083 3.8660631550770255
v -13.645499999999998 1.959926313500083 3.8660631550770255
v -13.6905 1.959926313500083 4.693936844922975
v -13.6905 1.819926313500083 4.693936844922975
v -13.645499999999998 1.819926313500083 4.693936844922975
v -13.645499999999998 1.959926313500083 4.693936844922975
usemtl fieldMat_38
f 4512 4514 4513
f 4512 4515 4514
f 4516 4517 4518
f 4516 4518 4519
f 4512 4513 4517
f 4512 4517 4516
f 4513 4514 4518
f 4513 4518 4517
f 4514 4515 4519
f 4514 4519 4518
f 4515 4512 4516
f 4515 4516 4519
o houseW::fwin_3_glass
v -13.673 -1.9935062000758015 3.865853784708679
v -13.673 -2.6664937999241984 3.865853784708679
v -13.623 -2.6664937999241984 3.865853784708679
v -13.623 -1.9935062000758015 3.865853784708679
v -13.673 -1.9935062000758015 4.694146215291322
v -13.673 -2.6664937999241984 4.694146215291322
v -13.623 -2.6664937999241984 4.694146215291322
v -13.623 -1.9935062000758015 4.694146215291322
usemtl fieldMat_19
f 4520 4522 4521
f 4520 4523 4522
f 4524 4525 4526
f 4524 4526 4527
f 4520 4521 4525
f 4520 4525 4524
f 4521 4522 4526
f 4521 4526 4525
f 4522 4523 4527
f 4522 4527 4526
f 4523 4520 4524
f 4523 4524 4527
o houseW::fwin_3_frameTop
v -13.695 -1.9235062000758014 4.659634030683711
v -13.695 -2.7364937999241987 4.659634030683711
v -13.625 -2.7364937999241987 4.659634030683711
v -13.625 -1.9235062000758014 4.659634030683711
v -13.695 -1.9235062000758014 4.728658399898932
v -13.695 -2.7364937999241987 4.728658399898932
v -13.625 -2.7364937999241987 4.728658399898932
v -13.625 -1.9235062000758014 4.728658399898932
usemtl fieldMat_39
f 4528 4530 4529
f 4528 4531 4530
f 4532 4533 4534
f 4532 4534 4535
f 4528 4529 4533
f 4528 4533 4532
f 4529 4530 4534
f 4529 4534 4533
f 4530 4531 4535
f 4530 4535 4534
f 4531 4528 4532
f 4531 4532 4535
o houseW::fwin_3_frameBottom
v -13.708 -1.9035062000758014 3.831341600101069
v -13.708 -2.7564937999241987 3.831341600101069
v -13.618 -2.7564937999241987 3.831341600101069
v -13.618 -1.9035062000758014 3.831341600101069
v -13.708 -1.9035062000758014 3.900365969316289
v -13.708 -2.7564937999241987 3.900365969316289
v -13.618 -2.7564937999241987 3.900365969316289
v -13.618 -1.9035062000758014 3.900365969316289
usemtl fieldMat_18
f 4536 4538 4537
f 4536 4539 4538
f 4540 4541 4542
f 4540 4542 4543
f 4536 4537 4541
f 4536 4541 4540
f 4537 4538 4542
f 4537 4542 4541
f 4538 4539 4543
f 4538 4543 4542
f 4539 4536 4540
f 4539 4540 4543
o houseW::fwin_3_frameL
v -13.695 -1.9589940154681915 3.805853784708679
v -13.695 -2.0280183846834117 3.805853784708679
v -13.625 -2.0280183846834117 3.805853784708679
v -13.625 -1.9589940154681915 3.805853784708679
v -13.695 -1.9589940154681915 4.754146215291321
v -13.695 -2.0280183846834117 4.754146215291321
v -13.625 -2.0280183846834117 4.754146215291321
v -13.625 -1.9589940154681915 4.754146215291321
usemtl fieldMat_39
f 4544 4546 4545
f 4544 4547 4546
f 4548 4549 4550
f 4548 4550 4551
f 4544 4545 4549
f 4544 4549 4548
f 4545 4546 4550
f 4545 4550 4549
f 4546 4547 4551
f 4546 4551 4550
f 4547 4544 4548
f 4547 4548 4551
o houseW::fwin_3_frameR
v -13.695 -2.6319816153165885 3.805853784708679
v -13.695 -2.7010059845318084 3.805853784708679
v -13.625 -2.7010059845318084 3.805853784708679
v -13.625 -2.6319816153165885 3.805853784708679
v -13.695 -2.6319816153165885 4.754146215291321
v -13.695 -2.7010059845318084 4.754146215291321
v -13.625 -2.7010059845318084 4.754146215291321
v -13.625 -2.6319816153165885 4.754146215291321
usemtl fieldMat_39
f 4552 4554 4553
f 4552 4555 4554
f 4556 4557 4558
f 4556 4558 4559
f 4552 4553 4557
f 4552 4557 4556
f 4553 4554 4558
f 4553 4558 4557
f 4554 4555 4559
f 4554 4559 4558
f 4555 4552 4556
f 4555 4556 4559
o houseW::fwin_3_mullionV
v -13.690999999999999 -2.3030804960060642 3.925853784708679
v -13.690999999999999 -2.356919503993936 3.925853784708679
v -13.660999999999998 -2.356919503993936 3.925853784708679
v -13.660999999999998 -2.3030804960060642 3.925853784708679
v -13.690999999999999 -2.3030804960060642 4.634146215291321
v -13.690999999999999 -2.356919503993936 4.634146215291321
v -13.660999999999998 -2.356919503993936 4.634146215291321
v -13.660999999999998 -2.3030804960060642 4.634146215291321
usemtl fieldMat_39
f 4560 4562 4561
f 4560 4563 4562
f 4564 4565 4566
f 4564 4566 4567
f 4560 4561 4565
f 4560 4565 4564
f 4561 4562 4566
f 4561 4566 4565
f 4562 4563 4567
f 4562 4567 4566
f 4563 4560 4564
f 4563 4564 4567
o houseW::fwin_3_mullionH
v -13.690999999999999 -2.0535062000758018 4.253080496006064
v -13.690999999999999 -2.6064937999241984 4.253080496006064
v -13.660999999999998 -2.6064937999241984 4.253080496006064
v -13.660999999999998 -2.0535062000758018 4.253080496006064
v -13.690999999999999 -2.0535062000758018 4.306919503993936
v -13.690999999999999 -2.6064937999241984 4.306919503993936
v -13.660999999999998 -2.6064937999241984 4.306919503993936
v -13.660999999999998 -2.0535062000758018 4.306919503993936
usemtl fieldMat_39
f 4568 4570 4569
f 4568 4571 4570
f 4572 4573 4574
f 4572 4574 4575
f 4568 4569 4573
f 4568 4573 4572
f 4569 4570 4574
f 4569 4574 4573
f 4570 4571 4575
f 4570 4575 4574
f 4571 4568 4572
f 4571 4572 4575
o houseW::fwin_3_shutterL
v -13.6905 -1.8035062000758018 3.845853784708679
v -13.6905 -1.9435062000758019 3.845853784708679
v -13.645499999999998 -1.9435062000758019 3.845853784708679
v -13.645499999999998 -1.8035062000758018 3.845853784708679
v -13.6905 -1.8035062000758018 4.714146215291321
v -13.6905 -1.9435062000758019 4.714146215291321
v -13.645499999999998 -1.9435062000758019 4.714146215291321
v -13.645499999999998 -1.8035062000758018 4.714146215291321
usemtl fieldMat_38
f 4576 4578 4577
f 4576 4579 4578
f 4580 4581 4582
f 4580 4582 4583
f 4576 4577 4581
f 4576 4581 4580
f 4577 4578 4582
f 4577 4582 4581
f 4578 4579 4583
f 4578 4583 4582
f 4579 4576 4580
f 4579 4580 4583
o houseW::fwin_3_shutterR
v -13.6905 -2.7164937999241987 3.845853784708679
v -13.6905 -2.8564937999241984 3.845853784708679
v -13.645499999999998 -2.8564937999241984 3.845853784708679
v -13.645499999999998 -2.7164937999241987 3.845853784708679
v -13.6905 -2.7164937999241987 4.714146215291321
v -13.6905 -2.8564937999241984 4.714146215291321
v -13.645499999999998 -2.8564937999241984 4.714146215291321
v -13.645499999999998 -2.7164937999241987 4.714146215291321
usemtl fieldMat_38
f 4584 4586 4585
f 4584 4587 4586
f 4588 4589 4590
f 4588 4590 4591
f 4584 4585 4589
f 4584 4589 4588
f 4585 4586 4590
f 4585 4590 4589
f 4586 4587 4591
f 4586 4591 4590
f 4587 4584 4588
f 4587 4588 4591
o houseW::swin_r_4_glass
v -13.008099999999999 -3.08 1.4208
v -13.008099999999999 -3.13 1.4208
v -12.3919 -3.13 1.4208
v -12.3919 -3.08 1.4208
v -13.008099999999999 -3.08 2.1792
v -13.008099999999999 -3.13 2.1792
v -12.3919 -3.13 2.1792
v -12.3919 -3.08 2.1792
usemtl fieldMat_19
f 4592 4594 4593
f 4592 4595 4594
f 4596 4597 4598
f 4596 4598 4599
f 4592 4593 4597
f 4592 4597 4596
f 4593 4594 4598
f 4593 4598 4597
f 4594 4595 4599
f 4594 4599 4598
f 4595 4592 4596
f 4595 4596 4599
o houseW::swin_r_4_frameTop
v -13.0781 -3.082 2.1475999999999997
v -13.0781 -3.152 2.1475999999999997
v -12.3219 -3.152 2.1475999999999997
v -12.3219 -3.082 2.1475999999999997
v -13.0781 -3.082 2.2108
v -13.0781 -3.152 2.2108
v -12.3219 -3.152 2.2108
v -12.3219 -3.082 2.2108
usemtl fieldMat_39
f 4600 4602 4601
f 4600 4603 4602
f 4604 4605 4606
f 4604 4606 4607
f 4600 4601 4605
f 4600 4605 4604
f 4601 4602 4606
f 4601 4606 4605
f 4602 4603 4607
f 4602 4607 4606
f 4603 4600 4604
f 4603 4604 4607
o houseW::swin_r_4_frameBottom
v -13.098099999999999 -3.075 1.3892
v -13.098099999999999 -3.165 1.3892
v -12.3019 -3.165 1.3892
v -12.3019 -3.075 1.3892
v -13.098099999999999 -3.075 1.4524000000000001
v -13.098099999999999 -3.165 1.4524000000000001
v -12.3019 -3.165 1.4524000000000001
v -12.3019 -3.075 1.4524000000000001
usemtl fieldMat_18
f 4608 4610 4609
f 4608 4611 4610
f 4612 4613 4614
f 4612 4614 4615
f 4608 4609 4613
f 4608 4613 4612
f 4609 4610 4614
f 4609 4614 4613
f 4610 4611 4615
f 4610 4615 4614
f 4611 4608 4612
f 4611 4612 4615
o houseW::swin_r_4_frameL
v -13.039699999999998 -3.082 1.3608
v -13.039699999999998 -3.152 1.3608
v -12.9765 -3.152 1.3608
v -12.9765 -3.082 1.3608
v -13.039699999999998 -3.082 2.2392
v -13.039699999999998 -3.152 2.2392
v -12.9765 -3.152 2.2392
v -12.9765 -3.082 2.2392
usemtl fieldMat_39
f 4616 4618 4617
f 4616 4619 4618
f 4620 4621 4622
f 4620 4622 4623
f 4616 4617 4621
f 4616 4621 4620
f 4617 4618 4622
f 4617 4622 4621
f 4618 4619 4623
f 4618 4623 4622
f 4619 4616 4620
f 4619 4620 4623
o houseW::swin_r_4_frameR
v -12.423499999999999 -3.082 1.3608
v -12.423499999999999 -3.152 1.3608
v -12.3603 -3.152 1.3608
v -12.3603 -3.082 1.3608
v -12.423499999999999 -3.082 2.2392
v -12.423499999999999 -3.152 2.2392
v -12.3603 -3.152 2.2392
v -12.3603 -3.082 2.2392
usemtl fieldMat_39
f 4624 4626 4625
f 4624 4627 4626
f 4628 4629 4630
f 4628 4630 4631
f 4624 4625 4629
f 4624 4629 4628
f 4625 4626 4630
f 4625 4630 4629
f 4626 4627 4631
f 4626 4631 4630
f 4627 4624 4628
f 4627 4628 4631
o houseW::swin_r_4_mullionV
v -12.724647999999998 -3.118 1.4808000000000001
v -12.724647999999998 -3.148 1.4808000000000001
v -12.675352 -3.148 1.4808000000000001
v -12.675352 -3.118 1.4808000000000001
v -12.724647999999998 -3.118 2.1192
v -12.724647999999998 -3.148 2.1192
v -12.675352 -3.148 2.1192
v -12.675352 -3.118 2.1192
usemtl fieldMat_39
f 4632 4634 4633
f 4632 4635 4634
f 4636 4637 4638
f 4636 4638 4639
f 4632 4633 4637
f 4632 4637 4636
f 4633 4634 4638
f 4633 4638 4637
f 4634 4635 4639
f 4634 4639 4638
f 4635 4632 4636
f 4635 4636 4639
o houseW::swin_r_4_mullionH
v -12.9481 -3.118 1.775352
v -12.9481 -3.148 1.775352
v -12.451899999999998 -3.148 1.775352
v -12.451899999999998 -3.118 1.775352
v -12.9481 -3.118 1.824648
v -12.9481 -3.148 1.824648
v -12.451899999999998 -3.148 1.824648
v -12.451899999999998 -3.118 1.824648
usemtl fieldMat_39
f 4640 4642 4641
f 4640 4643 4642
f 4644 4645 4646
f 4644 4646 4647
f 4640 4641 4645
f 4640 4645 4644
f 4641 4642 4646
f 4641 4646 4645
f 4642 4643 4647
f 4642 4647 4646
f 4643 4640 4644
f 4643 4644 4647
o houseW::swin_r_5_glass
v -11.358099999999999 -3.08 1.4208
v -11.358099999999999 -3.13 1.4208
v -10.7419 -3.13 1.4208
v -10.7419 -3.08 1.4208
v -11.358099999999999 -3.08 2.1792
v -11.358099999999999 -3.13 2.1792
v -10.7419 -3.13 2.1792
v -10.7419 -3.08 2.1792
usemtl fieldMat_19
f 4648 4650 4649
f 4648 4651 4650
f 4652 4653 4654
f 4652 4654 4655
f 4648 4649 4653
f 4648 4653 4652
f 4649 4650 4654
f 4649 4654 4653
f 4650 4651 4655
f 4650 4655 4654
f 4651 4648 4652
f 4651 4652 4655
o houseW::swin_r_5_frameTop
v -11.428099999999999 -3.082 2.1475999999999997
v -11.428099999999999 -3.152 2.1475999999999997
v -10.671899999999999 -3.152 2.1475999999999997
v -10.671899999999999 -3.082 2.1475999999999997
v -11.428099999999999 -3.082 2.2108
v -11.428099999999999 -3.152 2.2108
v -10.671899999999999 -3.152 2.2108
v -10.671899999999999 -3.082 2.2108
usemtl fieldMat_39
f 4656 4658 4657
f 4656 4659 4658
f 4660 4661 4662
f 4660 4662 4663
f 4656 4657 4661
f 4656 4661 4660
f 4657 4658 4662
f 4657 4662 4661
f 4658 4659 4663
f 4658 4663 4662
f 4659 4656 4660
f 4659 4660 4663
o houseW::swin_r_5_frameBottom
v -11.448099999999998 -3.075 1.3892
v -11.448099999999998 -3.165 1.3892
v -10.6519 -3.165 1.3892
v -10.6519 -3.075 1.3892
v -11.448099999999998 -3.075 1.4524000000000001
v -11.448099999999998 -3.165 1.4524000000000001
v -10.6519 -3.165 1.4524000000000001
v -10.6519 -3.075 1.4524000000000001
usemtl fieldMat_18
f 4664 4666 4665
f 4664 4667 4666
f 4668 4669 4670
f 4668 4670 4671
f 4664 4665 4669
f 4664 4669 4668
f 4665 4666 4670
f 4665 4670 4669
f 4666 4667 4671
f 4666 4671 4670
f 4667 4664 4668
f 4667 4668 4671
o houseW::swin_r_5_frameL
v -11.389699999999998 -3.082 1.3608
v -11.389699999999998 -3.152 1.3608
v -11.3265 -3.152 1.3608
v -11.3265 -3.082 1.3608
v -11.389699999999998 -3.082 2.2392
v -11.389699999999998 -3.152 2.2392
v -11.3265 -3.152 2.2392
v -11.3265 -3.082 2.2392
usemtl fieldMat_39
f 4672 4674 4673
f 4672 4675 4674
f 4676 4677 4678
f 4676 4678 4679
f 4672 4673 4677
f 4672 4677 4676
f 4673 4674 4678
f 4673 4678 4677
f 4674 4675 4679
f 4674 4679 4678
f 4675 4672 4676
f 4675 4676 4679
o houseW::swin_r_5_frameR
v -10.773499999999999 -3.082 1.3608
v -10.773499999999999 -3.152 1.3608
v -10.7103 -3.152 1.3608
v -10.7103 -3.082 1.3608
v -10.773499999999999 -3.082 2.2392
v -10.773499999999999 -3.152 2.2392
v -10.7103 -3.152 2.2392
v -10.7103 -3.082 2.2392
usemtl fieldMat_39
f 4680 4682 4681
f 4680 4683 4682
f 4684 4685 4686
f 4684 4686 4687
f 4680 4681 4685
f 4680 4685 4684
f 4681 4682 4686
f 4681 4686 4685
f 4682 4683 4687
f 4682 4687 4686
f 4683 4680 4684
f 4683 4684 4687
o houseW::swin_r_5_mullionV
v -11.074648 -3.118 1.4808000000000001
v -11.074648 -3.148 1.4808000000000001
v -11.025351999999998 -3.148 1.4808000000000001
v -11.025351999999998 -3.118 1.4808000000000001
v -11.074648 -3.118 2.1192
v -11.074648 -3.148 2.1192
v -11.025351999999998 -3.148 2.1192
v -11.025351999999998 -3.118 2.1192
usemtl fieldMat_39
f 4688 4690 4689
f 4688 4691 4690
f 4692 4693 4694
f 4692 4694 4695
f 4688 4689 4693
f 4688 4693 4692
f 4689 4690 4694
f 4689 4694 4693
f 4690 4691 4695
f 4690 4695 4694
f 4691 4688 4692
f 4691 4692 4695
o houseW::swin_r_5_mullionH
v -11.2981 -3.118 1.775352
v -11.2981 -3.148 1.775352
v -10.801899999999998 -3.148 1.775352
v -10.801899999999998 -3.118 1.775352
v -11.2981 -3.118 1.824648
v -11.2981 -3.148 1.824648
v -10.801899999999998 -3.148 1.824648
v -10.801899999999998 -3.118 1.824648
usemtl fieldMat_39
f 4696 4698 4697
f 4696 4699 4698
f 4700 4701 4702
f 4700 4702 4703
f 4696 4697 4701
f 4696 4701 4700
f 4697 4698 4702
f 4697 4702 4701
f 4698 4699 4703
f 4698 4703 4702
f 4699 4696 4700
f 4699 4700 4703
o houseW::swin_r_5_shutterL
v -11.5481 -3.1025 1.4008
v -11.5481 -3.1475 1.4008
v -11.4081 -3.1475 1.4008
v -11.4081 -3.1025 1.4008
v -11.5481 -3.1025 2.1992000000000003
v -11.5481 -3.1475 2.1992000000000003
v -11.4081 -3.1475 2.1992000000000003
v -11.4081 -3.1025 2.1992000000000003
usemtl fieldMat_38
f 4704 4706 4705
f 4704 4707 4706
f 4708 4709 4710
f 4708 4710 4711
f 4704 4705 4709
f 4704 4709 4708
f 4705 4706 4710
f 4705 4710 4709
f 4706 4707 4711
f 4706 4711 4710
f 4707 4704 4708
f 4707 4708 4711
o houseW::swin_r_5_shutterR
v -10.691899999999999 -3.1025 1.4008
v -10.691899999999999 -3.1475 1.4008
v -10.551899999999998 -3.1475 1.4008
v -10.551899999999998 -3.1025 1.4008
v -10.691899999999999 -3.1025 2.1992000000000003
v -10.691899999999999 -3.1475 2.1992000000000003
v -10.551899999999998 -3.1475 2.1992000000000003
v -10.551899999999998 -3.1025 2.1992000000000003
usemtl fieldMat_38
f 4712 4714 4713
f 4712 4715 4714
f 4716 4717 4718
f 4716 4718 4719
f 4712 4713 4717
f 4712 4717 4716
f 4713 4714 4718
f 4713 4718 4717
f 4714 4715 4719
f 4714 4719 4718
f 4715 4712 4716
f 4715 4716 4719
o houseW::swin_r_6_glass
v -9.708099999999998 -3.08 1.4208
v -9.708099999999998 -3.13 1.4208
v -9.091899999999999 -3.13 1.4208
v -9.091899999999999 -3.08 1.4208
v -9.708099999999998 -3.08 2.1792
v -9.708099999999998 -3.13 2.1792
v -9.091899999999999 -3.13 2.1792
v -9.091899999999999 -3.08 2.1792
usemtl fieldMat_19
f 4720 4722 4721
f 4720 4723 4722
f 4724 4725 4726
f 4724 4726 4727
f 4720 4721 4725
f 4720 4725 4724
f 4721 4722 4726
f 4721 4726 4725
f 4722 4723 4727
f 4722 4727 4726
f 4723 4720 4724
f 4723 4724 4727
o houseW::swin_r_6_frameTop
v -9.778099999999998 -3.082 2.1475999999999997
v -9.778099999999998 -3.152 2.1475999999999997
v -9.021899999999999 -3.152 2.1475999999999997
v -9.021899999999999 -3.082 2.1475999999999997
v -9.778099999999998 -3.082 2.2108
v -9.778099999999998 -3.152 2.2108
v -9.021899999999999 -3.152 2.2108
v -9.021899999999999 -3.082 2.2108
usemtl fieldMat_39
f 4728 4730 4729
f 4728 4731 4730
f 4732 4733 4734
f 4732 4734 4735
f 4728 4729 4733
f 4728 4733 4732
f 4729 4730 4734
f 4729 4734 4733
f 4730 4731 4735
f 4730 4735 4734
f 4731 4728 4732
f 4731 4732 4735
o houseW::swin_r_6_frameBottom
v -9.798099999999998 -3.075 1.3892
v -9.798099999999998 -3.165 1.3892
v -9.0019 -3.165 1.3892
v -9.0019 -3.075 1.3892
v -9.798099999999998 -3.075 1.4524000000000001
v -9.798099999999998 -3.165 1.4524000000000001
v -9.0019 -3.165 1.4524000000000001
v -9.0019 -3.075 1.4524000000000001
usemtl fieldMat_18
f 4736 4738 4737
f 4736 4739 4738
f 4740 4741 4742
f 4740 4742 4743
f 4736 4737 4741
f 4736 4741 4740
f 4737 4738 4742
f 4737 4742 4741
f 4738 4739 4743
f 4738 4743 4742
f 4739 4736 4740
f 4739 4740 4743
o houseW::swin_r_6_frameL
v -9.7397 -3.082 1.3608
v -9.7397 -3.152 1.3608
v -9.6765 -3.152 1.3608
v -9.6765 -3.082 1.3608
v -9.7397 -3.082 2.2392
v -9.7397 -3.152 2.2392
v -9.6765 -3.152 2.2392
v -9.6765 -3.082 2.2392
usemtl fieldMat_39
f 4744 4746 4745
f 4744 4747 4746
f 4748 4749 4750
f 4748 4750 4751
f 4744 4745 4749
f 4744 4749 4748
f 4745 4746 4750
f 4745 4750 4749
f 4746 4747 4751
f 4746 4751 4750
f 4747 4744 4748
f 4747 4748 4751
o houseW::swin_r_6_frameR
v -9.123499999999998 -3.082 1.3608
v -9.123499999999998 -3.152 1.3608
v -9.0603 -3.152 1.3608
v -9.0603 -3.082 1.3608
v -9.123499999999998 -3.082 2.2392
v -9.123499999999998 -3.152 2.2392
v -9.0603 -3.152 2.2392
v -9.0603 -3.082 2.2392
usemtl fieldMat_39
f 4752 4754 4753
f 4752 4755 4754
f 4756 4757 4758
f 4756 4758 4759
f 4752 4753 4757
f 4752 4757 4756
f 4753 4754 4758
f 4753 4758 4757
f 4754 4755 4759
f 4754 4759 4758
f 4755 4752 4756
f 4755 4756 4759
o houseW::swin_r_6_mullionV
v -9.424647999999998 -3.118 1.4808000000000001
v -9.424647999999998 -3.148 1.4808000000000001
v -9.375352 -3.148 1.4808000000000001
v -9.375352 -3.118 1.4808000000000001
v -9.424647999999998 -3.118 2.1192
v -9.424647999999998 -3.148 2.1192
v -9.375352 -3.148 2.1192
v -9.375352 -3.118 2.1192
usemtl fieldMat_39
f 4760 4762 4761
f 4760 4763 4762
f 4764 4765 4766
f 4764 4766 4767
f 4760 4761 4765
f 4760 4765 4764
f 4761 4762 4766
f 4761 4766 4765
f 4762 4763 4767
f 4762 4767 4766
f 4763 4760 4764
f 4763 4764 4767
o houseW::swin_r_6_mullionH
v -9.6481 -3.118 1.775352
v -9.6481 -3.148 1.775352
v -9.151899999999998 -3.148 1.775352
v -9.151899999999998 -3.118 1.775352
v -9.6481 -3.118 1.824648
v -9.6481 -3.148 1.824648
v -9.151899999999998 -3.148 1.824648
v -9.151899999999998 -3.118 1.824648
usemtl fieldMat_39
f 4768 4770 4769
f 4768 4771 4770
f 4772 4773 4774
f 4772 4774 4775
f 4768 4769 4773
f 4768 4773 4772
f 4769 4770 4774
f 4769 4774 4773
f 4770 4771 4775
f 4770 4775 4774
f 4771 4768 4772
f 4771 4772 4775
o houseW::swin_r_7_glass
v -13.008099999999999 -3.08 3.8708
v -13.008099999999999 -3.13 3.8708
v -12.3919 -3.13 3.8708
v -12.3919 -3.08 3.8708
v -13.008099999999999 -3.08 4.6292
v -13.008099999999999 -3.13 4.6292
v -12.3919 -3.13 4.6292
v -12.3919 -3.08 4.6292
usemtl fieldMat_19
f 4776 4778 4777
f 4776 4779 4778
f 4780 4781 4782
f 4780 4782 4783
f 4776 4777 4781
f 4776 4781 4780
f 4777 4778 4782
f 4777 4782 4781
f 4778 4779 4783
f 4778 4783 4782
f 4779 4776 4780
f 4779 4780 4783
o houseW::swin_r_7_frameTop
v -13.0781 -3.082 4.5976
v -13.0781 -3.152 4.5976
v -12.3219 -3.152 4.5976
v -12.3219 -3.082 4.5976
v -13.0781 -3.082 4.6608
v -13.0781 -3.152 4.6608
v -12.3219 -3.152 4.6608
v -12.3219 -3.082 4.6608
usemtl fieldMat_39
f 4784 4786 4785
f 4784 4787 4786
f 4788 4789 4790
f 4788 4790 4791
f 4784 4785 4789
f 4784 4789 4788
f 4785 4786 4790
f 4785 4790 4789
f 4786 4787 4791
f 4786 4791 4790
f 4787 4784 4788
f 4787 4788 4791
o houseW::swin_r_7_frameBottom
v -13.098099999999999 -3.075 3.8392
v -13.098099999999999 -3.165 3.8392
v -12.3019 -3.165 3.8392
v -12.3019 -3.075 3.8392
v -13.098099999999999 -3.075 3.9024
v -13.098099999999999 -3.165 3.9024
v -12.3019 -3.165 3.9024
v -12.3019 -3.075 3.9024
usemtl fieldMat_18
f 4792 4794 4793
f 4792 4795 4794
f 4796 4797 4798
f 4796 4798 4799
f 4792 4793 4797
f 4792 4797 4796
f 4793 4794 4798
f 4793 4798 4797
f 4794 4795 4799
f 4794 4799 4798
f 4795 4792 4796
f 4795 4796 4799
o houseW::swin_r_7_frameL
v -13.039699999999998 -3.082 3.8108
v -13.039699999999998 -3.152 3.8108
v -12.9765 -3.152 3.8108
v -12.9765 -3.082 3.8108
v -13.039699999999998 -3.082 4.6892
v -13.039699999999998 -3.152 4.6892
v -12.9765 -3.152 4.6892
v -12.9765 -3.082 4.6892
usemtl fieldMat_39
f 4800 4802 4801
f 4800 4803 4802
f 4804 4805 4806
f 4804 4806 4807
f 4800 4801 4805
f 4800 4805 4804
f 4801 4802 4806
f 4801 4806 4805
f 4802 4803 4807
f 4802 4807 4806
f 4803 4800 4804
f 4803 4804 4807
o houseW::swin_r_7_frameR
v -12.423499999999999 -3.082 3.8108
v -12.423499999999999 -3.152 3.8108
v -12.3603 -3.152 3.8108
v -12.3603 -3.082 3.8108
v -12.423499999999999 -3.082 4.6892
v -12.423499999999999 -3.152 4.6892
v -12.3603 -3.152 4.6892
v -12.3603 -3.082 4.6892
usemtl fieldMat_39
f 4808 4810 4809
f 4808 4811 4810
f 4812 4813 4814
f 4812 4814 4815
f 4808 4809 4813
f 4808 4813 4812
f 4809 4810 4814
f 4809 4814 4813
f 4810 4811 4815
f 4810 4815 4814
f 4811 4808 4812
f 4811 4812 4815
o houseW::swin_r_7_mullionV
v -12.724647999999998 -3.118 3.9308
v -12.724647999999998 -3.148 3.9308
v -12.675352 -3.148 3.9308
v -12.675352 -3.118 3.9308
v -12.724647999999998 -3.118 4.5692
v -12.724647999999998 -3.148 4.5692
v -12.675352 -3.148 4.5692
v -12.675352 -3.118 4.5692
usemtl fieldMat_39
f 4816 4818 4817
f 4816 4819 4818
f 4820 4821 4822
f 4820 4822 4823
f 4816 4817 4821
f 4816 4821 4820
f 4817 4818 4822
f 4817 4822 4821
f 4818 4819 4823
f 4818 4823 4822
f 4819 4816 4820
f 4819 4820 4823
o houseW::swin_r_7_mullionH
v -12.9481 -3.118 4.225352
v -12.9481 -3.148 4.225352
v -12.451899999999998 -3.148 4.225352
v -12.451899999999998 -3.118 4.225352
v -12.9481 -3.118 4.274648
v -12.9481 -3.148 4.274648
v -12.451899999999998 -3.148 4.274648
v -12.451899999999998 -3.118 4.274648
usemtl fieldMat_39
f 4824 4826 4825
f 4824 4827 4826
f 4828 4829 4830
f 4828 4830 4831
f 4824 4825 4829
f 4824 4829 4828
f 4825 4826 4830
f 4825 4830 4829
f 4826 4827 4831
f 4826 4831 4830
f 4827 4824 4828
f 4827 4828 4831
o houseW::swin_r_8_glass
v -11.358099999999999 -3.08 3.8708
v -11.358099999999999 -3.13 3.8708
v -10.7419 -3.13 3.8708
v -10.7419 -3.08 3.8708
v -11.358099999999999 -3.08 4.6292
v -11.358099999999999 -3.13 4.6292
v -10.7419 -3.13 4.6292
v -10.7419 -3.08 4.6292
usemtl fieldMat_19
f 4832 4834 4833
f 4832 4835 4834
f 4836 4837 4838
f 4836 4838 4839
f 4832 4833 4837
f 4832 4837 4836
f 4833 4834 4838
f 4833 4838 4837
f 4834 4835 4839
f 4834 4839 4838
f 4835 4832 4836
f 4835 4836 4839
o houseW::swin_r_8_frameTop
v -11.428099999999999 -3.082 4.5976
v -11.428099999999999 -3.152 4.5976
v -10.671899999999999 -3.152 4.5976
v -10.671899999999999 -3.082 4.5976
v -11.428099999999999 -3.082 4.6608
v -11.428099999999999 -3.152 4.6608
v -10.671899999999999 -3.152 4.6608
v -10.671899999999999 -3.082 4.6608
usemtl fieldMat_39
f 4840 4842 4841
f 4840 4843 4842
f 4844 4845 4846
f 4844 4846 4847
f 4840 4841 4845
f 4840 4845 4844
f 4841 4842 4846
f 4841 4846 4845
f 4842 4843 4847
f 4842 4847 4846
f 4843 4840 4844
f 4843 4844 4847
o houseW::swin_r_8_frameBottom
v -11.448099999999998 -3.075 3.8392
v -11.448099999999998 -3.165 3.8392
v -10.6519 -3.165 3.8392
v -10.6519 -3.075 3.8392
v -11.448099999999998 -3.075 3.9024
v -11.448099999999998 -3.165 3.9024
v -10.6519 -3.165 3.9024
v -10.6519 -3.075 3.9024
usemtl fieldMat_18
f 4848 4850 4849
f 4848 4851 4850
f 4852 4853 4854
f 4852 4854 4855
f 4848 4849 4853
f 4848 4853 4852
f 4849 4850 4854
f 4849 4854 4853
f 4850 4851 4855
f 4850 4855 4854
f 4851 4848 4852
f 4851 4852 4855
o houseW::swin_r_8_frameL
v -11.389699999999998 -3.082 3.8108
v -11.389699999999998 -3.152 3.8108
v -11.3265 -3.152 3.8108
v -11.3265 -3.082 3.8108
v -11.389699999999998 -3.082 4.6892
v -11.389699999999998 -3.152 4.6892
v -11.3265 -3.152 4.6892
v -11.3265 -3.082 4.6892
usemtl fieldMat_39
f 4856 4858 4857
f 4856 4859 4858
f 4860 4861 4862
f 4860 4862 4863
f 4856 4857 4861
f 4856 4861 4860
f 4857 4858 4862
f 4857 4862 4861
f 4858 4859 4863
f 4858 4863 4862
f 4859 4856 4860
f 4859 4860 4863
o houseW::swin_r_8_frameR
v -10.773499999999999 -3.082 3.8108
v -10.773499999999999 -3.152 3.8108
v -10.7103 -3.152 3.8108
v -10.7103 -3.082 3.8108
v -10.773499999999999 -3.082 4.6892
v -10.773499999999999 -3.152 4.6892
v -10.7103 -3.152 4.6892
v -10.7103 -3.082 4.6892
usemtl fieldMat_39
f 4864 4866 4865
f 4864 4867 4866
f 4868 4869 4870
f 4868 4870 4871
f 4864 4865 4869
f 4864 4869 4868
f 4865 4866 4870
f 4865 4870 4869
f 4866 4867 4871
f 4866 4871 4870
f 4867 4864 4868
f 4867 4868 4871
o houseW::swin_r_8_mullionV
v -11.074648 -3.118 3.9308
v -11.074648 -3.148 3.9308
v -11.025351999999998 -3.148 3.9308
v -11.025351999999998 -3.118 3.9308
v -11.074648 -3.118 4.5692
v -11.074648 -3.148 4.5692
v -11.025351999999998 -3.148 4.5692
v -11.025351999999998 -3.118 4.5692
usemtl fieldMat_39
f 4872 4874 4873
f 4872 4875 4874
f 4876 4877 4878
f 4876 4878 4879
f 4872 4873 4877
f 4872 4877 4876
f 4873 4874 4878
f 4873 4878 4877
f 4874 4875 4879
f 4874 4879 4878
f 4875 4872 4876
f 4875 4876 4879
o houseW::swin_r_8_mullionH
v -11.2981 -3.118 4.225352
v -11.2981 -3.148 4.225352
v -10.801899999999998 -3.148 4.225352
v -10.801899999999998 -3.118 4.225352
v -11.2981 -3.118 4.274648
v -11.2981 -3.148 4.274648
v -10.801899999999998 -3.148 4.274648
v -10.801899999999998 -3.118 4.274648
usemtl fieldMat_39
f 4880 4882 4881
f 4880 4883 4882
f 4884 4885 4886
f 4884 4886 4887
f 4880 4881 4885
f 4880 4885 4884
f 4881 4882 4886
f 4881 4886 4885
f 4882 4883 4887
f 4882 4887 4886
f 4883 4880 4884
f 4883 4884 4887
o houseW::swin_r_9_glass
v -9.708099999999998 -3.08 3.8708
v -9.708099999999998 -3.13 3.8708
v -9.091899999999999 -3.13 3.8708
v -9.091899999999999 -3.08 3.8708
v -9.708099999999998 -3.08 4.6292
v -9.708099999999998 -3.13 4.6292
v -9.091899999999999 -3.13 4.6292
v -9.091899999999999 -3.08 4.6292
usemtl fieldMat_19
f 4888 4890 4889
f 4888 4891 4890
f 4892 4893 4894
f 4892 4894 4895
f 4888 4889 4893
f 4888 4893 4892
f 4889 4890 4894
f 4889 4894 4893
f 4890 4891 4895
f 4890 4895 4894
f 4891 4888 4892
f 4891 4892 4895
o houseW::swin_r_9_frameTop
v -9.778099999999998 -3.082 4.5976
v -9.778099999999998 -3.152 4.5976
v -9.021899999999999 -3.152 4.5976
v -9.021899999999999 -3.082 4.5976
v -9.778099999999998 -3.082 4.6608
v -9.778099999999998 -3.152 4.6608
v -9.021899999999999 -3.152 4.6608
v -9.021899999999999 -3.082 4.6608
usemtl fieldMat_39
f 4896 4898 4897
f 4896 4899 4898
f 4900 4901 4902
f 4900 4902 4903
f 4896 4897 4901
f 4896 4901 4900
f 4897 4898 4902
f 4897 4902 4901
f 4898 4899 4903
f 4898 4903 4902
f 4899 4896 4900
f 4899 4900 4903
o houseW::swin_r_9_frameBottom
v -9.798099999999998 -3.075 3.8392
v -9.798099999999998 -3.165 3.8392
v -9.0019 -3.165 3.8392
v -9.0019 -3.075 3.8392
v -9.798099999999998 -3.075 3.9024
v -9.798099999999998 -3.165 3.9024
v -9.0019 -3.165 3.9024
v -9.0019 -3.075 3.9024
usemtl fieldMat_18
f 4904 4906 4905
f 4904 4907 4906
f 4908 4909 4910
f 4908 4910 4911
f 4904 4905 4909
f 4904 4909 4908
f 4905 4906 4910
f 4905 4910 4909
f 4906 4907 4911
f 4906 4911 4910
f 4907 4904 4908
f 4907 4908 4911
o houseW::swin_r_9_frameL
v -9.7397 -3.082 3.8108
v -9.7397 -3.152 3.8108
v -9.6765 -3.152 3.8108
v -9.6765 -3.082 3.8108
v -9.7397 -3.082 4.6892
v -9.7397 -3.152 4.6892
v -9.6765 -3.152 4.6892
v -9.6765 -3.082 4.6892
usemtl fieldMat_39
f 4912 4914 4913
f 4912 4915 4914
f 4916 4917 4918
f 4916 4918 4919
f 4912 4913 4917
f 4912 4917 4916
f 4913 4914 4918
f 4913 4918 4917
f 4914 4915 4919
f 4914 4919 4918
f 4915 4912 4916
f 4915 4916 4919
o houseW::swin_r_9_frameR
v -9.123499999999998 -3.082 3.8108
v -9.123499999999998 -3.152 3.8108
v -9.0603 -3.152 3.8108
v -9.0603 -3.082 3.8108
v -9.123499999999998 -3.082 4.6892
v -9.123499999999998 -3.152 4.6892
v -9.0603 -3.152 4.6892
v -9.0603 -3.082 4.6892
usemtl fieldMat_39
f 4920 4922 4921
f 4920 4923 4922
f 4924 4925 4926
f 4924 4926 4927
f 4920 4921 4925
f 4920 4925 4924
f 4921 4922 4926
f 4921 4926 4925
f 4922 4923 4927
f 4922 4927 4926
f 4923 4920 4924
f 4923 4924 4927
o houseW::swin_r_9_mullionV
v -9.424647999999998 -3.118 3.9308
v -9.424647999999998 -3.148 3.9308
v -9.375352 -3.148 3.9308
v -9.375352 -3.118 3.9308
v -9.424647999999998 -3.118 4.5692
v -9.424647999999998 -3.148 4.5692
v -9.375352 -3.148 4.5692
v -9.375352 -3.118 4.5692
usemtl fieldMat_39
f 4928 4930 4929
f 4928 4931 4930
f 4932 4933 4934
f 4932 4934 4935
f 4928 4929 4933
f 4928 4933 4932
f 4929 4930 4934
f 4929 4934 4933
f 4930 4931 4935
f 4930 4935 4934
f 4931 4928 4932
f 4931 4932 4935
o houseW::swin_r_9_mullionH
v -9.6481 -3.118 4.225352
v -9.6481 -3.148 4.225352
v -9.151899999999998 -3.148 4.225352
v -9.151899999999998 -3.118 4.225352
v -9.6481 -3.118 4.274648
v -9.6481 -3.148 4.274648
v -9.151899999999998 -3.148 4.274648
v -9.151899999999998 -3.118 4.274648
usemtl fieldMat_39
f 4936 4938 4937
f 4936 4939 4938
f 4940 4941 4942
f 4940 4942 4943
f 4936 4937 4941
f 4936 4941 4940
f 4937 4938 4942
f 4937 4942 4941
f 4938 4939 4943
f 4938 4943 4942
f 4939 4936 4940
f 4939 4940 4943
o houseW::swin_r_9_shutterL
v -9.8981 -3.1025 3.8508
v -9.8981 -3.1475 3.8508
v -9.758099999999999 -3.1475 3.8508
v -9.758099999999999 -3.1025 3.8508
v -9.8981 -3.1025 4.6492
v -9.8981 -3.1475 4.6492
v -9.758099999999999 -3.1475 4.6492
v -9.758099999999999 -3.1025 4.6492
usemtl fieldMat_38
f 4944 4946 4945
f 4944 4947 4946
f 4948 4949 4950
f 4948 4950 4951
f 4944 4945 4949
f 4944 4949 4948
f 4945 4946 4950
f 4945 4950 4949
f 4946 4947 4951
f 4946 4951 4950
f 4947 4944 4948
f 4947 4948 4951
o houseW::swin_r_9_shutterR
v -9.0419 -3.1025 3.8508
v -9.0419 -3.1475 3.8508
v -8.9019 -3.1475 3.8508
v -8.9019 -3.1025 3.8508
v -9.0419 -3.1025 4.6492
v -9.0419 -3.1475 4.6492
v -8.9019 -3.1475 4.6492
v -8.9019 -3.1025 4.6492
usemtl fieldMat_38
f 4952 4954 4953
f 4952 4955 4954
f 4956 4957 4958
f 4956 4958 4959
f 4952 4953 4957
f 4952 4957 4956
f 4953 4954 4958
f 4953 4958 4957
f 4954 4955 4959
f 4954 4959 4958
f 4955 4952 4956
f 4955 4956 4959
o houseW::chimney
v -10.817999999999998 -1.0719999999999998 5.380000000000001
v -10.817999999999998 -1.6119999999999999 5.380000000000001
v -10.238 -1.6119999999999999 5.380000000000001
v -10.238 -1.0719999999999998 5.380000000000001
v -10.817999999999998 -1.0719999999999998 7.100000000000001
v -10.817999999999998 -1.6119999999999999 7.100000000000001
v -10.238 -1.6119999999999999 7.100000000000001
v -10.238 -1.0719999999999998 7.100000000000001
usemtl fieldMat_17
f 4960 4962 4961
f 4960 4963 4962
f 4964 4965 4966
f 4964 4966 4967
f 4960 4961 4965
f 4960 4965 4964
f 4961 4962 4966
f 4961 4966 4965
f 4962 4963 4967
f 4962 4967 4966
f 4963 4960 4964
f 4963 4964 4967
o houseW::chimneyCap
v -10.897999999999998 -0.9919999999999999 7.025000000000001
v -10.897999999999998 -1.6919999999999997 7.025000000000001
v -10.158 -1.6919999999999997 7.025000000000001
v -10.158 -0.9919999999999999 7.025000000000001
v -10.897999999999998 -0.9919999999999999 7.175000000000002
v -10.897999999999998 -1.6919999999999997 7.175000000000002
v -10.158 -1.6919999999999997 7.175000000000002
v -10.158 -0.9919999999999999 7.175000000000002
usemtl fieldMat_18
f 4968 4970 4969
f 4968 4971 4970
f 4972 4973 4974
f 4972 4974 4975
f 4968 4969 4973
f 4968 4973 4972
f 4969 4970 4974
f 4969 4974 4973
f 4970 4971 4975
f 4970 4975 4974
f 4971 4968 4972
f 4971 4972 4975
o houseW::porchDeck
v -14.754999999999999 1.5807557353936132 0.28
v -14.754999999999999 -0.9692442646063866 0.28
v -13.605 -0.9692442646063866 0.28
v -13.605 1.5807557353936132 0.28
v -14.754999999999999 1.5807557353936132 0.44000000000000006
v -14.754999999999999 -0.9692442646063866 0.44000000000000006
v -13.605 -0.9692442646063866 0.44000000000000006
v -13.605 1.5807557353936132 0.44000000000000006
usemtl fieldMat_18
f 4976 4978 4977
f 4976 4979 4978
f 4980 4981 4982
f 4980 4982 4983
f 4976 4977 4981
f 4976 4981 4980
f 4977 4978 4982
f 4977 4982 4981
f 4978 4979 4983
f 4978 4983 4982
f 4979 4976 4980
f 4979 4980 4983
o houseW::step1
v -15.01 1.1957557353936132 0
v -15.009999999999998 -0.5842442646063867 0
v -14.589999999999998 -0.5842442646063867 0
v -14.59 1.1957557353936132 0
v -15.01 1.1957557353936132 0.1
v -15.009999999999998 -0.5842442646063867 0.1
v -14.589999999999998 -0.5842442646063867 0.1
v -14.59 1.1957557353936132 0.1
usemtl fieldMat_18
f 4984 4986 4985
f 4984 4987 4986
f 4988 4989 4990
f 4988 4990 4991
f 4984 4985 4989
f 4984 4989 4988
f 4985 4986 4990
f 4985 4990 4989
f 4986 4987 4991
f 4986 4991 4990
f 4987 4984 4988
f 4987 4988 4991
o houseW::step2
v -15.2 0.9307557353936133 0
v -15.2 -0.31924426460638666 0
v -14.919999999999998 -0.31924426460638666 0
v -14.919999999999998 0.9307557353936133 0
v -15.2 0.9307557353936133 0.08
v -15.2 -0.31924426460638666 0.08
v -14.919999999999998 -0.31924426460638666 0.08
v -14.919999999999998 0.9307557353936133 0.08
usemtl fieldMat_18
f 4992 4994 4993
f 4992 4995 4994
f 4996 4997 4998
f 4996 4998 4999
f 4992 4993 4997
f 4992 4997 4996
f 4993 4994 4998
f 4993 4998 4997
f 4994 4995 4999
f 4994 4999 4998
f 4995 4992 4996
f 4995 4996 4999
o houseW::porchPost_-1.23
v -14.42 1.2857557353936133 0.37
v -14.42 1.1657557353936132 0.37
v -14.299999999999999 1.1657557353936132 0.37
v -14.299999999999999 1.2857557353936133 0.37
v -14.42 1.2857557353936133 2.19
v -14.42 1.1657557353936132 2.19
v -14.299999999999999 1.1657557353936132 2.19
v -14.299999999999999 1.2857557353936133 2.19
usemtl fieldMat_38
f 5000 5002 5001
f 5000 5003 5002
f 5004 5005 5006
f 5004 5006 5007
f 5000 5001 5005
f 5000 5005 5004
f 5001 5002 5006
f 5001 5006 5005
f 5002 5003 5007
f 5002 5007 5006
f 5003 5000 5004
f 5003 5004 5007
o houseW::porchPost_0.61
v -14.42 -0.5542442646063868 0.37
v -14.42 -0.6742442646063868 0.37
v -14.299999999999999 -0.6742442646063866 0.37
v -14.299999999999999 -0.5542442646063866 0.37
v -14.42 -0.5542442646063868 2.19
v -14.42 -0.6742442646063868 2.19
v -14.299999999999999 -0.6742442646063866 2.19
v -14.299999999999999 -0.5542442646063866 2.19
usemtl fieldMat_38
f 5008 5010 5009
f 5008 5011 5010
f 5012 5013 5014
f 5012 5014 5015
f 5008 5009 5013
f 5008 5013 5012
f 5009 5010 5014
f 5009 5014 5013
f 5010 5011 5015
f 5010 5015 5014
f 5011 5008 5012
f 5011 5012 5015
o houseW::porchRail
v -14.409999999999998 1.4357557353936132 1.95
v -14.409999999999998 -0.8242442646063866 1.95
v -14.35 -0.8242442646063866 1.95
v -14.35 1.4357557353936132 1.95
v -14.409999999999998 1.4357557353936132 2.05
v -14.409999999999998 -0.8242442646063866 2.05
v -14.35 -0.8242442646063866 2.05
v -14.35 1.4357557353936132 2.05
usemtl fieldMat_38
f 5016 5018 5017
f 5016 5019 5018
f 5020 5021 5022
f 5020 5022 5023
f 5016 5017 5021
f 5016 5021 5020
f 5017 5018 5022
f 5017 5022 5021
f 5018 5019 5023
f 5018 5023 5022
f 5019 5016 5020
f 5019 5020 5023
o houseW::porchRoof
v -14.944999999999999 1.6057557353936134 2.5599999999999996
v -14.944999999999999 -0.9942442646063867 2.5599999999999996
v -13.495 1.6057557353936134 2.5599999999999996
v -13.495 -0.9942442646063867 2.5599999999999996
v -14.219999999999999 1.6057557353936134 2.9785789451624782
v -14.219999999999999 -0.9942442646063867 2.9785789451624782
usemtl fieldMat_16
f 5024 5025 5029
f 5024 5029 5028
f 5026 5028 5029
f 5026 5029 5027
f 5024 5028 5026
f 5025 5027 5029
o houseW::extension
v -12.13666913565248 5.123233033809811 0.28000000000000014
v -12.13666913565248 2.7767669661901886 0.28000000000000014
v -9.436669135652481 2.7767669661901886 0.28000000000000014
v -9.436669135652481 5.123233033809811 0.28000000000000014
v -12.13666913565248 5.123233033809811 2
v -12.13666913565248 2.7767669661901886 2
v -9.436669135652481 2.7767669661901886 2
v -9.436669135652481 5.123233033809811 2
usemtl fieldMat_36
f 5030 5032 5031
f 5030 5033 5032
f 5034 5035 5036
f 5034 5036 5037
f 5030 5031 5035
f 5030 5035 5034
f 5031 5032 5036
f 5031 5036 5035
f 5032 5033 5037
f 5032 5037 5036
f 5033 5030 5034
f 5033 5034 5037
o houseW::extensionTrim
v -12.206669135652483 5.15323303380981 1.69
v -12.206669135652483 2.746766966190189 1.69
v -12.106669135652481 2.746766966190189 1.69
v -12.106669135652481 5.15323303380981 1.69
v -12.206669135652483 5.15323303380981 1.83
v -12.206669135652483 2.746766966190189 1.83
v -12.106669135652481 2.746766966190189 1.83
v -12.106669135652481 5.15323303380981 1.83
usemtl fieldMat_38
f 5038 5040 5039
f 5038 5041 5040
f 5042 5043 5044
f 5042 5044 5045
f 5038 5039 5043
f 5038 5043 5042
f 5039 5040 5044
f 5039 5044 5043
f 5040 5041 5045
f 5040 5045 5044
f 5041 5038 5042
f 5041 5042 5045
o houseW::extensionRoof
v -12.276669135652481 5.263233033809811 1.97
v -12.276669135652481 2.636766966190189 1.97
v -9.29666913565248 5.263233033809811 1.97
v -9.29666913565248 2.636766966190189 1.97
v -10.786669135652481 5.263233033809811 2.937617313864291
v -10.786669135652481 2.636766966190189 2.937617313864291
usemtl fieldMat_16
f 5046 5047 5051
f 5046 5051 5050
f 5048 5050 5051
f 5048 5051 5049
f 5046 5050 5048
f 5047 5049 5051
o houseW::extensionPlanter_box
v -12.706669135652483 3.96 0
v -12.706669135652483 3.4399999999999995 0
v -12.366669135652483 3.4399999999999995 0
v -12.366669135652483 3.96 0
v -12.706669135652483 3.96 0.22
v -12.706669135652483 3.4399999999999995 0.22
v -12.366669135652483 3.4399999999999995 0.22
v -12.366669135652483 3.96 0.22
usemtl fieldMat_38
f 5052 5054 5053
f 5052 5055 5054
f 5056 5057 5058
f 5056 5058 5059
f 5052 5053 5057
f 5052 5057 5056
f 5053 5054 5058
f 5053 5058 5057
f 5054 5055 5059
f 5054 5059 5058
f 5055 5052 5056
f 5055 5056 5059
o houseW::extensionPlanter_plant
v -12.666669135652484 3.9099999999999997 0.18
v -12.666669135652484 3.4899999999999998 0.18
v -12.406669135652482 3.4899999999999998 0.18
v -12.406669135652482 3.9099999999999997 0.18
v -12.666669135652484 3.9099999999999997 0.42
v -12.666669135652484 3.4899999999999998 0.42
v -12.406669135652482 3.4899999999999998 0.42
v -12.406669135652482 3.9099999999999997 0.42
usemtl fieldMat_21
f 5060 5062 5061
f 5060 5063 5062
f 5064 5065 5066
f 5064 5066 5067
f 5060 5061 5065
f 5060 5065 5064
f 5061 5062 5066
f 5061 5066 5065
f 5062 5063 5067
f 5062 5067 5066
f 5063 5060 5064
f 5063 5064 5067
o houseW::barrel_0_body
v -13.428679770911112 -3.947499785982072 0.01999999999999999
v -13.428679770911112 -4.287499785982072 0.01999999999999999
v -13.088679770911112 -4.287499785982072 0.01999999999999999
v -13.088679770911112 -3.947499785982072 0.01999999999999999
v -13.428679770911112 -3.947499785982072 0.45999999999999996
v -13.428679770911112 -4.287499785982072 0.45999999999999996
v -13.088679770911112 -4.287499785982072 0.45999999999999996
v -13.088679770911112 -3.947499785982072 0.45999999999999996
usemtl fieldMat_38
f 5068 5070 5069
f 5068 5071 5070
f 5072 5073 5074
f 5072 5074 5075
f 5068 5069 5073
f 5068 5073 5072
f 5069 5070 5074
f 5069 5074 5073
f 5070 5071 5075
f 5070 5075 5074
f 5071 5068 5072
f 5071 5072 5075
o houseW::barrel_0_bandTop
v -13.438679770911111 -3.9374997859820717 0.38
v -13.438679770911111 -4.297499785982072 0.38
v -13.078679770911112 -4.297499785982072 0.38
v -13.078679770911112 -3.9374997859820717 0.38
v -13.438679770911111 -3.9374997859820717 0.42000000000000004
v -13.438679770911111 -4.297499785982072 0.42000000000000004
v -13.078679770911112 -4.297499785982072 0.42000000000000004
v -13.078679770911112 -3.9374997859820717 0.42000000000000004
usemtl fieldMat_23
f 5076 5078 5077
f 5076 5079 5078
f 5080 5081 5082
f 5080 5082 5083
f 5076 5077 5081
f 5076 5081 5080
f 5077 5078 5082
f 5077 5082 5081
f 5078 5079 5083
f 5078 5083 5082
f 5079 5076 5080
f 5079 5080 5083
o houseW::barrel_0_bandMid
v -13.438679770911111 -3.9374997859820717 0.22
v -13.438679770911111 -4.297499785982072 0.22
v -13.078679770911112 -4.297499785982072 0.22
v -13.078679770911112 -3.9374997859820717 0.22
v -13.438679770911111 -3.9374997859820717 0.26
v -13.438679770911111 -4.297499785982072 0.26
v -13.078679770911112 -4.297499785982072 0.26
v -13.078679770911112 -3.9374997859820717 0.26
usemtl fieldMat_23
f 5084 5086 5085
f 5084 5087 5086
f 5088 5089 5090
f 5088 5090 5091
f 5084 5085 5089
f 5084 5089 5088
f 5085 5086 5090
f 5085 5090 5089
f 5086 5087 5091
f 5086 5091 5090
f 5087 5084 5088
f 5087 5088 5091
o houseW::barrel_0_bandBot
v -13.438679770911111 -3.9374997859820717 0.06
v -13.438679770911111 -4.297499785982072 0.06
v -13.078679770911112 -4.297499785982072 0.06
v -13.078679770911112 -3.9374997859820717 0.06
v -13.438679770911111 -3.9374997859820717 0.1
v -13.438679770911111 -4.297499785982072 0.1
v -13.078679770911112 -4.297499785982072 0.1
v -13.078679770911112 -3.9374997859820717 0.1
usemtl fieldMat_23
f 5092 5094 5093
f 5092 5095 5094
f 5096 5097 5098
f 5096 5098 5099
f 5092 5093 5097
f 5092 5097 5096
f 5093 5094 5098
f 5093 5098 5097
f 5094 5095 5099
f 5094 5099 5098
f 5095 5092 5096
f 5095 5096 5099
o houseW::crate_1
v -12.820259901869576 -3.7394639148689386 0.04065019941637285
v -12.820259901869576 -4.066907337310444 -0.03256475016143642
v -12.484731030173133 -4.066907337310444 -0.03256475016143642
v -12.484731030173133 -3.7394639148689386 0.04065019941637285
v -12.820259901869576 -3.8126788644467475 0.36809362185787875
v -12.820259901869576 -4.1401222868882535 0.2948786722800695
v -12.484731030173133 -4.1401222868882535 0.2948786722800695
v -12.484731030173133 -3.8126788644467475 0.36809362185787875
usemtl fieldMat_38
f 5100 5102 5101
f 5100 5103 5102
f 5104 5105 5106
f 5104 5106 5107
f 5100 5101 5105
f 5100 5105 5104
f 5101 5102 5106
f 5101 5106 5105
f 5102 5103 5107
f 5102 5107 5106
f 5103 5100 5104
f 5103 5104 5107
o houseW::planter_front_box
v -14.69 -0.7342442646063867 0
v -14.69 -1.2542442646063867 0
v -14.35 -1.2542442646063867 0
v -14.35 -0.7342442646063867 0
v -14.69 -0.7342442646063867 0.22
v -14.69 -1.2542442646063867 0.22
v -14.35 -1.2542442646063867 0.22
v -14.35 -0.7342442646063867 0.22
usemtl fieldMat_38
f 5108 5110 5109
f 5108 5111 5110
f 5112 5113 5114
f 5112 5114 5115
f 5108 5109 5113
f 5108 5113 5112
f 5109 5110 5114
f 5109 5114 5113
f 5110 5111 5115
f 5110 5115 5114
f 5111 5108 5112
f 5111 5112 5115
o houseW::planter_front_plant
v -14.65 -0.7842442646063867 0.18
v -14.65 -1.2042442646063867 0.18
v -14.389999999999999 -1.2042442646063867 0.18
v -14.389999999999999 -0.7842442646063867 0.18
v -14.65 -0.7842442646063867 0.42
v -14.65 -1.2042442646063867 0.42
v -14.389999999999999 -1.2042442646063867 0.42
v -14.389999999999999 -0.7842442646063867 0.42
usemtl fieldMat_21
f 5116 5118 5117
f 5116 5119 5118
f 5120 5121 5122
f 5120 5122 5123
f 5116 5117 5121
f 5116 5121 5120
f 5117 5118 5122
f 5117 5122 5121
f 5118 5119 5123
f 5118 5123 5122
f 5119 5116 5120
f 5119 5120 5123
o houseW::steppedWing_walls
v -12.808 5.371999999999999 0.28
v -12.808 2.8099999999999996 0.28
v -9.352 2.8099999999999996 0.28
v -9.352 5.371999999999999 0.28
v -12.808 5.371999999999999 2.7300000000000004
v -12.808 2.8099999999999996 2.7300000000000004
v -9.352 2.8099999999999996 2.7300000000000004
v -9.352 5.371999999999999 2.7300000000000004
usemtl fieldMat_36
f 5124 5126 5125
f 5124 5127 5126
f 5128 5129 5130
f 5128 5130 5131
f 5124 5125 5129
f 5124 5129 5128
f 5125 5126 5130
f 5125 5130 5129
f 5126 5127 5131
f 5126 5131 5130
f 5127 5124 5128
f 5127 5128 5131
o houseW::steppedWing_roof
v -12.948 5.511999999999999 2.7100000000000004
v -12.948 2.669999999999999 2.7100000000000004
v -9.212 5.512 2.7100000000000004
v -9.212 2.67 2.7100000000000004
v -11.08 5.511999999999999 4.0671814423140145
v -11.08 2.6699999999999995 4.0671814423140145
usemtl fieldMat_16
f 5132 5133 5137
f 5132 5137 5136
f 5134 5136 5137
f 5134 5137 5135
f 5132 5136 5134
f 5133 5135 5137
o houseW::steppedWindow_glass
v -12.890500000000001 4.4026 1.3746
v -12.890500000000001 3.7793999999999994 1.3746
v -12.8455 3.7793999999999994 1.3746
v -12.8455 4.4026 1.3746
v -12.890500000000001 4.4026 2.1454
v -12.890500000000001 3.7793999999999994 2.1454
v -12.8455 3.7793999999999994 2.1454
v -12.8455 4.4026 2.1454
usemtl fieldMat_19
f 5138 5140 5139
f 5138 5141 5140
f 5142 5143 5144
f 5142 5144 5145
f 5138 5139 5143
f 5138 5143 5142
f 5139 5140 5144
f 5139 5144 5143
f 5140 5141 5145
f 5140 5145 5144
f 5141 5138 5142
f 5141 5142 5145
o houseW::steppedWindow_v
v -12.906999999999998 4.12175 1.3996
v -12.906999999999998 4.060249999999999 1.3996
v -12.879 4.060249999999999 1.3996
v -12.879 4.12175 1.3996
v -12.906999999999998 4.12175 2.1204
v -12.906999999999998 4.060249999999999 2.1204
v -12.879 4.060249999999999 2.1204
v -12.879 4.12175 2.1204
usemtl fieldMat_39
f 5146 5148 5147
f 5146 5149 5148
f 5150 5151 5152
f 5150 5152 5153
f 5146 5147 5151
f 5146 5151 5150
f 5147 5148 5152
f 5147 5152 5151
f 5148 5149 5153
f 5148 5153 5152
f 5149 5146 5150
f 5149 5150 5153
o houseW::steppedWindow_h
v -12.906999999999998 4.377599999999999 1.72925
v -12.906999999999998 3.8043999999999993 1.72925
v -12.879 3.8043999999999993 1.72925
v -12.879 4.377599999999999 1.72925
v -12.906999999999998 4.377599999999999 1.79075
v -12.906999999999998 3.8043999999999993 1.79075
v -12.879 3.8043999999999993 1.79075
v -12.879 4.377599999999999 1.79075
usemtl fieldMat_39
f 5154 5156 5155
f 5154 5157 5156
f 5158 5159 5160
f 5158 5160 5161
f 5154 5155 5159
f 5154 5159 5158
f 5155 5156 5160
f 5155 5160 5159
f 5156 5157 5161
f 5156 5161 5160
f 5157 5154 5158
f 5157 5158 5161
o houseW::steppedWindow_sill
v -12.953 4.4826 1.2996
v -12.953 3.6993999999999994 1.2996
v -12.852999999999998 3.6993999999999994 1.2996
v -12.852999999999998 4.4826 1.2996
v -12.953 4.4826 1.3896
v -12.953 3.6993999999999994 1.3896
v -12.852999999999998 3.6993999999999994 1.3896
v -12.852999999999998 4.4826 1.3896
usemtl fieldMat_18
f 5162 5164 5163
f 5162 5165 5164
f 5166 5167 5168
f 5166 5168 5169
f 5162 5163 5167
f 5162 5167 5166
f 5163 5164 5168
f 5163 5168 5167
f 5164 5165 5169
f 5164 5169 5168
f 5165 5162 5166
f 5165 5166 5169
o houseW::ruralBraceL
v -13.72367006607293 2.2466904725537944 0.8350000000000001
v -13.682776413192835 2.1232898682030767 0.8350000000000001
v -13.616329933927066 2.145309527446205 0.8350000000000001
v -13.657223586807161 2.2687101317969227 0.8350000000000001
v -13.72367006607293 2.2466904725537944 2.285
v -13.682776413192835 2.1232898682030767 2.285
v -13.616329933927066 2.145309527446205 2.285
v -13.657223586807161 2.2687101317969227 2.285
usemtl fieldMat_39
f 5170 5172 5171
f 5170 5173 5172
f 5174 5175 5176
f 5174 5176 5177
f 5170 5171 5175
f 5170 5175 5174
f 5171 5172 5176
f 5171 5176 5175
f 5172 5173 5177
f 5172 5177 5176
f 5173 5170 5174
f 5173 5174 5177
o houseW::ruralBraceR
v -13.682776413192835 -2.1232898682030767 0.8350000000000001
v -13.72367006607293 -2.2466904725537944 0.8350000000000001
v -13.657223586807161 -2.2687101317969227 0.8350000000000001
v -13.616329933927066 -2.145309527446205 0.8350000000000001
v -13.682776413192835 -2.1232898682030767 2.285
v -13.72367006607293 -2.2466904725537944 2.285
v -13.657223586807161 -2.2687101317969227 2.285
v -13.616329933927066 -2.145309527446205 2.285
usemtl fieldMat_39
f 5178 5180 5179
f 5178 5181 5180
f 5182 5183 5184
f 5182 5184 5185
f 5178 5179 5183
f 5178 5183 5182
f 5179 5180 5184
f 5179 5184 5183
f 5180 5181 5185
f 5180 5185 5184
f 5181 5178 5182
f 5181 5182 5185
o houseW::cottageFlowerBox
v -13.961999999999998 -0.9140000000000001 1.18
v -13.961999999999998 -2.0140000000000002 1.18
v -13.722 -2.0140000000000002 1.18
v -13.722 -0.9140000000000001 1.18
v -13.961999999999998 -0.9140000000000001 1.3800000000000001
v -13.961999999999998 -2.0140000000000002 1.3800000000000001
v -13.722 -2.0140000000000002 1.3800000000000001
v -13.722 -0.9140000000000001 1.3800000000000001
usemtl fieldMat_39
f 5186 5188 5187
f 5186 5189 5188
f 5190 5191 5192
f 5190 5192 5193
f 5186 5187 5191
f 5186 5191 5190
f 5187 5188 5192
f 5187 5192 5191
f 5188 5189 5193
f 5188 5193 5192
f 5189 5186 5190
f 5189 5190 5193
o houseW::agePatchA
v -13.705444145801724 1.9510609918795438 1.6400000000000001
v -13.6615358568648 0.85393927476579 1.6400000000000001
v -13.636555854198274 0.8549390081204559 1.6400000000000001
v -13.680464143135199 1.9520607252342095 1.6400000000000001
v -13.705444145801724 1.9510609918795438 2.12
v -13.6615358568648 0.85393927476579 2.12
v -13.636555854198274 0.8549390081204559 2.12
v -13.680464143135199 1.9520607252342095 2.12
usemtl fieldMat_37
f 5194 5196 5195
f 5194 5197 5196
f 5198 5199 5200
f 5198 5200 5201
f 5194 5195 5199
f 5194 5199 5198
f 5195 5196 5200
f 5195 5200 5199
f 5196 5197 5201
f 5196 5201 5200
f 5197 5194 5198
f 5197 5198 5201
o houseW::agePatchB
v -11.152 -3.1085 2.055
v -11.152 -3.1335 2.055
v -10.095999999999998 -3.1335 2.055
v -10.095999999999998 -3.1085 2.055
v -11.152 -3.1085 2.605
v -11.152 -3.1335 2.605
v -10.095999999999998 -3.1335 2.605
v -10.095999999999998 -3.1085 2.605
usemtl fieldMat_37
f 5202 5204 5203
f 5202 5205 5204
f 5206 5207 5208
f 5206 5208 5209
f 5202 5203 5207
f 5202 5207 5206
f 5203 5204 5208
f 5203 5208 5207
f 5204 5205 5209
f 5204 5209 5208
f 5205 5202 5206
f 5205 5206 5209
o houseW::hearthStone
v -13.76 2.05 0.30000000000000004
v -13.76 0.9999999999999997 0.30000000000000004
v -13.62 0.9999999999999997 0.30000000000000004
v -13.62 2.05 0.30000000000000004
v -13.76 2.05 0.8600000000000001
v -13.76 0.9999999999999997 0.8600000000000001
v -13.62 0.9999999999999997 0.8600000000000001
v -13.62 2.05 0.8600000000000001
usemtl fieldMat_17
f 5210 5212 5211
f 5210 5213 5212
f 5214 5215 5216
f 5214 5216 5217
f 5210 5211 5215
f 5210 5215 5214
f 5211 5212 5216
f 5211 5216 5215
f 5212 5213 5217
f 5212 5217 5216
f 5213 5210 5214
f 5213 5214 5217
o houseW::woodRack
v -13.209999999999999 -2.73 0
v -13.209999999999997 -3.93 0
v -12.789999999999997 -3.93 0
v -12.79 -2.73 0
v -13.209999999999999 -2.73 0.62
v -13.209999999999997 -3.93 0.62
v -12.789999999999997 -3.93 0.62
v -12.79 -2.73 0.62
usemtl fieldMat_27
f 5218 5220 5219
f 5218 5221 5220
f 5222 5223 5224
f 5222 5224 5225
f 5218 5219 5223
f 5218 5223 5222
f 5219 5220 5224
f 5219 5224 5223
f 5220 5221 5225
f 5220 5225 5224
f 5221 5218 5222
f 5221 5222 5225
o houseW::firewood_0
v -13.090195893233249 -2.9597255360920607 0.01916832786724902
v -13.069385338768432 -3.5177603092974796 0.061169669708234675
v -12.949468696008234 -3.5132883087247118 0.061169669708234675
v -12.97027925047305 -2.955253535519293 0.01916832786724902
v -13.090531303991765 -2.9507315005474277 0.13883033029176534
v -13.06972074952695 -3.5087662737528467 0.18083167213275098
v -12.94980410676675 -3.504294273180079 0.18083167213275098
v -12.970614661231567 -2.94625949997466 0.13883033029176534
usemtl fieldMat_27
f 5226 5228 5227
f 5226 5229 5228
f 5230 5231 5232
f 5230 5232 5233
f 5226 5227 5231
f 5226 5231 5230
f 5227 5228 5232
f 5227 5232 5231
f 5228 5229 5233
f 5228 5233 5232
f 5229 5226 5230
f 5229 5230 5233
o houseW::firewood_1
v -13.09651006911599 -2.9480013899579216 0.20065004705758602
v -13.064042951004444 -3.5037657918665905 0.14005453721873523
v -12.94424719411123 -3.4967674613240862 0.14005453721873523
v -12.976714312222777 -2.941003059415417 0.20065004705758602
v -13.09575280588877 -2.9609640416819842 0.3199454627812648
v -13.063285687777222 -3.5167284435906536 0.259349952942414
v -12.94348993088401 -3.509730113048149 0.259349952942414
v -12.975957048995555 -2.95396571113948 0.3199454627812648
usemtl fieldMat_27
f 5234 5236 5235
f 5234 5237 5236
f 5238 5239 5240
f 5238 5240 5241
f 5234 5235 5239
f 5234 5239 5238
f 5235 5236 5240
f 5235 5240 5239
f 5236 5237 5241
f 5236 5241 5240
f 5237 5234 5238
f 5237 5238 5241
o houseW::firewood_2
v -12.92691926567805 -3.0732327365970207 0.0612673251987289
v -12.991240536831768 -3.6279240729251505 0.019073777354496196
v -12.872039275497022 -3.641746492981197 0.019073777354496196
v -12.807718004343306 -3.0870551566530673 0.0612673251987289
v -12.927960724502976 -3.0822140296742 0.18092622264550381
v -12.992281995656692 -3.63690536600233 0.1387326748012711
v -12.873080734321947 -3.6507277860583764 0.1387326748012711
v -12.80875946316823 -3.0960364497302466 0.18092622264550381
usemtl fieldMat_27
f 5242 5244 5243
f 5242 5245 5244
f 5246 5247 5248
f 5246 5248 5249
f 5242 5243 5247
f 5242 5247 5246
f 5243 5244 5248
f 5243 5248 5247
f 5244 5245 5249
f 5244 5249 5248
f 5245 5242 5246
f 5245 5246 5249
o houseW::firewood_3
v -12.976743935675458 -2.9125755059181584 0.18598698749847212
v -12.943448645440876 -3.4706807096984273 0.1542064091277226
v -12.823661619813763 -3.4635344875210006 0.1542064091277226
v -12.856956910048345 -2.905429283740731 0.18598698749847212
v -12.976338380186235 -2.919373543339125 0.3057935908722774
v -12.943043089951653 -3.4774787471193944 0.2740130125015279
v -12.82325606432454 -3.470332524941967 0.2740130125015279
v -12.856551354559121 -2.9122273211616982 0.3057935908722774
usemtl fieldMat_27
f 5250 5252 5251
f 5250 5253 5252
f 5254 5255 5256
f 5254 5256 5257
f 5250 5251 5255
f 5250 5255 5254
f 5251 5252 5256
f 5251 5256 5255
f 5252 5253 5257
f 5252 5257 5256
f 5253 5250 5254
f 5253 5254 5257
o houseW::firewood_4
v -12.821414033200895 -3.1560061261308645 -0.0009608080065448277
v -12.859529309608371 -3.7084695174158577 0.08229438398930736
v -12.739813883717371 -3.7167288638631595 0.08229438398930736
v -12.701698607309897 -3.1642654725781663 -0.0009608080065448277
v -12.820186116282628 -3.138208035474757 0.11770561601069265
v -12.858301392690102 -3.6906714267597502 0.20096080800654484
v -12.738585966799103 -3.698930773207052 0.20096080800654484
v -12.700470690391628 -3.1464673819220588 0.11770561601069265
usemtl fieldMat_27
f 5258 5260 5259
f 5258 5261 5260
f 5262 5263 5264
f 5262 5264 5265
f 5258 5259 5263
f 5258 5263 5262
f 5259 5260 5264
f 5259 5264 5263
f 5260 5261 5265
f 5260 5265 5264
f 5261 5258 5262
f 5261 5262 5265
o houseW::firewood_5
v -12.85203640056628 -2.9175491984008772 0.17085632093154687
v -12.827867620585561 -3.4770247911238767 0.1691442398902022
v -12.707979433274298 -3.471845742637935 0.1691442398902022
v -12.732148213255018 -2.912370149914936 0.17085632093154687
v -12.8520205667257 -2.917915731066193 0.2908557601097978
v -12.827851786744981 -3.4773913237891922 0.2891436790684531
v -12.707963599433718 -3.472212275303251 0.2891436790684531
v -12.732132379414438 -2.9127366825802516 0.2908557601097978
usemtl fieldMat_27
f 5266 5268 5267
f 5266 5269 5268
f 5270 5271 5272
f 5270 5272 5273
f 5266 5267 5271
f 5266 5271 5270
f 5267 5268 5272
f 5267 5272 5271
f 5268 5269 5273
f 5268 5273 5272
f 5269 5266 5270
f 5269 5270 5273
o houseW::patchedWall
v -13.769878565594185 -0.9673718117319732 1.49
v -13.680000016396173 -1.9633245447439676 1.49
v -13.650121434405813 -1.9606281882680272 1.49
v -13.739999983603825 -0.9646754552560328 1.49
v -13.769878565594185 -0.9673718117319732 2.17
v -13.680000016396173 -1.9633245447439676 2.17
v -13.650121434405813 -1.9606281882680272 2.17
v -13.739999983603825 -0.9646754552560328 2.17
usemtl fieldMat_20
f 5274 5276 5275
f 5274 5277 5276
f 5278 5279 5280
f 5278 5280 5281
f 5274 5275 5279
f 5274 5279 5278
f 5275 5276 5280
f 5275 5280 5279
f 5276 5277 5281
f 5276 5281 5280
f 5277 5274 5278
f 5277 5278 5281
o shopE::foundation
v 13.6 -3.1999999999999997 0
v 13.6 3.1999999999999997 0
v 8.799999999999999 3.1999999999999997 0
v 8.799999999999999 -3.1999999999999997 0
v 13.6 -3.1999999999999997 0.28
v 13.6 3.1999999999999997 0.28
v 8.799999999999999 3.1999999999999997 0.28
v 8.799999999999999 -3.1999999999999997 0.28
usemtl fieldMat_17
f 5282 5284 5283
f 5282 5285 5284
f 5286 5287 5288
f 5286 5288 5289
f 5282 5283 5287
f 5282 5287 5286
f 5283 5284 5288
f 5283 5288 5287
f 5284 5285 5289
f 5284 5289 5288
f 5285 5282 5286
f 5285 5286 5289
o shopE::plinth
v 13.559999999999999 -3.1599999999999997 0.28
v 13.559999999999999 3.1599999999999997 0.28
v 8.84 3.1599999999999997 0.28
v 8.84 -3.1599999999999997 0.28
v 13.559999999999999 -3.1599999999999997 0.38
v 13.559999999999999 3.1599999999999997 0.38
v 8.84 3.1599999999999997 0.38
v 8.84 -3.1599999999999997 0.38
usemtl fieldMat_18
f 5290 5292 5291
f 5290 5293 5292
f 5294 5295 5296
f 5294 5296 5297
f 5290 5291 5295
f 5290 5295 5294
f 5291 5292 5296
f 5291 5296 5295
f 5292 5293 5297
f 5292 5297 5296
f 5293 5290 5294
f 5293 5294 5297
o shopE::walls
v 13.549999999999999 -3.15 0.28000000000000025
v 13.549999999999999 3.15 0.28000000000000025
v 8.85 3.15 0.28000000000000025
v 8.85 -3.15 0.28000000000000025
v 13.549999999999999 -3.15 5.180000000000001
v 13.549999999999999 3.15 5.180000000000001
v 8.85 3.15 5.180000000000001
v 8.85 -3.15 5.180000000000001
usemtl fieldMat_11
f 5298 5300 5299
f 5298 5301 5300
f 5302 5303 5304
f 5302 5304 5305
f 5298 5299 5303
f 5298 5303 5302
f 5299 5300 5304
f 5299 5304 5303
f 5300 5301 5305
f 5300 5305 5304
f 5301 5298 5302
f 5301 5302 5305
o shopE::rightWallTone
v 13.489999999999998 3.151 0.33000000000000007
v 13.489999999999998 3.1809999999999996 0.33000000000000007
v 8.91 3.181 0.33000000000000007
v 8.91 3.1510000000000002 0.33000000000000007
v 13.489999999999998 3.151 5.130000000000001
v 13.489999999999998 3.1809999999999996 5.130000000000001
v 8.91 3.181 5.130000000000001
v 8.91 3.1510000000000002 5.130000000000001
usemtl fieldMat_12
f 5306 5308 5307
f 5306 5309 5308
f 5310 5311 5312
f 5310 5312 5313
f 5306 5307 5311
f 5306 5311 5310
f 5307 5308 5312
f 5307 5312 5311
f 5308 5309 5313
f 5308 5313 5312
f 5309 5306 5310
f 5309 5310 5313
o shopE::leftWallTone
v 13.489999999999998 -3.181 0.33000000000000007
v 13.489999999999998 -3.1510000000000002 0.33000000000000007
v 8.91 -3.151 0.33000000000000007
v 8.91 -3.1809999999999996 0.33000000000000007
v 13.489999999999998 -3.181 5.130000000000001
v 13.489999999999998 -3.1510000000000002 5.130000000000001
v 8.91 -3.151 5.130000000000001
v 8.91 -3.1809999999999996 5.130000000000001
usemtl fieldMat_12
f 5314 5316 5315
f 5314 5317 5316
f 5318 5319 5320
f 5318 5320 5321
f 5314 5315 5319
f 5314 5319 5318
f 5315 5316 5320
f 5315 5320 5319
f 5316 5317 5321
f 5316 5321 5320
f 5317 5314 5318
f 5317 5318 5321
o shopE::frontPost_-2.81
v 13.6405 -2.88 0.31000000000000005
v 13.6405 -2.74 0.31000000000000005
v 13.555499999999999 -2.74 0.31000000000000005
v 13.555499999999999 -2.88 0.31000000000000005
v 13.6405 -2.88 5.15
v 13.6405 -2.74 5.15
v 13.555499999999999 -2.74 5.15
v 13.555499999999999 -2.88 5.15
usemtl fieldMat_13
f 5322 5324 5323
f 5322 5325 5324
f 5326 5327 5328
f 5326 5328 5329
f 5322 5323 5327
f 5322 5327 5326
f 5323 5324 5328
f 5323 5328 5327
f 5324 5325 5329
f 5324 5329 5328
f 5325 5322 5326
f 5325 5326 5329
o shopE::backPost_-2.81
v 8.8445 -2.88 0.31000000000000005
v 8.8445 -2.74 0.31000000000000005
v 8.7595 -2.74 0.31000000000000005
v 8.7595 -2.88 0.31000000000000005
v 8.8445 -2.88 5.15
v 8.8445 -2.74 5.15
v 8.7595 -2.74 5.15
v 8.7595 -2.88 5.15
usemtl fieldMat_13
f 5330 5332 5331
f 5330 5333 5332
f 5334 5335 5336
f 5334 5336 5337
f 5330 5331 5335
f 5330 5335 5334
f 5331 5332 5336
f 5331 5336 5335
f 5332 5333 5337
f 5332 5337 5336
f 5333 5330 5334
f 5333 5334 5337
o shopE::frontPost_-1.24
v 13.6405 -1.3050000000000004 0.31000000000000005
v 13.6405 -1.1650000000000003 0.31000000000000005
v 13.555499999999999 -1.1650000000000003 0.31000000000000005
v 13.555499999999999 -1.3050000000000004 0.31000000000000005
v 13.6405 -1.3050000000000004 5.15
v 13.6405 -1.1650000000000003 5.15
v 13.555499999999999 -1.1650000000000003 5.15
v 13.555499999999999 -1.3050000000000004 5.15
usemtl fieldMat_13
f 5338 5340 5339
f 5338 5341 5340
f 5342 5343 5344
f 5342 5344 5345
f 5338 5339 5343
f 5338 5343 5342
f 5339 5340 5344
f 5339 5344 5343
f 5340 5341 5345
f 5340 5345 5344
f 5341 5338 5342
f 5341 5342 5345
o shopE::backPost_-1.24
v 8.8445 -1.305 0.31000000000000005
v 8.8445 -1.1649999999999998 0.31000000000000005
v 8.7595 -1.1649999999999998 0.31000000000000005
v 8.7595 -1.305 0.31000000000000005
v 8.8445 -1.305 5.15
v 8.8445 -1.1649999999999998 5.15
v 8.7595 -1.1649999999999998 5.15
v 8.7595 -1.305 5.15
usemtl fieldMat_13
f 5346 5348 5347
f 5346 5349 5348
f 5350 5351 5352
f 5350 5352 5353
f 5346 5347 5351
f 5346 5351 5350
f 5347 5348 5352
f 5347 5352 5351
f 5348 5349 5353
f 5348 5353 5352
f 5349 5346 5350
f 5349 5350 5353
o shopE::frontPost_0.34
v 13.6405 0.2699999999999997 0.31000000000000005
v 13.6405 0.4099999999999997 0.31000000000000005
v 13.555499999999999 0.4099999999999997 0.31000000000000005
v 13.555499999999999 0.2699999999999997 0.31000000000000005
v 13.6405 0.2699999999999997 5.15
v 13.6405 0.4099999999999997 5.15
v 13.555499999999999 0.4099999999999997 5.15
v 13.555499999999999 0.2699999999999997 5.15
usemtl fieldMat_13
f 5354 5356 5355
f 5354 5357 5356
f 5358 5359 5360
f 5358 5360 5361
f 5354 5355 5359
f 5354 5359 5358
f 5355 5356 5360
f 5355 5360 5359
f 5356 5357 5361
f 5356 5361 5360
f 5357 5354 5358
f 5357 5358 5361
o shopE::backPost_0.34
v 8.8445 0.27 0.31000000000000005
v 8.8445 0.41000000000000003 0.31000000000000005
v 8.7595 0.41000000000000003 0.31000000000000005
v 8.7595 0.27 0.31000000000000005
v 8.8445 0.27 5.15
v 8.8445 0.41000000000000003 5.15
v 8.7595 0.41000000000000003 5.15
v 8.7595 0.27 5.15
usemtl fieldMat_13
f 5362 5364 5363
f 5362 5365 5364
f 5366 5367 5368
f 5366 5368 5369
f 5362 5363 5367
f 5362 5367 5366
f 5363 5364 5368
f 5363 5368 5367
f 5364 5365 5369
f 5364 5369 5368
f 5365 5362 5366
f 5365 5366 5369
o shopE::frontPost_1.91
v 13.6405 1.8449999999999995 0.31000000000000005
v 13.6405 1.9849999999999997 0.31000000000000005
v 13.555499999999999 1.9849999999999997 0.31000000000000005
v 13.555499999999999 1.8449999999999995 0.31000000000000005
v 13.6405 1.8449999999999995 5.15
v 13.6405 1.9849999999999997 5.15
v 13.555499999999999 1.9849999999999997 5.15
v 13.555499999999999 1.8449999999999995 5.15
usemtl fieldMat_13
f 5370 5372 5371
f 5370 5373 5372
f 5374 5375 5376
f 5374 5376 5377
f 5370 5371 5375
f 5370 5375 5374
f 5371 5372 5376
f 5371 5376 5375
f 5372 5373 5377
f 5372 5377 5376
f 5373 5370 5374
f 5373 5374 5377
o shopE::backPost_1.91
v 8.8445 1.845 0.31000000000000005
v 8.8445 1.985 0.31000000000000005
v 8.7595 1.985 0.31000000000000005
v 8.7595 1.845 0.31000000000000005
v 8.8445 1.845 5.15
v 8.8445 1.985 5.15
v 8.7595 1.985 5.15
v 8.7595 1.845 5.15
usemtl fieldMat_13
f 5378 5380 5379
f 5378 5381 5380
f 5382 5383 5384
f 5382 5384 5385
f 5378 5379 5383
f 5378 5383 5382
f 5379 5380 5384
f 5379 5384 5383
f 5380 5381 5385
f 5380 5385 5384
f 5381 5378 5382
f 5381 5382 5385
o shopE::frontBeam_1
v 13.6405 -3.09 2.4800000000000004
v 13.6405 3.09 2.4800000000000004
v 13.555499999999999 3.09 2.4800000000000004
v 13.555499999999999 -3.09 2.4800000000000004
v 13.6405 -3.09 2.62
v 13.6405 3.09 2.62
v 13.555499999999999 3.09 2.62
v 13.555499999999999 -3.09 2.62
usemtl fieldMat_13
f 5386 5388 5387
f 5386 5389 5388
f 5390 5391 5392
f 5390 5392 5393
f 5386 5387 5391
f 5386 5391 5390
f 5387 5388 5392
f 5387 5392 5391
f 5388 5389 5393
f 5388 5393 5392
f 5389 5386 5390
f 5389 5390 5393
o shopE::backBeam_1
v 8.8445 -3.09 2.4800000000000004
v 8.8445 3.09 2.4800000000000004
v 8.7595 3.09 2.4800000000000004
v 8.7595 -3.09 2.4800000000000004
v 8.8445 -3.09 2.62
v 8.8445 3.09 2.62
v 8.7595 3.09 2.62
v 8.7595 -3.09 2.62
usemtl fieldMat_13
f 5394 5396 5395
f 5394 5397 5396
f 5398 5399 5400
f 5398 5400 5401
f 5394 5395 5399
f 5394 5399 5398
f 5395 5396 5400
f 5395 5400 5399
f 5396 5397 5401
f 5396 5401 5400
f 5397 5394 5398
f 5397 5398 5401
o shopE::frontBeam_2
v 13.6405 -3.09 4.930000000000001
v 13.6405 3.09 4.930000000000001
v 13.555499999999999 3.09 4.930000000000001
v 13.555499999999999 -3.09 4.930000000000001
v 13.6405 -3.09 5.070000000000001
v 13.6405 3.09 5.070000000000001
v 13.555499999999999 3.09 5.070000000000001
v 13.555499999999999 -3.09 5.070000000000001
usemtl fieldMat_13
f 5402 5404 5403
f 5402 5405 5404
f 5406 5407 5408
f 5406 5408 5409
f 5402 5403 5407
f 5402 5407 5406
f 5403 5404 5408
f 5403 5408 5407
f 5404 5405 5409
f 5404 5409 5408
f 5405 5402 5406
f 5405 5406 5409
o shopE::backBeam_2
v 8.8445 -3.09 4.930000000000001
v 8.8445 3.09 4.930000000000001
v 8.7595 3.09 4.930000000000001
v 8.7595 -3.09 4.930000000000001
v 8.8445 -3.09 5.070000000000001
v 8.8445 3.09 5.070000000000001
v 8.7595 3.09 5.070000000000001
v 8.7595 -3.09 5.070000000000001
usemtl fieldMat_13
f 5410 5412 5411
f 5410 5413 5412
f 5414 5415 5416
f 5414 5416 5417
f 5410 5411 5415
f 5410 5415 5414
f 5411 5412 5416
f 5411 5416 5415
f 5412 5413 5417
f 5412 5417 5416
f 5413 5410 5414
f 5413 5414 5417
o shopE::rightPost_-1.85
v 13.12 3.1555 0.31000000000000005
v 13.12 3.2405 0.31000000000000005
v 12.979999999999999 3.2405 0.31000000000000005
v 12.979999999999999 3.1555 0.31000000000000005
v 13.12 3.1555 5.15
v 13.12 3.2405 5.15
v 12.979999999999999 3.2405 5.15
v 12.979999999999999 3.1555 5.15
usemtl fieldMat_13
f 5418 5420 5419
f 5418 5421 5420
f 5422 5423 5424
f 5422 5424 5425
f 5418 5419 5423
f 5418 5423 5422
f 5419 5420 5424
f 5419 5424 5423
f 5420 5421 5425
f 5420 5425 5424
f 5421 5418 5422
f 5421 5422 5425
o shopE::leftPost_-1.85
v 13.12 -3.2405 0.31000000000000005
v 13.12 -3.1555 0.31000000000000005
v 12.979999999999999 -3.1555 0.31000000000000005
v 12.979999999999999 -3.2405 0.31000000000000005
v 13.12 -3.2405 5.15
v 13.12 -3.1555 5.15
v 12.979999999999999 -3.1555 5.15
v 12.979999999999999 -3.2405 5.15
usemtl fieldMat_13
f 5426 5428 5427
f 5426 5429 5428
f 5430 5431 5432
f 5430 5432 5433
f 5426 5427 5431
f 5426 5431 5430
f 5427 5428 5432
f 5427 5432 5431
f 5428 5429 5433
f 5428 5433 5432
f 5429 5426 5430
f 5429 5430 5433
o shopE::rightPost_-0.38
v 11.65125 3.1555 0.31000000000000005
v 11.65125 3.2405 0.31000000000000005
v 11.511249999999999 3.2405 0.31000000000000005
v 11.511249999999999 3.1555 0.31000000000000005
v 11.65125 3.1555 5.15
v 11.65125 3.2405 5.15
v 11.511249999999999 3.2405 5.15
v 11.511249999999999 3.1555 5.15
usemtl fieldMat_13
f 5434 5436 5435
f 5434 5437 5436
f 5438 5439 5440
f 5438 5440 5441
f 5434 5435 5439
f 5434 5439 5438
f 5435 5436 5440
f 5435 5440 5439
f 5436 5437 5441
f 5436 5441 5440
f 5437 5434 5438
f 5437 5438 5441
o shopE::leftPost_-0.38
v 11.65125 -3.2405 0.31000000000000005
v 11.65125 -3.1555 0.31000000000000005
v 11.511249999999999 -3.1555 0.31000000000000005
v 11.511249999999999 -3.2405 0.31000000000000005
v 11.65125 -3.2405 5.15
v 11.65125 -3.1555 5.15
v 11.511249999999999 -3.1555 5.15
v 11.511249999999999 -3.2405 5.15
usemtl fieldMat_13
f 5442 5444 5443
f 5442 5445 5444
f 5446 5447 5448
f 5446 5448 5449
f 5442 5443 5447
f 5442 5447 5446
f 5443 5444 5448
f 5443 5448 5447
f 5444 5445 5449
f 5444 5449 5448
f 5445 5442 5446
f 5445 5446 5449
o shopE::rightPost_1.09
v 10.1825 3.1555 0.31000000000000005
v 10.1825 3.2405 0.31000000000000005
v 10.042499999999999 3.2405 0.31000000000000005
v 10.042499999999999 3.1555 0.31000000000000005
v 10.1825 3.1555 5.15
v 10.1825 3.2405 5.15
v 10.042499999999999 3.2405 5.15
v 10.042499999999999 3.1555 5.15
usemtl fieldMat_13
f 5450 5452 5451
f 5450 5453 5452
f 5454 5455 5456
f 5454 5456 5457
f 5450 5451 5455
f 5450 5455 5454
f 5451 5452 5456
f 5451 5456 5455
f 5452 5453 5457
f 5452 5457 5456
f 5453 5450 5454
f 5453 5454 5457
o shopE::leftPost_1.09
v 10.1825 -3.2405 0.31000000000000005
v 10.1825 -3.1555 0.31000000000000005
v 10.042499999999999 -3.1555 0.31000000000000005
v 10.042499999999999 -3.2405 0.31000000000000005
v 10.1825 -3.2405 5.15
v 10.1825 -3.1555 5.15
v 10.042499999999999 -3.1555 5.15
v 10.042499999999999 -3.2405 5.15
usemtl fieldMat_13
f 5458 5460 5459
f 5458 5461 5460
f 5462 5463 5464
f 5462 5464 5465
f 5458 5459 5463
f 5458 5463 5462
f 5459 5460 5464
f 5459 5464 5463
f 5460 5461 5465
f 5460 5465 5464
f 5461 5458 5462
f 5461 5462 5465
o shopE::rightBeam_1
v 13.459999999999999 3.1555 2.4800000000000004
v 13.459999999999999 3.2405 2.4800000000000004
v 8.94 3.2405 2.4800000000000004
v 8.94 3.1555 2.4800000000000004
v 13.459999999999999 3.1555 2.62
v 13.459999999999999 3.2405 2.62
v 8.94 3.2405 2.62
v 8.94 3.1555 2.62
usemtl fieldMat_13
f 5466 5468 5467
f 5466 5469 5468
f 5470 5471 5472
f 5470 5472 5473
f 5466 5467 5471
f 5466 5471 5470
f 5467 5468 5472
f 5467 5472 5471
f 5468 5469 5473
f 5468 5473 5472
f 5469 5466 5470
f 5469 5470 5473
o shopE::leftBeam_1
v 13.459999999999999 -3.2405 2.4800000000000004
v 13.459999999999999 -3.1555 2.4800000000000004
v 8.94 -3.1555 2.4800000000000004
v 8.94 -3.2405 2.4800000000000004
v 13.459999999999999 -3.2405 2.62
v 13.459999999999999 -3.1555 2.62
v 8.94 -3.1555 2.62
v 8.94 -3.2405 2.62
usemtl fieldMat_13
f 5474 5476 5475
f 5474 5477 5476
f 5478 5479 5480
f 5478 5480 5481
f 5474 5475 5479
f 5474 5479 5478
f 5475 5476 5480
f 5475 5480 5479
f 5476 5477 5481
f 5476 5481 5480
f 5477 5474 5478
f 5477 5478 5481
o shopE::rightBeam_2
v 13.459999999999999 3.1555 4.930000000000001
v 13.459999999999999 3.2405 4.930000000000001
v 8.94 3.2405 4.930000000000001
v 8.94 3.1555 4.930000000000001
v 13.459999999999999 3.1555 5.070000000000001
v 13.459999999999999 3.2405 5.070000000000001
v 8.94 3.2405 5.070000000000001
v 8.94 3.1555 5.070000000000001
usemtl fieldMat_13
f 5482 5484 5483
f 5482 5485 5484
f 5486 5487 5488
f 5486 5488 5489
f 5482 5483 5487
f 5482 5487 5486
f 5483 5484 5488
f 5483 5488 5487
f 5484 5485 5489
f 5484 5489 5488
f 5485 5482 5486
f 5485 5486 5489
o shopE::leftBeam_2
v 13.459999999999999 -3.2405 4.930000000000001
v 13.459999999999999 -3.1555 4.930000000000001
v 8.94 -3.1555 4.930000000000001
v 8.94 -3.2405 4.930000000000001
v 13.459999999999999 -3.2405 5.070000000000001
v 13.459999999999999 -3.1555 5.070000000000001
v 8.94 -3.1555 5.070000000000001
v 8.94 -3.2405 5.070000000000001
usemtl fieldMat_13
f 5490 5492 5491
f 5490 5493 5492
f 5494 5495 5496
f 5494 5496 5497
f 5490 5491 5495
f 5490 5495 5494
f 5491 5492 5496
f 5491 5496 5495
f 5492 5493 5497
f 5492 5497 5496
f 5493 5490 5494
f 5493 5494 5497
o shopE::mainRoof
v 13.93 -3.46 5.160000000000001
v 13.93 3.46 5.160000000000001
v 8.469999999999999 -3.46 5.160000000000001
v 8.469999999999999 3.46 5.160000000000001
v 11.2 -3.46 7.618103040933104
v 11.2 3.46 7.618103040933104
usemtl fieldMat_15
f 5498 5499 5503
f 5498 5503 5502
f 5500 5502 5503
f 5500 5503 5501
f 5498 5502 5500
f 5499 5501 5503
o shopE::ridgeCap
v 11.249999999999998 -3.5 7.608103040933104
v 11.25 3.5 7.608103040933104
v 11.15 3.5 7.608103040933104
v 11.149999999999999 -3.5 7.608103040933104
v 11.249999999999998 -3.5 7.688103040933104
v 11.25 3.5 7.688103040933104
v 11.15 3.5 7.688103040933104
v 11.149999999999999 -3.5 7.688103040933104
usemtl fieldMat_16
f 5504 5506 5505
f 5504 5507 5506
f 5508 5509 5510
f 5508 5510 5511
f 5504 5505 5509
f 5504 5509 5508
f 5505 5506 5510
f 5505 5510 5509
f 5506 5507 5511
f 5506 5511 5510
f 5507 5504 5508
f 5507 5508 5511
o shopE::eaveTrimFront
v 14.279999999999998 -3.55 5.110000000000001
v 14.28 3.55 5.110000000000001
v 14.18 3.55 5.110000000000001
v 14.179999999999998 -3.55 5.110000000000001
v 14.279999999999998 -3.55 5.190000000000001
v 14.28 3.55 5.190000000000001
v 14.18 3.55 5.190000000000001
v 14.179999999999998 -3.55 5.190000000000001
usemtl fieldMat_13
f 5512 5514 5513
f 5512 5515 5514
f 5516 5517 5518
f 5516 5518 5519
f 5512 5513 5517
f 5512 5517 5516
f 5513 5514 5518
f 5513 5518 5517
f 5514 5515 5519
f 5514 5519 5518
f 5515 5512 5516
f 5515 5516 5519
o shopE::eaveTrimBack
v 8.219999999999999 -3.55 5.110000000000001
v 8.22 3.55 5.110000000000001
v 8.120000000000001 3.55 5.110000000000001
v 8.12 -3.55 5.110000000000001
v 8.219999999999999 -3.55 5.190000000000001
v 8.22 3.55 5.190000000000001
v 8.120000000000001 3.55 5.190000000000001
v 8.12 -3.55 5.190000000000001
usemtl fieldMat_13
f 5520 5522 5521
f 5520 5523 5522
f 5524 5525 5526
f 5524 5526 5527
f 5520 5521 5525
f 5520 5525 5524
f 5521 5522 5526
f 5521 5526 5525
f 5522 5523 5527
f 5522 5527 5526
f 5523 5520 5524
f 5523 5524 5527
o shopE::door
v 13.6405 -0.33091639913152915 0.30000000000000004
v 13.6405 0.6890836008684709 0.30000000000000004
v 13.555499999999999 0.6890836008684709 0.30000000000000004
v 13.555499999999999 -0.33091639913152915 0.30000000000000004
v 13.6405 -0.33091639913152915 2.3200000000000003
v 13.6405 0.6890836008684709 2.3200000000000003
v 13.555499999999999 0.6890836008684709 2.3200000000000003
v 13.555499999999999 -0.33091639913152915 2.3200000000000003
usemtl fieldMat_14
f 5528 5530 5529
f 5528 5531 5530
f 5532 5533 5534
f 5532 5534 5535
f 5528 5529 5533
f 5528 5533 5532
f 5529 5530 5534
f 5529 5534 5533
f 5530 5531 5535
f 5530 5535 5534
f 5531 5528 5532
f 5531 5532 5535
o shopE::doorLintel
v 13.642 -0.4009163991315291 2.23
v 13.642 0.7590836008684708 2.23
v 13.562000000000001 0.7590836008684708 2.23
v 13.562000000000001 -0.4009163991315291 2.23
v 13.642 -0.4009163991315291 2.3699999999999997
v 13.642 0.7590836008684708 2.3699999999999997
v 13.562000000000001 0.7590836008684708 2.3699999999999997
v 13.562000000000001 -0.4009163991315291 2.3699999999999997
usemtl fieldMat_13
f 5536 5538 5537
f 5536 5539 5538
f 5540 5541 5542
f 5540 5542 5543
f 5536 5537 5541
f 5536 5541 5540
f 5537 5538 5542
f 5537 5542 5541
f 5538 5539 5543
f 5538 5543 5542
f 5539 5536 5540
f 5539 5540 5543
o shopE::doorJambL
v 13.637 -0.4009163991315292 0.29000000000000004
v 13.637 -0.30091639913152923 0.29000000000000004
v 13.567 -0.30091639913152923 0.29000000000000004
v 13.567 -0.4009163991315292 0.29000000000000004
v 13.637 -0.4009163991315292 2.33
v 13.637 -0.30091639913152923 2.33
v 13.567 -0.30091639913152923 2.33
v 13.567 -0.4009163991315292 2.33
usemtl fieldMat_13
f 5544 5546 5545
f 5544 5547 5546
f 5548 5549 5550
f 5548 5550 5551
f 5544 5545 5549
f 5544 5549 5548
f 5545 5546 5550
f 5545 5550 5549
f 5546 5547 5551
f 5546 5551 5550
f 5547 5544 5548
f 5547 5548 5551
o shopE::doorJambR
v 13.637 0.6590836008684708 0.29000000000000004
v 13.637 0.7590836008684709 0.29000000000000004
v 13.567 0.7590836008684709 0.29000000000000004
v 13.567 0.6590836008684708 0.29000000000000004
v 13.637 0.6590836008684708 2.33
v 13.637 0.7590836008684709 2.33
v 13.567 0.7590836008684709 2.33
v 13.567 0.6590836008684708 2.33
usemtl fieldMat_13
f 5552 5554 5553
f 5552 5555 5554
f 5556 5557 5558
f 5556 5558 5559
f 5552 5553 5557
f 5552 5557 5556
f 5553 5554 5558
f 5553 5558 5557
f 5554 5555 5559
f 5554 5559 5558
f 5555 5552 5556
f 5555 5556 5559
o shopE::doorKnob
v 13.658 0.39908360086847083 1.24
v 13.658 0.4790836008684708 1.24
v 13.638 0.4790836008684708 1.24
v 13.638 0.39908360086847083 1.24
v 13.658 0.39908360086847083 1.32
v 13.658 0.4790836008684708 1.32
v 13.638 0.4790836008684708 1.32
v 13.638 0.39908360086847083 1.32
usemtl fieldMat_14
f 5560 5562 5561
f 5560 5563 5562
f 5564 5565 5566
f 5564 5566 5567
f 5560 5561 5565
f 5560 5565 5564
f 5561 5562 5566
f 5561 5566 5565
f 5562 5563 5567
f 5562 5567 5566
f 5563 5560 5564
f 5563 5564 5567
o shopE::fwin_0_glass
v 13.623 -2.738976102496683 1.449721720004082
v 13.623 -2.121023897503316 1.449721720004082
v 13.572999999999999 -2.121023897503316 1.449721720004082
v 13.572999999999999 -2.738976102496683 1.449721720004082
v 13.623 -2.738976102496683 2.210278279995918
v 13.623 -2.121023897503316 2.210278279995918
v 13.572999999999999 -2.121023897503316 2.210278279995918
v 13.572999999999999 -2.738976102496683 2.210278279995918
usemtl fieldMat_19
f 5568 5570 5569
f 5568 5571 5570
f 5572 5573 5574
f 5572 5574 5575
f 5568 5569 5573
f 5568 5573 5572
f 5569 5570 5574
f 5569 5574 5573
f 5570 5571 5575
f 5570 5575 5574
f 5571 5568 5572
f 5571 5572 5575
o shopE::fwin_0_frameTop
v 13.645 -2.8089761024966835 2.178588423329592
v 13.645 -2.051023897503316 2.178588423329592
v 13.575 -2.051023897503316 2.178588423329592
v 13.575 -2.8089761024966835 2.178588423329592
v 13.645 -2.8089761024966835 2.2419681366622446
v 13.645 -2.051023897503316 2.2419681366622446
v 13.575 -2.051023897503316 2.2419681366622446
v 13.575 -2.8089761024966835 2.2419681366622446
usemtl fieldMat_14
f 5576 5578 5577
f 5576 5579 5578
f 5580 5581 5582
f 5580 5582 5583
f 5576 5577 5581
f 5576 5581 5580
f 5577 5578 5582
f 5577 5582 5581
f 5578 5579 5583
f 5578 5583 5582
f 5579 5576 5580
f 5579 5580 5583
o shopE::fwin_0_frameBottom
v 13.658 -2.828976102496683 1.4180318633377553
v 13.658 -2.0310238975033164 1.4180318633377553
v 13.568 -2.0310238975033164 1.4180318633377553
v 13.568 -2.828976102496683 1.4180318633377553
v 13.658 -2.828976102496683 1.4814115766704086
v 13.658 -2.0310238975033164 1.4814115766704086
v 13.568 -2.0310238975033164 1.4814115766704086
v 13.568 -2.828976102496683 1.4814115766704086
usemtl fieldMat_18
f 5584 5586 5585
f 5584 5587 5586
f 5588 5589 5590
f 5588 5590 5591
f 5584 5585 5589
f 5584 5589 5588
f 5585 5586 5590
f 5585 5590 5589
f 5586 5587 5591
f 5586 5591 5590
f 5587 5584 5588
f 5587 5588 5591
o shopE::fwin_0_frameL
v 13.645 -2.7706659591630096 1.389721720004082
v 13.645 -2.707286245830357 1.389721720004082
v 13.575 -2.707286245830357 1.389721720004082
v 13.575 -2.7706659591630096 1.389721720004082
v 13.645 -2.7706659591630096 2.2702782799959182
v 13.645 -2.707286245830357 2.2702782799959182
v 13.575 -2.707286245830357 2.2702782799959182
v 13.575 -2.7706659591630096 2.2702782799959182
usemtl fieldMat_14
f 5592 5594 5593
f 5592 5595 5594
f 5596 5597 5598
f 5596 5598 5599
f 5592 5593 5597
f 5592 5597 5596
f 5593 5594 5598
f 5593 5598 5597
f 5594 5595 5599
f 5594 5599 5598
f 5595 5592 5596
f 5595 5596 5599
o shopE::fwin_0_frameR
v 13.645 -2.1527137541696426 1.389721720004082
v 13.645 -2.08933404083699 1.389721720004082
v 13.575 -2.08933404083699 1.389721720004082
v 13.575 -2.1527137541696426 1.389721720004082
v 13.645 -2.1527137541696426 2.2702782799959182
v 13.645 -2.08933404083699 2.2702782799959182
v 13.575 -2.08933404083699 2.2702782799959182
v 13.575 -2.1527137541696426 2.2702782799959182
usemtl fieldMat_14
f 5600 5602 5601
f 5600 5603 5602
f 5604 5605 5606
f 5604 5606 5607
f 5600 5601 5605
f 5600 5605 5604
f 5601 5602 5606
f 5601 5606 5605
f 5602 5603 5607
f 5602 5607 5606
f 5603 5600 5604
f 5603 5604 5607
o shopE::fwin_0_mullionV
v 13.641 -2.4547180881997344 1.5097217200040818
v 13.641 -2.405281911800265 1.5097217200040818
v 13.610999999999999 -2.405281911800265 1.5097217200040818
v 13.610999999999999 -2.4547180881997344 1.5097217200040818
v 13.641 -2.4547180881997344 2.150278279995918
v 13.641 -2.405281911800265 2.150278279995918
v 13.610999999999999 -2.405281911800265 2.150278279995918
v 13.610999999999999 -2.4547180881997344 2.150278279995918
usemtl fieldMat_14
f 5608 5610 5609
f 5608 5611 5610
f 5612 5613 5614
f 5612 5614 5615
f 5608 5609 5613
f 5608 5613 5612
f 5609 5610 5614
f 5609 5614 5613
f 5610 5611 5615
f 5610 5615 5614
f 5611 5608 5612
f 5611 5612 5615
o shopE::fwin_0_mullionH
v 13.641 -2.678976102496683 1.8052819118002654
v 13.641 -2.1810238975033163 1.8052819118002654
v 13.610999999999999 -2.1810238975033163 1.8052819118002654
v 13.610999999999999 -2.678976102496683 1.8052819118002654
v 13.641 -2.678976102496683 1.8547180881997347
v 13.641 -2.1810238975033163 1.8547180881997347
v 13.610999999999999 -2.1810238975033163 1.8547180881997347
v 13.610999999999999 -2.678976102496683 1.8547180881997347
usemtl fieldMat_14
f 5616 5618 5617
f 5616 5619 5618
f 5620 5621 5622
f 5620 5622 5623
f 5616 5617 5621
f 5616 5621 5620
f 5617 5618 5622
f 5617 5622 5621
f 5618 5619 5623
f 5618 5623 5622
f 5619 5616 5620
f 5619 5620 5623
o shopE::fwin_1_glass
v 13.623 2.122617852428206 1.4516835106808692
v 13.623 2.737382147571793 1.4516835106808692
v 13.572999999999999 2.737382147571793 1.4516835106808692
v 13.572999999999999 2.122617852428206 1.4516835106808692
v 13.623 2.122617852428206 2.208316489319131
v 13.623 2.737382147571793 2.208316489319131
v 13.572999999999999 2.737382147571793 2.208316489319131
v 13.572999999999999 2.122617852428206 2.208316489319131
usemtl fieldMat_19
f 5624 5626 5625
f 5624 5627 5626
f 5628 5629 5630
f 5628 5630 5631
f 5624 5625 5629
f 5624 5629 5628
f 5625 5626 5630
f 5625 5630 5629
f 5626 5627 5631
f 5626 5631 5630
f 5627 5624 5628
f 5627 5628 5631
o shopE::fwin_1_frameTop
v 13.645 2.052617852428206 2.1767901152092035
v 13.645 2.8073821475717935 2.1767901152092035
v 13.575 2.8073821475717935 2.1767901152092035
v 13.575 2.052617852428206 2.1767901152092035
v 13.645 2.052617852428206 2.2398428634290584
v 13.645 2.8073821475717935 2.2398428634290584
v 13.575 2.8073821475717935 2.2398428634290584
v 13.575 2.052617852428206 2.2398428634290584
usemtl fieldMat_14
f 5632 5634 5633
f 5632 5635 5634
f 5636 5637 5638
f 5636 5638 5639
f 5632 5633 5637
f 5632 5637 5636
f 5633 5634 5638
f 5633 5638 5637
f 5634 5635 5639
f 5634 5639 5638
f 5635 5632 5636
f 5635 5636 5639
o shopE::fwin_1_frameBottom
v 13.658 2.032617852428206 1.4201571365709416
v 13.658 2.8273821475717935 1.4201571365709416
v 13.568 2.8273821475717935 1.4201571365709416
v 13.568 2.032617852428206 1.4201571365709416
v 13.658 2.032617852428206 1.4832098847907969
v 13.658 2.8273821475717935 1.4832098847907969
v 13.568 2.8273821475717935 1.4832098847907969
v 13.568 2.032617852428206 1.4832098847907969
usemtl fieldMat_18
f 5640 5642 5641
f 5640 5643 5642
f 5644 5645 5646
f 5644 5646 5647
f 5640 5641 5645
f 5640 5645 5644
f 5641 5642 5646
f 5641 5646 5645
f 5642 5643 5647
f 5642 5647 5646
f 5643 5640 5644
f 5643 5644 5647
o shopE::fwin_1_frameL
v 13.645 2.091091478318279 1.3916835106808694
v 13.645 2.1541442265381336 1.3916835106808694
v 13.575 2.1541442265381336 1.3916835106808694
v 13.575 2.091091478318279 1.3916835106808694
v 13.645 2.091091478318279 2.268316489319131
v 13.645 2.1541442265381336 2.268316489319131
v 13.575 2.1541442265381336 2.268316489319131
v 13.575 2.091091478318279 2.268316489319131
usemtl fieldMat_14
f 5648 5650 5649
f 5648 5651 5650
f 5652 5653 5654
f 5652 5654 5655
f 5648 5649 5653
f 5648 5653 5652
f 5649 5650 5654
f 5649 5654 5653
f 5650 5651 5655
f 5650 5655 5654
f 5651 5648 5652
f 5651 5652 5655
o shopE::fwin_1_frameR
v 13.645 2.705855773461866 1.3916835106808694
v 13.645 2.7689085216817206 1.3916835106808694
v 13.575 2.7689085216817206 1.3916835106808694
v 13.575 2.705855773461866 1.3916835106808694
v 13.645 2.705855773461866 2.268316489319131
v 13.645 2.7689085216817206 2.268316489319131
v 13.575 2.7689085216817206 2.268316489319131
v 13.575 2.705855773461866 2.268316489319131
usemtl fieldMat_14
f 5656 5658 5657
f 5656 5659 5658
f 5660 5661 5662
f 5660 5662 5663
f 5656 5657 5661
f 5656 5661 5660
f 5657 5658 5662
f 5657 5662 5661
f 5658 5659 5663
f 5658 5663 5662
f 5659 5656 5660
f 5659 5660 5663
o shopE::fwin_1_mullionV
v 13.641 2.405409428194256 1.5116835106808693
v 13.641 2.4545905718057432 1.5116835106808693
v 13.610999999999999 2.4545905718057432 1.5116835106808693
v 13.610999999999999 2.405409428194256 1.5116835106808693
v 13.641 2.405409428194256 2.148316489319131
v 13.641 2.4545905718057432 2.148316489319131
v 13.610999999999999 2.4545905718057432 2.148316489319131
v 13.610999999999999 2.405409428194256 2.148316489319131
usemtl fieldMat_14
f 5664 5666 5665
f 5664 5667 5666
f 5668 5669 5670
f 5668 5670 5671
f 5664 5665 5669
f 5664 5669 5668
f 5665 5666 5670
f 5665 5670 5669
f 5666 5667 5671
f 5666 5671 5670
f 5667 5664 5668
f 5667 5668 5671
o shopE::fwin_1_mullionH
v 13.641 2.182617852428206 1.8054094281942565
v 13.641 2.6773821475717936 1.8054094281942565
v 13.610999999999999 2.6773821475717936 1.8054094281942565
v 13.610999999999999 2.182617852428206 1.8054094281942565
v 13.641 2.182617852428206 1.8545905718057436
v 13.641 2.6773821475717936 1.8545905718057436
v 13.610999999999999 2.6773821475717936 1.8545905718057436
v 13.610999999999999 2.182617852428206 1.8545905718057436
usemtl fieldMat_14
f 5672 5674 5673
f 5672 5675 5674
f 5676 5677 5678
f 5676 5678 5679
f 5672 5673 5677
f 5672 5677 5676
f 5673 5674 5678
f 5673 5678 5677
f 5674 5675 5679
f 5674 5679 5678
f 5675 5672 5676
f 5675 5676 5679
o shopE::fwin_2_glass
v 13.623 -2.7517807647318344 3.883962135714665
v 13.623 -2.108219235268165 3.883962135714665
v 13.572999999999999 -2.108219235268165 3.883962135714665
v 13.572999999999999 -2.7517807647318344 3.883962135714665
v 13.623 -2.7517807647318344 4.676037864285335
v 13.623 -2.108219235268165 4.676037864285335
v 13.572999999999999 -2.108219235268165 4.676037864285335
v 13.572999999999999 -2.7517807647318344 4.676037864285335
usemtl fieldMat_19
f 5680 5682 5681
f 5680 5683 5682
f 5684 5685 5686
f 5684 5686 5687
f 5680 5681 5685
f 5680 5685 5684
f 5681 5682 5686
f 5681 5686 5685
f 5682 5683 5687
f 5682 5687 5686
f 5683 5680 5684
f 5683 5684 5687
o shopE::fwin_2_frameTop
v 13.645 -2.8217807647318343 4.643034708928224
v 13.645 -2.038219235268165 4.643034708928224
v 13.575 -2.038219235268165 4.643034708928224
v 13.575 -2.8217807647318343 4.643034708928224
v 13.645 -2.8217807647318343 4.709041019642446
v 13.645 -2.038219235268165 4.709041019642446
v 13.575 -2.038219235268165 4.709041019642446
v 13.575 -2.8217807647318343 4.709041019642446
usemtl fieldMat_14
f 5688 5690 5689
f 5688 5691 5690
f 5692 5693 5694
f 5692 5694 5695
f 5688 5689 5693
f 5688 5693 5692
f 5689 5690 5694
f 5689 5694 5693
f 5690 5691 5695
f 5690 5695 5694
f 5691 5688 5692
f 5691 5692 5695
o shopE::fwin_2_frameBottom
v 13.658 -2.8417807647318343 3.850958980357554
v 13.658 -2.018219235268165 3.850958980357554
v 13.568 -2.018219235268165 3.850958980357554
v 13.568 -2.8417807647318343 3.850958980357554
v 13.658 -2.8417807647318343 3.9169652910717763
v 13.658 -2.018219235268165 3.9169652910717763
v 13.568 -2.018219235268165 3.9169652910717763
v 13.568 -2.8417807647318343 3.9169652910717763
usemtl fieldMat_18
f 5696 5698 5697
f 5696 5699 5698
f 5700 5701 5702
f 5700 5702 5703
f 5696 5697 5701
f 5696 5701 5700
f 5697 5698 5702
f 5697 5702 5701
f 5698 5699 5703
f 5698 5703 5702
f 5699 5696 5700
f 5699 5700 5703
o shopE::fwin_2_frameL
v 13.645 -2.7847839200889455 3.823962135714665
v 13.645 -2.7187776093747233 3.823962135714665
v 13.575 -2.7187776093747233 3.823962135714665
v 13.575 -2.7847839200889455 3.823962135714665
v 13.645 -2.7847839200889455 4.736037864285335
v 13.645 -2.7187776093747233 4.736037864285335
v 13.575 -2.7187776093747233 4.736037864285335
v 13.575 -2.7847839200889455 4.736037864285335
usemtl fieldMat_14
f 5704 5706 5705
f 5704 5707 5706
f 5708 5709 5710
f 5708 5710 5711
f 5704 5705 5709
f 5704 5709 5708
f 5705 5706 5710
f 5705 5710 5709
f 5706 5707 5711
f 5706 5711 5710
f 5707 5704 5708
f 5707 5708 5711
o shopE::fwin_2_frameR
v 13.645 -2.141222390625276 3.823962135714665
v 13.645 -2.075216079911054 3.823962135714665
v 13.575 -2.075216079911054 3.823962135714665
v 13.575 -2.141222390625276 3.823962135714665
v 13.645 -2.141222390625276 4.736037864285335
v 13.645 -2.075216079911054 4.736037864285335
v 13.575 -2.075216079911054 4.736037864285335
v 13.575 -2.141222390625276 4.736037864285335
usemtl fieldMat_14
f 5712 5714 5713
f 5712 5715 5714
f 5716 5717 5718
f 5716 5718 5719
f 5712 5713 5717
f 5712 5717 5716
f 5713 5714 5718
f 5713 5718 5717
f 5714 5715 5719
f 5714 5719 5718
f 5715 5712 5716
f 5715 5716 5719
o shopE::fwin_2_mullionV
v 13.641 -2.4557424611785463 3.9439621357146653
v 13.641 -2.404257538821453 3.9439621357146653
v 13.610999999999999 -2.404257538821453 3.9439621357146653
v 13.610999999999999 -2.4557424611785463 3.9439621357146653
v 13.641 -2.4557424611785463 4.616037864285335
v 13.641 -2.404257538821453 4.616037864285335
v 13.610999999999999 -2.404257538821453 4.616037864285335
v 13.610999999999999 -2.4557424611785463 4.616037864285335
usemtl fieldMat_14
f 5720 5722 5721
f 5720 5723 5722
f 5724 5725 5726
f 5724 5726 5727
f 5720 5721 5725
f 5720 5725 5724
f 5721 5722 5726
f 5721 5726 5725
f 5722 5723 5727
f 5722 5727 5726
f 5723 5720 5724
f 5723 5724 5727
o shopE::fwin_2_mullionH
v 13.641 -2.6917807647318344 4.254257538821453
v 13.641 -2.168219235268165 4.254257538821453
v 13.610999999999999 -2.168219235268165 4.254257538821453
v 13.610999999999999 -2.6917807647318344 4.254257538821453
v 13.641 -2.6917807647318344 4.305742461178547
v 13.641 -2.168219235268165 4.305742461178547
v 13.610999999999999 -2.168219235268165 4.305742461178547
v 13.610999999999999 -2.6917807647318344 4.305742461178547
usemtl fieldMat_14
f 5728 5730 5729
f 5728 5731 5730
f 5732 5733 5734
f 5732 5734 5735
f 5728 5729 5733
f 5728 5733 5732
f 5729 5730 5734
f 5729 5734 5733
f 5730 5731 5735
f 5730 5735 5734
f 5731 5728 5732
f 5731 5732 5735
o shopE::fwin_3_glass
v 13.623 -0.3336229197927287 3.869387175639719
v 13.623 0.33362291979272835 3.869387175639719
v 13.572999999999999 0.33362291979272835 3.869387175639719
v 13.572999999999999 -0.3336229197927287 3.869387175639719
v 13.623 -0.3336229197927287 4.690612824360281
v 13.623 0.33362291979272835 4.690612824360281
v 13.572999999999999 0.33362291979272835 4.690612824360281
v 13.572999999999999 -0.3336229197927287 4.690612824360281
usemtl fieldMat_19
f 5736 5738 5737
f 5736 5739 5738
f 5740 5741 5742
f 5740 5742 5743
f 5736 5737 5741
f 5736 5741 5740
f 5737 5738 5742
f 5737 5742 5741
f 5738 5739 5743
f 5738 5743 5742
f 5739 5736 5740
f 5739 5740 5743
o shopE::fwin_3_frameTop
v 13.645 -0.4036229197927287 4.656395088996924
v 13.645 0.40362291979272835 4.656395088996924
v 13.575 0.40362291979272835 4.656395088996924
v 13.575 -0.4036229197927287 4.656395088996924
v 13.645 -0.4036229197927287 4.724830559723638
v 13.645 0.40362291979272835 4.724830559723638
v 13.575 0.40362291979272835 4.724830559723638
v 13.575 -0.4036229197927287 4.724830559723638
usemtl fieldMat_14
f 5744 5746 5745
f 5744 5747 5746
f 5748 5749 5750
f 5748 5750 5751
f 5744 5745 5749
f 5744 5749 5748
f 5745 5746 5750
f 5745 5750 5749
f 5746 5747 5751
f 5746 5751 5750
f 5747 5744 5748
f 5747 5748 5751
o shopE::fwin_3_frameBottom
v 13.658 -0.42362291979272865 3.835169440276362
v 13.658 0.4236229197927283 3.835169440276362
v 13.568 0.4236229197927283 3.835169440276362
v 13.568 -0.42362291979272865 3.835169440276362
v 13.658 -0.42362291979272865 3.9036049110030757
v 13.658 0.4236229197927283 3.9036049110030757
v 13.568 0.4236229197927283 3.9036049110030757
v 13.568 -0.42362291979272865 3.9036049110030757
usemtl fieldMat_18
f 5752 5754 5753
f 5752 5755 5754
f 5756 5757 5758
f 5756 5758 5759
f 5752 5753 5757
f 5752 5757 5756
f 5753 5754 5758
f 5753 5758 5757
f 5754 5755 5759
f 5754 5759 5758
f 5755 5752 5756
f 5755 5756 5759
o shopE::fwin_3_frameL
v 13.645 -0.36784065515608544 3.809387175639719
v 13.645 -0.2994051844293719 3.809387175639719
v 13.575 -0.2994051844293719 3.809387175639719
v 13.575 -0.36784065515608544 3.809387175639719
v 13.645 -0.36784065515608544 4.750612824360282
v 13.645 -0.2994051844293719 4.750612824360282
v 13.575 -0.2994051844293719 4.750612824360282
v 13.575 -0.36784065515608544 4.750612824360282
usemtl fieldMat_14
f 5760 5762 5761
f 5760 5763 5762
f 5764 5765 5766
f 5764 5766 5767
f 5760 5761 5765
f 5760 5765 5764
f 5761 5762 5766
f 5761 5766 5765
f 5762 5763 5767
f 5762 5767 5766
f 5763 5760 5764
f 5763 5764 5767
o shopE::fwin_3_frameR
v 13.645 0.2994051844293716 3.809387175639719
v 13.645 0.3678406551560851 3.809387175639719
v 13.575 0.3678406551560851 3.809387175639719
v 13.575 0.2994051844293716 3.809387175639719
v 13.645 0.2994051844293716 4.750612824360282
v 13.645 0.3678406551560851 4.750612824360282
v 13.575 0.3678406551560851 4.750612824360282
v 13.575 0.2994051844293716 4.750612824360282
usemtl fieldMat_14
f 5768 5770 5769
f 5768 5771 5770
f 5772 5773 5774
f 5772 5774 5775
f 5768 5769 5773
f 5768 5773 5772
f 5769 5770 5774
f 5769 5774 5773
f 5770 5771 5775
f 5770 5775 5774
f 5771 5768 5772
f 5771 5772 5775
o shopE::fwin_3_mullionV
v 13.641 -0.026689833583418428 3.929387175639719
v 13.641 0.02668983358341813 3.929387175639719
v 13.610999999999999 0.02668983358341813 3.929387175639719
v 13.610999999999999 -0.026689833583418428 3.929387175639719
v 13.641 -0.026689833583418428 4.6306128243602815
v 13.641 0.02668983358341813 4.6306128243602815
v 13.610999999999999 0.02668983358341813 4.6306128243602815
v 13.610999999999999 -0.026689833583418428 4.6306128243602815
usemtl fieldMat_14
f 5776 5778 5777
f 5776 5779 5778
f 5780 5781 5782
f 5780 5782 5783
f 5776 5777 5781
f 5776 5781 5780
f 5777 5778 5782
f 5777 5782 5781
f 5778 5779 5783
f 5778 5783 5782
f 5779 5776 5780
f 5779 5780 5783
o shopE::fwin_3_mullionH
v 13.641 -0.2736229197927287 4.253310166416582
v 13.641 0.27362291979272835 4.253310166416582
v 13.610999999999999 0.27362291979272835 4.253310166416582
v 13.610999999999999 -0.2736229197927287 4.253310166416582
v 13.641 -0.2736229197927287 4.306689833583419
v 13.641 0.27362291979272835 4.306689833583419
v 13.610999999999999 0.27362291979272835 4.306689833583419
v 13.610999999999999 -0.2736229197927287 4.306689833583419
usemtl fieldMat_14
f 5784 5786 5785
f 5784 5787 5786
f 5788 5789 5790
f 5788 5790 5791
f 5784 5785 5789
f 5784 5789 5788
f 5785 5786 5790
f 5785 5790 5789
f 5786 5787 5791
f 5786 5791 5790
f 5787 5784 5788
f 5787 5788 5791
o shopE::fwin_3_shutterL
v 13.6405 -0.5236229197927287 3.849387175639719
v 13.6405 -0.38362291979272867 3.849387175639719
v 13.595499999999998 -0.38362291979272867 3.849387175639719
v 13.595499999999998 -0.5236229197927287 3.849387175639719
v 13.6405 -0.5236229197927287 4.710612824360282
v 13.6405 -0.38362291979272867 4.710612824360282
v 13.595499999999998 -0.38362291979272867 4.710612824360282
v 13.595499999999998 -0.5236229197927287 4.710612824360282
usemtl fieldMat_13
f 5792 5794 5793
f 5792 5795 5794
f 5796 5797 5798
f 5796 5798 5799
f 5792 5793 5797
f 5792 5797 5796
f 5793 5794 5798
f 5793 5798 5797
f 5794 5795 5799
f 5794 5799 5798
f 5795 5792 5796
f 5795 5796 5799
o shopE::fwin_3_shutterR
v 13.6405 0.38362291979272833 3.849387175639719
v 13.6405 0.5236229197927283 3.849387175639719
v 13.595499999999998 0.5236229197927283 3.849387175639719
v 13.595499999999998 0.38362291979272833 3.849387175639719
v 13.6405 0.38362291979272833 4.710612824360282
v 13.6405 0.5236229197927283 4.710612824360282
v 13.595499999999998 0.5236229197927283 4.710612824360282
v 13.595499999999998 0.38362291979272833 4.710612824360282
usemtl fieldMat_13
f 5800 5802 5801
f 5800 5803 5802
f 5804 5805 5806
f 5804 5806 5807
f 5800 5801 5805
f 5800 5805 5804
f 5801 5802 5806
f 5801 5806 5805
f 5802 5803 5807
f 5802 5807 5806
f 5803 5800 5804
f 5803 5804 5807
o shopE::fwin_4_glass
v 13.623 2.116287124487897 3.8938918455235663
v 13.623 2.7437128755121023 3.8938918455235663
v 13.572999999999999 2.7437128755121023 3.8938918455235663
v 13.572999999999999 2.116287124487897 3.8938918455235663
v 13.623 2.116287124487897 4.666108154476434
v 13.623 2.7437128755121023 4.666108154476434
v 13.572999999999999 2.7437128755121023 4.666108154476434
v 13.572999999999999 2.116287124487897 4.666108154476434
usemtl fieldMat_19
f 5808 5810 5809
f 5808 5811 5810
f 5812 5813 5814
f 5812 5814 5815
f 5808 5809 5813
f 5808 5813 5812
f 5809 5810 5814
f 5809 5814 5813
f 5810 5811 5815
f 5810 5815 5814
f 5811 5808 5812
f 5811 5812 5815
o shopE::fwin_4_frameTop
v 13.645 2.0462871244878973 4.6339324749367306
v 13.645 2.813712875512102 4.6339324749367306
v 13.575 2.813712875512102 4.6339324749367306
v 13.575 2.0462871244878973 4.6339324749367306
v 13.645 2.0462871244878973 4.698283834016137
v 13.645 2.813712875512102 4.698283834016137
v 13.575 2.813712875512102 4.698283834016137
v 13.575 2.0462871244878973 4.698283834016137
usemtl fieldMat_14
f 5816 5818 5817
f 5816 5819 5818
f 5820 5821 5822
f 5820 5822 5823
f 5816 5817 5821
f 5816 5821 5820
f 5817 5818 5822
f 5817 5822 5821
f 5818 5819 5823
f 5818 5823 5822
f 5819 5816 5820
f 5819 5820 5823
o shopE::fwin_4_frameBottom
v 13.658 2.0262871244878973 3.8617161659838635
v 13.658 2.833712875512102 3.8617161659838635
v 13.568 2.833712875512102 3.8617161659838635
v 13.568 2.0262871244878973 3.8617161659838635
v 13.658 2.0262871244878973 3.926067525063269
v 13.658 2.833712875512102 3.926067525063269
v 13.568 2.833712875512102 3.926067525063269
v 13.568 2.0262871244878973 3.926067525063269
usemtl fieldMat_18
f 5824 5826 5825
f 5824 5827 5826
f 5828 5829 5830
f 5828 5830 5831
f 5824 5825 5829
f 5824 5829 5828
f 5825 5826 5830
f 5825 5830 5829
f 5826 5827 5831
f 5826 5831 5830
f 5827 5824 5828
f 5827 5828 5831
o shopE::fwin_4_frameL
v 13.645 2.0841114449481943 3.833891845523566
v 13.645 2.1484628040276 3.833891845523566
v 13.575 2.1484628040276 3.833891845523566
v 13.575 2.0841114449481943 3.833891845523566
v 13.645 2.0841114449481943 4.726108154476434
v 13.645 2.1484628040276 4.726108154476434
v 13.575 2.1484628040276 4.726108154476434
v 13.575 2.0841114449481943 4.726108154476434
usemtl fieldMat_14
f 5832 5834 5833
f 5832 5835 5834
f 5836 5837 5838
f 5836 5838 5839
f 5832 5833 5837
f 5832 5837 5836
f 5833 5834 5838
f 5833 5838 5837
f 5834 5835 5839
f 5834 5839 5838
f 5835 5832 5836
f 5835 5836 5839
o shopE::fwin_4_frameR
v 13.645 2.7115371959723995 3.833891845523566
v 13.645 2.775888555051805 3.833891845523566
v 13.575 2.775888555051805 3.833891845523566
v 13.575 2.7115371959723995 3.833891845523566
v 13.645 2.7115371959723995 4.726108154476434
v 13.645 2.775888555051805 4.726108154476434
v 13.575 2.775888555051805 4.726108154476434
v 13.575 2.7115371959723995 4.726108154476434
usemtl fieldMat_14
f 5840 5842 5841
f 5840 5843 5842
f 5844 5845 5846
f 5844 5846 5847
f 5840 5841 5845
f 5840 5845 5844
f 5841 5842 5846
f 5841 5846 5845
f 5842 5843 5847
f 5842 5847 5846
f 5843 5840 5844
f 5843 5844 5847
o shopE::fwin_4_mullionV
v 13.641 2.4049029699590316 3.9538918455235663
v 13.641 2.455097030040968 3.9538918455235663
v 13.610999999999999 2.455097030040968 3.9538918455235663
v 13.610999999999999 2.4049029699590316 3.9538918455235663
v 13.641 2.4049029699590316 4.606108154476434
v 13.641 2.455097030040968 4.606108154476434
v 13.610999999999999 2.455097030040968 4.606108154476434
v 13.610999999999999 2.4049029699590316 4.606108154476434
usemtl fieldMat_14
f 5848 5850 5849
f 5848 5851 5850
f 5852 5853 5854
f 5852 5854 5855
f 5848 5849 5853
f 5848 5853 5852
f 5849 5850 5854
f 5849 5854 5853
f 5850 5851 5855
f 5850 5855 5854
f 5851 5848 5852
f 5851 5852 5855
o shopE::fwin_4_mullionH
v 13.641 2.176287124487897 4.254902969959032
v 13.641 2.6837128755121022 4.254902969959032
v 13.610999999999999 2.6837128755121022 4.254902969959032
v 13.610999999999999 2.176287124487897 4.254902969959032
v 13.641 2.176287124487897 4.305097030040969
v 13.641 2.6837128755121022 4.305097030040969
v 13.610999999999999 2.6837128755121022 4.305097030040969
v 13.610999999999999 2.176287124487897 4.305097030040969
usemtl fieldMat_14
f 5856 5858 5857
f 5856 5859 5858
f 5860 5861 5862
f 5860 5862 5863
f 5856 5857 5861
f 5856 5861 5860
f 5857 5858 5862
f 5857 5862 5861
f 5858 5859 5863
f 5858 5863 5862
f 5859 5856 5860
f 5859 5860 5863
o shopE::swin_r_5_glass
v 12.9581 3.18 1.4208
v 12.9581 3.23 1.4208
v 12.3419 3.23 1.4208
v 12.3419 3.18 1.4208
v 12.9581 3.18 2.1792
v 12.9581 3.23 2.1792
v 12.3419 3.23 2.1792
v 12.3419 3.18 2.1792
usemtl fieldMat_19
f 5864 5866 5865
f 5864 5867 5866
f 5868 5869 5870
f 5868 5870 5871
f 5864 5865 5869
f 5864 5869 5868
f 5865 5866 5870
f 5865 5870 5869
f 5866 5867 5871
f 5866 5871 5870
f 5867 5864 5868
f 5867 5868 5871
o shopE::swin_r_5_frameTop
v 13.0281 3.182 2.1475999999999997
v 13.0281 3.2520000000000002 2.1475999999999997
v 12.2719 3.2520000000000002 2.1475999999999997
v 12.2719 3.182 2.1475999999999997
v 13.0281 3.182 2.2108
v 13.0281 3.2520000000000002 2.2108
v 12.2719 3.2520000000000002 2.2108
v 12.2719 3.182 2.2108
usemtl fieldMat_14
f 5872 5874 5873
f 5872 5875 5874
f 5876 5877 5878
f 5876 5878 5879
f 5872 5873 5877
f 5872 5877 5876
f 5873 5874 5878
f 5873 5878 5877
f 5874 5875 5879
f 5874 5879 5878
f 5875 5872 5876
f 5875 5876 5879
o shopE::swin_r_5_frameBottom
v 13.0481 3.1750000000000003 1.3892
v 13.0481 3.265 1.3892
v 12.251900000000001 3.265 1.3892
v 12.251900000000001 3.1750000000000003 1.3892
v 13.0481 3.1750000000000003 1.4524000000000001
v 13.0481 3.265 1.4524000000000001
v 12.251900000000001 3.265 1.4524000000000001
v 12.251900000000001 3.1750000000000003 1.4524000000000001
usemtl fieldMat_18
f 5880 5882 5881
f 5880 5883 5882
f 5884 5885 5886
f 5884 5886 5887
f 5880 5881 5885
f 5880 5885 5884
f 5881 5882 5886
f 5881 5886 5885
f 5882 5883 5887
f 5882 5887 5886
f 5883 5880 5884
f 5883 5884 5887
o shopE::swin_r_5_frameL
v 12.9897 3.182 1.3608
v 12.9897 3.2520000000000002 1.3608
v 12.9265 3.2520000000000002 1.3608
v 12.9265 3.182 1.3608
v 12.9897 3.182 2.2392
v 12.9897 3.2520000000000002 2.2392
v 12.9265 3.2520000000000002 2.2392
v 12.9265 3.182 2.2392
usemtl fieldMat_14
f 5888 5890 5889
f 5888 5891 5890
f 5892 5893 5894
f 5892 5894 5895
f 5888 5889 5893
f 5888 5893 5892
f 5889 5890 5894
f 5889 5894 5893
f 5890 5891 5895
f 5890 5895 5894
f 5891 5888 5892
f 5891 5892 5895
o shopE::swin_r_5_frameR
v 12.373499999999998 3.182 1.3608
v 12.373499999999998 3.2520000000000002 1.3608
v 12.3103 3.2520000000000002 1.3608
v 12.3103 3.182 1.3608
v 12.373499999999998 3.182 2.2392
v 12.373499999999998 3.2520000000000002 2.2392
v 12.3103 3.2520000000000002 2.2392
v 12.3103 3.182 2.2392
usemtl fieldMat_14
f 5896 5898 5897
f 5896 5899 5898
f 5900 5901 5902
f 5900 5902 5903
f 5896 5897 5901
f 5896 5901 5900
f 5897 5898 5902
f 5897 5902 5901
f 5898 5899 5903
f 5898 5903 5902
f 5899 5896 5900
f 5899 5900 5903
o shopE::swin_r_5_mullionV
v 12.674648000000001 3.218 1.4808000000000001
v 12.674648000000001 3.248 1.4808000000000001
v 12.625352 3.248 1.4808000000000001
v 12.625352 3.218 1.4808000000000001
v 12.674648000000001 3.218 2.1192
v 12.674648000000001 3.248 2.1192
v 12.625352 3.248 2.1192
v 12.625352 3.218 2.1192
usemtl fieldMat_14
f 5904 5906 5905
f 5904 5907 5906
f 5908 5909 5910
f 5908 5910 5911
f 5904 5905 5909
f 5904 5909 5908
f 5905 5906 5910
f 5905 5910 5909
f 5906 5907 5911
f 5906 5911 5910
f 5907 5904 5908
f 5907 5908 5911
o shopE::swin_r_5_mullionH
v 12.898100000000001 3.218 1.775352
v 12.898100000000001 3.248 1.775352
v 12.4019 3.248 1.775352
v 12.4019 3.218 1.775352
v 12.898100000000001 3.218 1.824648
v 12.898100000000001 3.248 1.824648
v 12.4019 3.248 1.824648
v 12.4019 3.218 1.824648
usemtl fieldMat_14
f 5912 5914 5913
f 5912 5915 5914
f 5916 5917 5918
f 5916 5918 5919
f 5912 5913 5917
f 5912 5917 5916
f 5913 5914 5918
f 5913 5918 5917
f 5914 5915 5919
f 5914 5919 5918
f 5915 5912 5916
f 5915 5916 5919
o shopE::swin_r_6_glass
v 11.3081 3.18 1.4208
v 11.3081 3.23 1.4208
v 10.6919 3.23 1.4208
v 10.6919 3.18 1.4208
v 11.3081 3.18 2.1792
v 11.3081 3.23 2.1792
v 10.6919 3.23 2.1792
v 10.6919 3.18 2.1792
usemtl fieldMat_19
f 5920 5922 5921
f 5920 5923 5922
f 5924 5925 5926
f 5924 5926 5927
f 5920 5921 5925
f 5920 5925 5924
f 5921 5922 5926
f 5921 5926 5925
f 5922 5923 5927
f 5922 5927 5926
f 5923 5920 5924
f 5923 5924 5927
o shopE::swin_r_6_frameTop
v 11.3781 3.182 2.1475999999999997
v 11.3781 3.2520000000000002 2.1475999999999997
v 10.6219 3.2520000000000002 2.1475999999999997
v 10.6219 3.182 2.1475999999999997
v 11.3781 3.182 2.2108
v 11.3781 3.2520000000000002 2.2108
v 10.6219 3.2520000000000002 2.2108
v 10.6219 3.182 2.2108
usemtl fieldMat_14
f 5928 5930 5929
f 5928 5931 5930
f 5932 5933 5934
f 5932 5934 5935
f 5928 5929 5933
f 5928 5933 5932
f 5929 5930 5934
f 5929 5934 5933
f 5930 5931 5935
f 5930 5935 5934
f 5931 5928 5932
f 5931 5932 5935
o shopE::swin_r_6_frameBottom
v 11.3981 3.1750000000000003 1.3892
v 11.3981 3.265 1.3892
v 10.6019 3.265 1.3892
v 10.6019 3.1750000000000003 1.3892
v 11.3981 3.1750000000000003 1.4524000000000001
v 11.3981 3.265 1.4524000000000001
v 10.6019 3.265 1.4524000000000001
v 10.6019 3.1750000000000003 1.4524000000000001
usemtl fieldMat_18
f 5936 5938 5937
f 5936 5939 5938
f 5940 5941 5942
f 5940 5942 5943
f 5936 5937 5941
f 5936 5941 5940
f 5937 5938 5942
f 5937 5942 5941
f 5938 5939 5943
f 5938 5943 5942
f 5939 5936 5940
f 5939 5940 5943
o shopE::swin_r_6_frameL
v 11.339699999999999 3.182 1.3608
v 11.339699999999999 3.2520000000000002 1.3608
v 11.2765 3.2520000000000002 1.3608
v 11.2765 3.182 1.3608
v 11.339699999999999 3.182 2.2392
v 11.339699999999999 3.2520000000000002 2.2392
v 11.2765 3.2520000000000002 2.2392
v 11.2765 3.182 2.2392
usemtl fieldMat_14
f 5944 5946 5945
f 5944 5947 5946
f 5948 5949 5950
f 5948 5950 5951
f 5944 5945 5949
f 5944 5949 5948
f 5945 5946 5950
f 5945 5950 5949
f 5946 5947 5951
f 5946 5951 5950
f 5947 5944 5948
f 5947 5948 5951
o shopE::swin_r_6_frameR
v 10.7235 3.182 1.3608
v 10.7235 3.2520000000000002 1.3608
v 10.660300000000001 3.2520000000000002 1.3608
v 10.660300000000001 3.182 1.3608
v 10.7235 3.182 2.2392
v 10.7235 3.2520000000000002 2.2392
v 10.660300000000001 3.2520000000000002 2.2392
v 10.660300000000001 3.182 2.2392
usemtl fieldMat_14
f 5952 5954 5953
f 5952 5955 5954
f 5956 5957 5958
f 5956 5958 5959
f 5952 5953 5957
f 5952 5957 5956
f 5953 5954 5958
f 5953 5958 5957
f 5954 5955 5959
f 5954 5959 5958
f 5955 5952 5956
f 5955 5956 5959
o shopE::swin_r_6_mullionV
v 11.024648 3.218 1.4808000000000001
v 11.024648 3.248 1.4808000000000001
v 10.975352 3.248 1.4808000000000001
v 10.975352 3.218 1.4808000000000001
v 11.024648 3.218 2.1192
v 11.024648 3.248 2.1192
v 10.975352 3.248 2.1192
v 10.975352 3.218 2.1192
usemtl fieldMat_14
f 5960 5962 5961
f 5960 5963 5962
f 5964 5965 5966
f 5964 5966 5967
f 5960 5961 5965
f 5960 5965 5964
f 5961 5962 5966
f 5961 5966 5965
f 5962 5963 5967
f 5962 5967 5966
f 5963 5960 5964
f 5963 5964 5967
o shopE::swin_r_6_mullionH
v 11.2481 3.218 1.775352
v 11.2481 3.248 1.775352
v 10.7519 3.248 1.775352
v 10.7519 3.218 1.775352
v 11.2481 3.218 1.824648
v 11.2481 3.248 1.824648
v 10.7519 3.248 1.824648
v 10.7519 3.218 1.824648
usemtl fieldMat_14
f 5968 5970 5969
f 5968 5971 5970
f 5972 5973 5974
f 5972 5974 5975
f 5968 5969 5973
f 5968 5973 5972
f 5969 5970 5974
f 5969 5974 5973
f 5970 5971 5975
f 5970 5975 5974
f 5971 5968 5972
f 5971 5972 5975
o shopE::swin_l_7_glass
v 12.680799999999998 -3.23 1.4544000000000001
v 12.680799999999998 -3.18 1.4544000000000001
v 12.1192 -3.18 1.4544000000000001
v 12.1192 -3.23 1.4544000000000001
v 12.680799999999998 -3.23 2.1456
v 12.680799999999998 -3.18 2.1456
v 12.1192 -3.18 2.1456
v 12.1192 -3.23 2.1456
usemtl fieldMat_19
f 5976 5978 5977
f 5976 5979 5978
f 5980 5981 5982
f 5980 5982 5983
f 5976 5977 5981
f 5976 5981 5980
f 5977 5978 5982
f 5977 5982 5981
f 5978 5979 5983
f 5978 5983 5982
f 5979 5976 5980
f 5979 5980 5983
o shopE::swin_l_7_frameTop
v 12.750799999999998 -3.228 2.1168
v 12.750799999999998 -3.158 2.1168
v 12.049199999999999 -3.158 2.1168
v 12.049199999999999 -3.228 2.1168
v 12.750799999999998 -3.228 2.1744
v 12.750799999999998 -3.158 2.1744
v 12.049199999999999 -3.158 2.1744
v 12.049199999999999 -3.228 2.1744
usemtl fieldMat_14
f 5984 5986 5985
f 5984 5987 5986
f 5988 5989 5990
f 5988 5990 5991
f 5984 5985 5989
f 5984 5989 5988
f 5985 5986 5990
f 5985 5990 5989
f 5986 5987 5991
f 5986 5991 5990
f 5987 5984 5988
f 5987 5988 5991
o shopE::swin_l_7_frameBottom
v 12.770799999999998 -3.235 1.4256000000000002
v 12.770799999999998 -3.145 1.4256000000000002
v 12.0292 -3.145 1.4256000000000002
v 12.0292 -3.235 1.4256000000000002
v 12.770799999999998 -3.235 1.4832
v 12.770799999999998 -3.145 1.4832
v 12.0292 -3.145 1.4832
v 12.0292 -3.235 1.4832
usemtl fieldMat_18
f 5992 5994 5993
f 5992 5995 5994
f 5996 5997 5998
f 5996 5998 5999
f 5992 5993 5997
f 5992 5997 5996
f 5993 5994 5998
f 5993 5998 5997
f 5994 5995 5999
f 5994 5999 5998
f 5995 5992 5996
f 5995 5996 5999
o shopE::swin_l_7_frameL
v 12.7096 -3.228 1.3944
v 12.7096 -3.158 1.3944
v 12.652 -3.158 1.3944
v 12.652 -3.228 1.3944
v 12.7096 -3.228 2.2056
v 12.7096 -3.158 2.2056
v 12.652 -3.158 2.2056
v 12.652 -3.228 2.2056
usemtl fieldMat_14
f 6000 6002 6001
f 6000 6003 6002
f 6004 6005 6006
f 6004 6006 6007
f 6000 6001 6005
f 6000 6005 6004
f 6001 6002 6006
f 6001 6006 6005
f 6002 6003 6007
f 6002 6007 6006
f 6003 6000 6004
f 6003 6004 6007
o shopE::swin_l_7_frameR
v 12.148 -3.228 1.3944
v 12.148 -3.158 1.3944
v 12.090399999999999 -3.158 1.3944
v 12.090399999999999 -3.228 1.3944
v 12.148 -3.228 2.2056
v 12.148 -3.158 2.2056
v 12.090399999999999 -3.158 2.2056
v 12.090399999999999 -3.228 2.2056
usemtl fieldMat_14
f 6008 6010 6009
f 6008 6011 6010
f 6012 6013 6014
f 6012 6014 6015
f 6008 6009 6013
f 6008 6013 6012
f 6009 6010 6014
f 6009 6014 6013
f 6010 6011 6015
f 6010 6015 6014
f 6011 6008 6012
f 6011 6012 6015
o shopE::swin_l_7_mullionV
v 12.422463999999998 -3.192 1.5144000000000002
v 12.422463999999998 -3.162 1.5144000000000002
v 12.377536 -3.162 1.5144000000000002
v 12.377536 -3.192 1.5144000000000002
v 12.422463999999998 -3.192 2.0856
v 12.422463999999998 -3.162 2.0856
v 12.377536 -3.162 2.0856
v 12.377536 -3.192 2.0856
usemtl fieldMat_14
f 6016 6018 6017
f 6016 6019 6018
f 6020 6021 6022
f 6020 6022 6023
f 6016 6017 6021
f 6016 6021 6020
f 6017 6018 6022
f 6017 6022 6021
f 6018 6019 6023
f 6018 6023 6022
f 6019 6016 6020
f 6019 6020 6023
o shopE::swin_l_7_mullionH
v 12.6208 -3.192 1.777536
v 12.6208 -3.162 1.777536
v 12.179199999999998 -3.162 1.777536
v 12.179199999999998 -3.192 1.777536
v 12.6208 -3.192 1.822464
v 12.6208 -3.162 1.822464
v 12.179199999999998 -3.162 1.822464
v 12.179199999999998 -3.192 1.822464
usemtl fieldMat_14
f 6024 6026 6025
f 6024 6027 6026
f 6028 6029 6030
f 6028 6030 6031
f 6024 6025 6029
f 6024 6029 6028
f 6025 6026 6030
f 6025 6030 6029
f 6026 6027 6031
f 6026 6031 6030
f 6027 6024 6028
f 6027 6028 6031
o shopE::swin_l_8_glass
v 10.580799999999998 -3.23 1.4544000000000001
v 10.580799999999998 -3.18 1.4544000000000001
v 10.0192 -3.18 1.4544000000000001
v 10.0192 -3.23 1.4544000000000001
v 10.580799999999998 -3.23 2.1456
v 10.580799999999998 -3.18 2.1456
v 10.0192 -3.18 2.1456
v 10.0192 -3.23 2.1456
usemtl fieldMat_19
f 6032 6034 6033
f 6032 6035 6034
f 6036 6037 6038
f 6036 6038 6039
f 6032 6033 6037
f 6032 6037 6036
f 6033 6034 6038
f 6033 6038 6037
f 6034 6035 6039
f 6034 6039 6038
f 6035 6032 6036
f 6035 6036 6039
o shopE::swin_l_8_frameTop
v 10.650799999999998 -3.228 2.1168
v 10.650799999999998 -3.158 2.1168
v 9.9492 -3.158 2.1168
v 9.9492 -3.228 2.1168
v 10.650799999999998 -3.228 2.1744
v 10.650799999999998 -3.158 2.1744
v 9.9492 -3.158 2.1744
v 9.9492 -3.228 2.1744
usemtl fieldMat_14
f 6040 6042 6041
f 6040 6043 6042
f 6044 6045 6046
f 6044 6046 6047
f 6040 6041 6045
f 6040 6045 6044
f 6041 6042 6046
f 6041 6046 6045
f 6042 6043 6047
f 6042 6047 6046
f 6043 6040 6044
f 6043 6044 6047
o shopE::swin_l_8_frameBottom
v 10.6708 -3.235 1.4256000000000002
v 10.6708 -3.145 1.4256000000000002
v 9.929199999999998 -3.145 1.4256000000000002
v 9.929199999999998 -3.235 1.4256000000000002
v 10.6708 -3.235 1.4832
v 10.6708 -3.145 1.4832
v 9.929199999999998 -3.145 1.4832
v 9.929199999999998 -3.235 1.4832
usemtl fieldMat_18
f 6048 6050 6049
f 6048 6051 6050
f 6052 6053 6054
f 6052 6054 6055
f 6048 6049 6053
f 6048 6053 6052
f 6049 6050 6054
f 6049 6054 6053
f 6050 6051 6055
f 6050 6055 6054
f 6051 6048 6052
f 6051 6052 6055
o shopE::swin_l_8_frameL
v 10.6096 -3.228 1.3944
v 10.6096 -3.158 1.3944
v 10.552 -3.158 1.3944
v 10.552 -3.228 1.3944
v 10.6096 -3.228 2.2056
v 10.6096 -3.158 2.2056
v 10.552 -3.158 2.2056
v 10.552 -3.228 2.2056
usemtl fieldMat_14
f 6056 6058 6057
f 6056 6059 6058
f 6060 6061 6062
f 6060 6062 6063
f 6056 6057 6061
f 6056 6061 6060
f 6057 6058 6062
f 6057 6062 6061
f 6058 6059 6063
f 6058 6063 6062
f 6059 6056 6060
f 6059 6060 6063
o shopE::swin_l_8_frameR
v 10.048 -3.228 1.3944
v 10.048 -3.158 1.3944
v 9.9904 -3.158 1.3944
v 9.9904 -3.228 1.3944
v 10.048 -3.228 2.2056
v 10.048 -3.158 2.2056
v 9.9904 -3.158 2.2056
v 9.9904 -3.228 2.2056
usemtl fieldMat_14
f 6064 6066 6065
f 6064 6067 6066
f 6068 6069 6070
f 6068 6070 6071
f 6064 6065 6069
f 6064 6069 6068
f 6065 6066 6070
f 6065 6070 6069
f 6066 6067 6071
f 6066 6071 6070
f 6067 6064 6068
f 6067 6068 6071
o shopE::swin_l_8_mullionV
v 10.322463999999998 -3.192 1.5144000000000002
v 10.322463999999998 -3.162 1.5144000000000002
v 10.277536 -3.162 1.5144000000000002
v 10.277536 -3.192 1.5144000000000002
v 10.322463999999998 -3.192 2.0856
v 10.322463999999998 -3.162 2.0856
v 10.277536 -3.162 2.0856
v 10.277536 -3.192 2.0856
usemtl fieldMat_14
f 6072 6074 6073
f 6072 6075 6074
f 6076 6077 6078
f 6076 6078 6079
f 6072 6073 6077
f 6072 6077 6076
f 6073 6074 6078
f 6073 6078 6077
f 6074 6075 6079
f 6074 6079 6078
f 6075 6072 6076
f 6075 6076 6079
o shopE::swin_l_8_mullionH
v 10.5208 -3.192 1.777536
v 10.5208 -3.162 1.777536
v 10.079199999999998 -3.162 1.777536
v 10.079199999999998 -3.192 1.777536
v 10.5208 -3.192 1.822464
v 10.5208 -3.162 1.822464
v 10.079199999999998 -3.162 1.822464
v 10.079199999999998 -3.192 1.822464
usemtl fieldMat_14
f 6080 6082 6081
f 6080 6083 6082
f 6084 6085 6086
f 6084 6086 6087
f 6080 6081 6085
f 6080 6085 6084
f 6081 6082 6086
f 6081 6086 6085
f 6082 6083 6087
f 6082 6087 6086
f 6083 6080 6084
f 6083 6084 6087
o shopE::swin_r_9_glass
v 12.9581 3.18 3.8708
v 12.9581 3.23 3.8708
v 12.3419 3.23 3.8708
v 12.3419 3.18 3.8708
v 12.9581 3.18 4.6292
v 12.9581 3.23 4.6292
v 12.3419 3.23 4.6292
v 12.3419 3.18 4.6292
usemtl fieldMat_19
f 6088 6090 6089
f 6088 6091 6090
f 6092 6093 6094
f 6092 6094 6095
f 6088 6089 6093
f 6088 6093 6092
f 6089 6090 6094
f 6089 6094 6093
f 6090 6091 6095
f 6090 6095 6094
f 6091 6088 6092
f 6091 6092 6095
o shopE::swin_r_9_frameTop
v 13.0281 3.182 4.5976
v 13.0281 3.2520000000000002 4.5976
v 12.2719 3.2520000000000002 4.5976
v 12.2719 3.182 4.5976
v 13.0281 3.182 4.6608
v 13.0281 3.2520000000000002 4.6608
v 12.2719 3.2520000000000002 4.6608
v 12.2719 3.182 4.6608
usemtl fieldMat_14
f 6096 6098 6097
f 6096 6099 6098
f 6100 6101 6102
f 6100 6102 6103
f 6096 6097 6101
f 6096 6101 6100
f 6097 6098 6102
f 6097 6102 6101
f 6098 6099 6103
f 6098 6103 6102
f 6099 6096 6100
f 6099 6100 6103
o shopE::swin_r_9_frameBottom
v 13.0481 3.1750000000000003 3.8392
v 13.0481 3.265 3.8392
v 12.251900000000001 3.265 3.8392
v 12.251900000000001 3.1750000000000003 3.8392
v 13.0481 3.1750000000000003 3.9024
v 13.0481 3.265 3.9024
v 12.251900000000001 3.265 3.9024
v 12.251900000000001 3.1750000000000003 3.9024
usemtl fieldMat_18
f 6104 6106 6105
f 6104 6107 6106
f 6108 6109 6110
f 6108 6110 6111
f 6104 6105 6109
f 6104 6109 6108
f 6105 6106 6110
f 6105 6110 6109
f 6106 6107 6111
f 6106 6111 6110
f 6107 6104 6108
f 6107 6108 6111
o shopE::swin_r_9_frameL
v 12.9897 3.182 3.8108
v 12.9897 3.2520000000000002 3.8108
v 12.9265 3.2520000000000002 3.8108
v 12.9265 3.182 3.8108
v 12.9897 3.182 4.6892
v 12.9897 3.2520000000000002 4.6892
v 12.9265 3.2520000000000002 4.6892
v 12.9265 3.182 4.6892
usemtl fieldMat_14
f 6112 6114 6113
f 6112 6115 6114
f 6116 6117 6118
f 6116 6118 6119
f 6112 6113 6117
f 6112 6117 6116
f 6113 6114 6118
f 6113 6118 6117
f 6114 6115 6119
f 6114 6119 6118
f 6115 6112 6116
f 6115 6116 6119
o shopE::swin_r_9_frameR
v 12.373499999999998 3.182 3.8108
v 12.373499999999998 3.2520000000000002 3.8108
v 12.3103 3.2520000000000002 3.8108
v 12.3103 3.182 3.8108
v 12.373499999999998 3.182 4.6892
v 12.373499999999998 3.2520000000000002 4.6892
v 12.3103 3.2520000000000002 4.6892
v 12.3103 3.182 4.6892
usemtl fieldMat_14
f 6120 6122 6121
f 6120 6123 6122
f 6124 6125 6126
f 6124 6126 6127
f 6120 6121 6125
f 6120 6125 6124
f 6121 6122 6126
f 6121 6126 6125
f 6122 6123 6127
f 6122 6127 6126
f 6123 6120 6124
f 6123 6124 6127
o shopE::swin_r_9_mullionV
v 12.674648000000001 3.218 3.9308
v 12.674648000000001 3.248 3.9308
v 12.625352 3.248 3.9308
v 12.625352 3.218 3.9308
v 12.674648000000001 3.218 4.5692
v 12.674648000000001 3.248 4.5692
v 12.625352 3.248 4.5692
v 12.625352 3.218 4.5692
usemtl fieldMat_14
f 6128 6130 6129
f 6128 6131 6130
f 6132 6133 6134
f 6132 6134 6135
f 6128 6129 6133
f 6128 6133 6132
f 6129 6130 6134
f 6129 6134 6133
f 6130 6131 6135
f 6130 6135 6134
f 6131 6128 6132
f 6131 6132 6135
o shopE::swin_r_9_mullionH
v 12.898100000000001 3.218 4.225352
v 12.898100000000001 3.248 4.225352
v 12.4019 3.248 4.225352
v 12.4019 3.218 4.225352
v 12.898100000000001 3.218 4.274648
v 12.898100000000001 3.248 4.274648
v 12.4019 3.248 4.274648
v 12.4019 3.218 4.274648
usemtl fieldMat_14
f 6136 6138 6137
f 6136 6139 6138
f 6140 6141 6142
f 6140 6142 6143
f 6136 6137 6141
f 6136 6141 6140
f 6137 6138 6142
f 6137 6142 6141
f 6138 6139 6143
f 6138 6143 6142
f 6139 6136 6140
f 6139 6140 6143
o shopE::swin_r_9_shutterL
v 13.1481 3.2025 3.8508
v 13.1481 3.2475 3.8508
v 13.008099999999999 3.2475 3.8508
v 13.008099999999999 3.2025 3.8508
v 13.1481 3.2025 4.6492
v 13.1481 3.2475 4.6492
v 13.008099999999999 3.2475 4.6492
v 13.008099999999999 3.2025 4.6492
usemtl fieldMat_13
f 6144 6146 6145
f 6144 6147 6146
f 6148 6149 6150
f 6148 6150 6151
f 6144 6145 6149
f 6144 6149 6148
f 6145 6146 6150
f 6145 6150 6149
f 6146 6147 6151
f 6146 6151 6150
f 6147 6144 6148
f 6147 6148 6151
o shopE::swin_r_9_shutterR
v 12.2919 3.2025 3.8508
v 12.2919 3.2475 3.8508
v 12.1519 3.2475 3.8508
v 12.1519 3.2025 3.8508
v 12.2919 3.2025 4.6492
v 12.2919 3.2475 4.6492
v 12.1519 3.2475 4.6492
v 12.1519 3.2025 4.6492
usemtl fieldMat_13
f 6152 6154 6153
f 6152 6155 6154
f 6156 6157 6158
f 6156 6158 6159
f 6152 6153 6157
f 6152 6157 6156
f 6153 6154 6158
f 6153 6158 6157
f 6154 6155 6159
f 6154 6159 6158
f 6155 6152 6156
f 6155 6156 6159
o shopE::swin_r_10_glass
v 11.3081 3.18 3.8708
v 11.3081 3.23 3.8708
v 10.6919 3.23 3.8708
v 10.6919 3.18 3.8708
v 11.3081 3.18 4.6292
v 11.3081 3.23 4.6292
v 10.6919 3.23 4.6292
v 10.6919 3.18 4.6292
usemtl fieldMat_19
f 6160 6162 6161
f 6160 6163 6162
f 6164 6165 6166
f 6164 6166 6167
f 6160 6161 6165
f 6160 6165 6164
f 6161 6162 6166
f 6161 6166 6165
f 6162 6163 6167
f 6162 6167 6166
f 6163 6160 6164
f 6163 6164 6167
o shopE::swin_r_10_frameTop
v 11.3781 3.182 4.5976
v 11.3781 3.2520000000000002 4.5976
v 10.6219 3.2520000000000002 4.5976
v 10.6219 3.182 4.5976
v 11.3781 3.182 4.6608
v 11.3781 3.2520000000000002 4.6608
v 10.6219 3.2520000000000002 4.6608
v 10.6219 3.182 4.6608
usemtl fieldMat_14
f 6168 6170 6169
f 6168 6171 6170
f 6172 6173 6174
f 6172 6174 6175
f 6168 6169 6173
f 6168 6173 6172
f 6169 6170 6174
f 6169 6174 6173
f 6170 6171 6175
f 6170 6175 6174
f 6171 6168 6172
f 6171 6172 6175
o shopE::swin_r_10_frameBottom
v 11.3981 3.1750000000000003 3.8392
v 11.3981 3.265 3.8392
v 10.6019 3.265 3.8392
v 10.6019 3.1750000000000003 3.8392
v 11.3981 3.1750000000000003 3.9024
v 11.3981 3.265 3.9024
v 10.6019 3.265 3.9024
v 10.6019 3.1750000000000003 3.9024
usemtl fieldMat_18
f 6176 6178 6177
f 6176 6179 6178
f 6180 6181 6182
f 6180 6182 6183
f 6176 6177 6181
f 6176 6181 6180
f 6177 6178 6182
f 6177 6182 6181
f 6178 6179 6183
f 6178 6183 6182
f 6179 6176 6180
f 6179 6180 6183
o shopE::swin_r_10_frameL
v 11.339699999999999 3.182 3.8108
v 11.339699999999999 3.2520000000000002 3.8108
v 11.2765 3.2520000000000002 3.8108
v 11.2765 3.182 3.8108
v 11.339699999999999 3.182 4.6892
v 11.339699999999999 3.2520000000000002 4.6892
v 11.2765 3.2520000000000002 4.6892
v 11.2765 3.182 4.6892
usemtl fieldMat_14
f 6184 6186 6185
f 6184 6187 6186
f 6188 6189 6190
f 6188 6190 6191
f 6184 6185 6189
f 6184 6189 6188
f 6185 6186 6190
f 6185 6190 6189
f 6186 6187 6191
f 6186 6191 6190
f 6187 6184 6188
f 6187 6188 6191
o shopE::swin_r_10_frameR
v 10.7235 3.182 3.8108
v 10.7235 3.2520000000000002 3.8108
v 10.660300000000001 3.2520000000000002 3.8108
v 10.660300000000001 3.182 3.8108
v 10.7235 3.182 4.6892
v 10.7235 3.2520000000000002 4.6892
v 10.660300000000001 3.2520000000000002 4.6892
v 10.660300000000001 3.182 4.6892
usemtl fieldMat_14
f 6192 6194 6193
f 6192 6195 6194
f 6196 6197 6198
f 6196 6198 6199
f 6192 6193 6197
f 6192 6197 6196
f 6193 6194 6198
f 6193 6198 6197
f 6194 6195 6199
f 6194 6199 6198
f 6195 6192 6196
f 6195 6196 6199
o shopE::swin_r_10_mullionV
v 11.024648 3.218 3.9308
v 11.024648 3.248 3.9308
v 10.975352 3.248 3.9308
v 10.975352 3.218 3.9308
v 11.024648 3.218 4.5692
v 11.024648 3.248 4.5692
v 10.975352 3.248 4.5692
v 10.975352 3.218 4.5692
usemtl fieldMat_14
f 6200 6202 6201
f 6200 6203 6202
f 6204 6205 6206
f 6204 6206 6207
f 6200 6201 6205
f 6200 6205 6204
f 6201 6202 6206
f 6201 6206 6205
f 6202 6203 6207
f 6202 6207 6206
f 6203 6200 6204
f 6203 6204 6207
o shopE::swin_r_10_mullionH
v 11.2481 3.218 4.225352
v 11.2481 3.248 4.225352
v 10.7519 3.248 4.225352
v 10.7519 3.218 4.225352
v 11.2481 3.218 4.274648
v 11.2481 3.248 4.274648
v 10.7519 3.248 4.274648
v 10.7519 3.218 4.274648
usemtl fieldMat_14
f 6208 6210 6209
f 6208 6211 6210
f 6212 6213 6214
f 6212 6214 6215
f 6208 6209 6213
f 6208 6213 6212
f 6209 6210 6214
f 6209 6214 6213
f 6210 6211 6215
f 6210 6215 6214
f 6211 6208 6212
f 6211 6212 6215
o shopE::swin_l_11_glass
v 12.680799999999998 -3.23 3.9044
v 12.680799999999998 -3.18 3.9044
v 12.1192 -3.18 3.9044
v 12.1192 -3.23 3.9044
v 12.680799999999998 -3.23 4.5956
v 12.680799999999998 -3.18 4.5956
v 12.1192 -3.18 4.5956
v 12.1192 -3.23 4.5956
usemtl fieldMat_19
f 6216 6218 6217
f 6216 6219 6218
f 6220 6221 6222
f 6220 6222 6223
f 6216 6217 6221
f 6216 6221 6220
f 6217 6218 6222
f 6217 6222 6221
f 6218 6219 6223
f 6218 6223 6222
f 6219 6216 6220
f 6219 6220 6223
o shopE::swin_l_11_frameTop
v 12.750799999999998 -3.228 4.5668
v 12.750799999999998 -3.158 4.5668
v 12.049199999999999 -3.158 4.5668
v 12.049199999999999 -3.228 4.5668
v 12.750799999999998 -3.228 4.6244000000000005
v 12.750799999999998 -3.158 4.6244000000000005
v 12.049199999999999 -3.158 4.6244000000000005
v 12.049199999999999 -3.228 4.6244000000000005
usemtl fieldMat_14
f 6224 6226 6225
f 6224 6227 6226
f 6228 6229 6230
f 6228 6230 6231
f 6224 6225 6229
f 6224 6229 6228
f 6225 6226 6230
f 6225 6230 6229
f 6226 6227 6231
f 6226 6231 6230
f 6227 6224 6228
f 6227 6228 6231
o shopE::swin_l_11_frameBottom
v 12.770799999999998 -3.235 3.8756
v 12.770799999999998 -3.145 3.8756
v 12.0292 -3.145 3.8756
v 12.0292 -3.235 3.8756
v 12.770799999999998 -3.235 3.9332
v 12.770799999999998 -3.145 3.9332
v 12.0292 -3.145 3.9332
v 12.0292 -3.235 3.9332
usemtl fieldMat_18
f 6232 6234 6233
f 6232 6235 6234
f 6236 6237 6238
f 6236 6238 6239
f 6232 6233 6237
f 6232 6237 6236
f 6233 6234 6238
f 6233 6238 6237
f 6234 6235 6239
f 6234 6239 6238
f 6235 6232 6236
f 6235 6236 6239
o shopE::swin_l_11_frameL
v 12.7096 -3.228 3.8444000000000003
v 12.7096 -3.158 3.8444000000000003
v 12.652 -3.158 3.8444000000000003
v 12.652 -3.228 3.8444000000000003
v 12.7096 -3.228 4.6556
v 12.7096 -3.158 4.6556
v 12.652 -3.158 4.6556
v 12.652 -3.228 4.6556
usemtl fieldMat_14
f 6240 6242 6241
f 6240 6243 6242
f 6244 6245 6246
f 6244 6246 6247
f 6240 6241 6245
f 6240 6245 6244
f 6241 6242 6246
f 6241 6246 6245
f 6242 6243 6247
f 6242 6247 6246
f 6243 6240 6244
f 6243 6244 6247
o shopE::swin_l_11_frameR
v 12.148 -3.228 3.8444000000000003
v 12.148 -3.158 3.8444000000000003
v 12.090399999999999 -3.158 3.8444000000000003
v 12.090399999999999 -3.228 3.8444000000000003
v 12.148 -3.228 4.6556
v 12.148 -3.158 4.6556
v 12.090399999999999 -3.158 4.6556
v 12.090399999999999 -3.228 4.6556
usemtl fieldMat_14
f 6248 6250 6249
f 6248 6251 6250
f 6252 6253 6254
f 6252 6254 6255
f 6248 6249 6253
f 6248 6253 6252
f 6249 6250 6254
f 6249 6254 6253
f 6250 6251 6255
f 6250 6255 6254
f 6251 6248 6252
f 6251 6252 6255
o shopE::swin_l_11_mullionV
v 12.422463999999998 -3.192 3.9644
v 12.422463999999998 -3.162 3.9644
v 12.377536 -3.162 3.9644
v 12.377536 -3.192 3.9644
v 12.422463999999998 -3.192 4.5356
v 12.422463999999998 -3.162 4.5356
v 12.377536 -3.162 4.5356
v 12.377536 -3.192 4.5356
usemtl fieldMat_14
f 6256 6258 6257
f 6256 6259 6258
f 6260 6261 6262
f 6260 6262 6263
f 6256 6257 6261
f 6256 6261 6260
f 6257 6258 6262
f 6257 6262 6261
f 6258 6259 6263
f 6258 6263 6262
f 6259 6256 6260
f 6259 6260 6263
o shopE::swin_l_11_mullionH
v 12.6208 -3.192 4.227536
v 12.6208 -3.162 4.227536
v 12.179199999999998 -3.162 4.227536
v 12.179199999999998 -3.192 4.227536
v 12.6208 -3.192 4.272464
v 12.6208 -3.162 4.272464
v 12.179199999999998 -3.162 4.272464
v 12.179199999999998 -3.192 4.272464
usemtl fieldMat_14
f 6264 6266 6265
f 6264 6267 6266
f 6268 6269 6270
f 6268 6270 6271
f 6264 6265 6269
f 6264 6269 6268
f 6265 6266 6270
f 6265 6270 6269
f 6266 6267 6271
f 6266 6271 6270
f 6267 6264 6268
f 6267 6268 6271
o shopE::swin_l_12_glass
v 10.580799999999998 -3.23 3.9044
v 10.580799999999998 -3.18 3.9044
v 10.0192 -3.18 3.9044
v 10.0192 -3.23 3.9044
v 10.580799999999998 -3.23 4.5956
v 10.580799999999998 -3.18 4.5956
v 10.0192 -3.18 4.5956
v 10.0192 -3.23 4.5956
usemtl fieldMat_19
f 6272 6274 6273
f 6272 6275 6274
f 6276 6277 6278
f 6276 6278 6279
f 6272 6273 6277
f 6272 6277 6276
f 6273 6274 6278
f 6273 6278 6277
f 6274 6275 6279
f 6274 6279 6278
f 6275 6272 6276
f 6275 6276 6279
o shopE::swin_l_12_frameTop
v 10.650799999999998 -3.228 4.5668
v 10.650799999999998 -3.158 4.5668
v 9.9492 -3.158 4.5668
v 9.9492 -3.228 4.5668
v 10.650799999999998 -3.228 4.6244000000000005
v 10.650799999999998 -3.158 4.6244000000000005
v 9.9492 -3.158 4.6244000000000005
v 9.9492 -3.228 4.6244000000000005
usemtl fieldMat_14
f 6280 6282 6281
f 6280 6283 6282
f 6284 6285 6286
f 6284 6286 6287
f 6280 6281 6285
f 6280 6285 6284
f 6281 6282 6286
f 6281 6286 6285
f 6282 6283 6287
f 6282 6287 6286
f 6283 6280 6284
f 6283 6284 6287
o shopE::swin_l_12_frameBottom
v 10.6708 -3.235 3.8756
v 10.6708 -3.145 3.8756
v 9.929199999999998 -3.145 3.8756
v 9.929199999999998 -3.235 3.8756
v 10.6708 -3.235 3.9332
v 10.6708 -3.145 3.9332
v 9.929199999999998 -3.145 3.9332
v 9.929199999999998 -3.235 3.9332
usemtl fieldMat_18
f 6288 6290 6289
f 6288 6291 6290
f 6292 6293 6294
f 6292 6294 6295
f 6288 6289 6293
f 6288 6293 6292
f 6289 6290 6294
f 6289 6294 6293
f 6290 6291 6295
f 6290 6295 6294
f 6291 6288 6292
f 6291 6292 6295
o shopE::swin_l_12_frameL
v 10.6096 -3.228 3.8444000000000003
v 10.6096 -3.158 3.8444000000000003
v 10.552 -3.158 3.8444000000000003
v 10.552 -3.228 3.8444000000000003
v 10.6096 -3.228 4.6556
v 10.6096 -3.158 4.6556
v 10.552 -3.158 4.6556
v 10.552 -3.228 4.6556
usemtl fieldMat_14
f 6296 6298 6297
f 6296 6299 6298
f 6300 6301 6302
f 6300 6302 6303
f 6296 6297 6301
f 6296 6301 6300
f 6297 6298 6302
f 6297 6302 6301
f 6298 6299 6303
f 6298 6303 6302
f 6299 6296 6300
f 6299 6300 6303
o shopE::swin_l_12_frameR
v 10.048 -3.228 3.8444000000000003
v 10.048 -3.158 3.8444000000000003
v 9.9904 -3.158 3.8444000000000003
v 9.9904 -3.228 3.8444000000000003
v 10.048 -3.228 4.6556
v 10.048 -3.158 4.6556
v 9.9904 -3.158 4.6556
v 9.9904 -3.228 4.6556
usemtl fieldMat_14
f 6304 6306 6305
f 6304 6307 6306
f 6308 6309 6310
f 6308 6310 6311
f 6304 6305 6309
f 6304 6309 6308
f 6305 6306 6310
f 6305 6310 6309
f 6306 6307 6311
f 6306 6311 6310
f 6307 6304 6308
f 6307 6308 6311
o shopE::swin_l_12_mullionV
v 10.322463999999998 -3.192 3.9644
v 10.322463999999998 -3.162 3.9644
v 10.277536 -3.162 3.9644
v 10.277536 -3.192 3.9644
v 10.322463999999998 -3.192 4.5356
v 10.322463999999998 -3.162 4.5356
v 10.277536 -3.162 4.5356
v 10.277536 -3.192 4.5356
usemtl fieldMat_14
f 6312 6314 6313
f 6312 6315 6314
f 6316 6317 6318
f 6316 6318 6319
f 6312 6313 6317
f 6312 6317 6316
f 6313 6314 6318
f 6313 6318 6317
f 6314 6315 6319
f 6314 6319 6318
f 6315 6312 6316
f 6315 6316 6319
o shopE::swin_l_12_mullionH
v 10.5208 -3.192 4.227536
v 10.5208 -3.162 4.227536
v 10.079199999999998 -3.162 4.227536
v 10.079199999999998 -3.192 4.227536
v 10.5208 -3.192 4.272464
v 10.5208 -3.162 4.272464
v 10.079199999999998 -3.162 4.272464
v 10.079199999999998 -3.192 4.272464
usemtl fieldMat_14
f 6320 6322 6321
f 6320 6323 6322
f 6324 6325 6326
f 6324 6326 6327
f 6320 6321 6325
f 6320 6325 6324
f 6321 6322 6326
f 6321 6326 6325
f 6322 6323 6327
f 6322 6327 6326
f 6323 6320 6324
f 6323 6324 6327
o shopE::chimney
v 10.831999999999999 1.1159999999999999 5.380000000000001
v 10.831999999999999 1.656 5.380000000000001
v 10.252 1.656 5.380000000000001
v 10.252 1.1159999999999999 5.380000000000001
v 10.831999999999999 1.1159999999999999 7.100000000000001
v 10.831999999999999 1.656 7.100000000000001
v 10.252 1.656 7.100000000000001
v 10.252 1.1159999999999999 7.100000000000001
usemtl fieldMat_17
f 6328 6330 6329
f 6328 6331 6330
f 6332 6333 6334
f 6332 6334 6335
f 6328 6329 6333
f 6328 6333 6332
f 6329 6330 6334
f 6329 6334 6333
f 6330 6331 6335
f 6330 6335 6334
f 6331 6328 6332
f 6331 6332 6335
o shopE::chimneyCap
v 10.911999999999999 1.036 7.025000000000001
v 10.911999999999999 1.7359999999999998 7.025000000000001
v 10.172 1.7359999999999998 7.025000000000001
v 10.172 1.036 7.025000000000001
v 10.911999999999999 1.036 7.175000000000002
v 10.911999999999999 1.7359999999999998 7.175000000000002
v 10.172 1.7359999999999998 7.175000000000002
v 10.172 1.036 7.175000000000002
usemtl fieldMat_18
f 6336 6338 6337
f 6336 6339 6338
f 6340 6341 6342
f 6340 6342 6343
f 6336 6337 6341
f 6336 6341 6340
f 6337 6338 6342
f 6337 6342 6341
f 6338 6339 6343
f 6338 6343 6342
f 6339 6336 6340
f 6339 6340 6343
o shopE::porchDeck
v 14.704999999999998 -1.095916399131529 0.28
v 14.704999999999998 1.4540836008684708 0.28
v 13.555 1.4540836008684708 0.28
v 13.555 -1.095916399131529 0.28
v 14.704999999999998 -1.095916399131529 0.44000000000000006
v 14.704999999999998 1.4540836008684708 0.44000000000000006
v 13.555 1.4540836008684708 0.44000000000000006
v 13.555 -1.095916399131529 0.44000000000000006
usemtl fieldMat_18
f 6344 6346 6345
f 6344 6347 6346
f 6348 6349 6350
f 6348 6350 6351
f 6344 6345 6349
f 6344 6349 6348
f 6345 6346 6350
f 6345 6350 6349
f 6346 6347 6351
f 6346 6351 6350
f 6347 6344 6348
f 6347 6348 6351
o shopE::step1
v 14.959999999999999 -0.7109163991315293 0
v 14.96 1.0690836008684708 0
v 14.540000000000001 1.0690836008684708 0
v 14.54 -0.7109163991315293 0
v 14.959999999999999 -0.7109163991315293 0.1
v 14.96 1.0690836008684708 0.1
v 14.540000000000001 1.0690836008684708 0.1
v 14.54 -0.7109163991315293 0.1
usemtl fieldMat_18
f 6352 6354 6353
f 6352 6355 6354
f 6356 6357 6358
f 6356 6358 6359
f 6352 6353 6357
f 6352 6357 6356
f 6353 6354 6358
f 6353 6358 6357
f 6354 6355 6359
f 6354 6359 6358
f 6355 6352 6356
f 6355 6356 6359
o shopE::step2
v 15.15 -0.44591639913152925 0
v 15.15 0.8040836008684707 0
v 14.87 0.8040836008684707 0
v 14.87 -0.44591639913152925 0
v 15.15 -0.44591639913152925 0.08
v 15.15 0.8040836008684707 0.08
v 14.87 0.8040836008684707 0.08
v 14.87 -0.44591639913152925 0.08
usemtl fieldMat_18
f 6360 6362 6361
f 6360 6363 6362
f 6364 6365 6366
f 6364 6366 6367
f 6360 6361 6365
f 6360 6365 6364
f 6361 6362 6366
f 6361 6366 6365
f 6362 6363 6367
f 6362 6367 6366
f 6363 6360 6364
f 6363 6364 6367
o shopE::porchPost_-0.74
v 14.37 -0.8009163991315293 0.37
v 14.37 -0.6809163991315293 0.37
v 14.249999999999998 -0.6809163991315292 0.37
v 14.249999999999998 -0.8009163991315292 0.37
v 14.37 -0.8009163991315293 2.19
v 14.37 -0.6809163991315293 2.19
v 14.249999999999998 -0.6809163991315292 2.19
v 14.249999999999998 -0.8009163991315292 2.19
usemtl fieldMat_13
f 6368 6370 6369
f 6368 6371 6370
f 6372 6373 6374
f 6372 6374 6375
f 6368 6369 6373
f 6368 6373 6372
f 6369 6370 6374
f 6369 6374 6373
f 6370 6371 6375
f 6370 6375 6374
f 6371 6368 6372
f 6371 6372 6375
o shopE::porchPost_1.10
v 14.37 1.0390836008684707 0.37
v 14.37 1.1590836008684708 0.37
v 14.249999999999998 1.1590836008684708 0.37
v 14.249999999999998 1.0390836008684707 0.37
v 14.37 1.0390836008684707 2.19
v 14.37 1.1590836008684708 2.19
v 14.249999999999998 1.1590836008684708 2.19
v 14.249999999999998 1.0390836008684707 2.19
usemtl fieldMat_13
f 6376 6378 6377
f 6376 6379 6378
f 6380 6381 6382
f 6380 6382 6383
f 6376 6377 6381
f 6376 6381 6380
f 6377 6378 6382
f 6377 6382 6381
f 6378 6379 6383
f 6378 6383 6382
f 6379 6376 6380
f 6379 6380 6383
o shopE::porchRail
v 14.36 -0.9509163991315291 1.95
v 14.36 1.3090836008684708 1.95
v 14.3 1.3090836008684708 1.95
v 14.3 -0.9509163991315291 1.95
v 14.36 -0.9509163991315291 2.05
v 14.36 1.3090836008684708 2.05
v 14.3 1.3090836008684708 2.05
v 14.3 -0.9509163991315291 2.05
usemtl fieldMat_13
f 6384 6386 6385
f 6384 6387 6386
f 6388 6389 6390
f 6388 6390 6391
f 6384 6385 6389
f 6384 6389 6388
f 6385 6386 6390
f 6385 6390 6389
f 6386 6387 6391
f 6386 6391 6390
f 6387 6384 6388
f 6387 6388 6391
o shopE::porchRoof
v 14.895 -1.1209163991315292 2.5599999999999996
v 14.895 1.479083600868471 2.5599999999999996
v 13.445 -1.1209163991315292 2.5599999999999996
v 13.445 1.479083600868471 2.5599999999999996
v 14.17 -1.1209163991315292 2.9785789451624782
v 14.17 1.479083600868471 2.9785789451624782
usemtl fieldMat_16
f 6392 6393 6397
f 6392 6397 6396
f 6394 6396 6397
f 6394 6397 6395
f 6392 6396 6394
f 6393 6395 6397
o shopE::extension
v 12.20507659530267 -5.23910330790095 0.28000000000000014
v 12.20507659530267 -2.8608966920990495 0.28000000000000014
v 9.50507659530267 -2.8608966920990495 0.28000000000000014
v 9.50507659530267 -5.23910330790095 0.28000000000000014
v 12.20507659530267 -5.23910330790095 2
v 12.20507659530267 -2.8608966920990495 2
v 9.50507659530267 -2.8608966920990495 2
v 9.50507659530267 -5.23910330790095 2
usemtl fieldMat_11
f 6398 6400 6399
f 6398 6401 6400
f 6402 6403 6404
f 6402 6404 6405
f 6398 6399 6403
f 6398 6403 6402
f 6399 6400 6404
f 6399 6404 6403
f 6400 6401 6405
f 6400 6405 6404
f 6401 6398 6402
f 6401 6402 6405
o shopE::extensionTrim
v 12.275076595302671 -5.26910330790095 1.69
v 12.275076595302671 -2.8308966920990493 1.69
v 12.17507659530267 -2.8308966920990493 1.69
v 12.17507659530267 -5.26910330790095 1.69
v 12.275076595302671 -5.26910330790095 1.83
v 12.275076595302671 -2.8308966920990493 1.83
v 12.17507659530267 -2.8308966920990493 1.83
v 12.17507659530267 -5.26910330790095 1.83
usemtl fieldMat_13
f 6406 6408 6407
f 6406 6409 6408
f 6410 6411 6412
f 6410 6412 6413
f 6406 6407 6411
f 6406 6411 6410
f 6407 6408 6412
f 6407 6412 6411
f 6408 6409 6413
f 6408 6413 6412
f 6409 6406 6410
f 6409 6410 6413
o shopE::extensionRoof
v 12.34507659530267 -5.37910330790095 1.97
v 12.34507659530267 -2.7208966920990494 1.97
v 9.36507659530267 -5.37910330790095 1.97
v 9.36507659530267 -2.7208966920990494 1.97
v 10.85507659530267 -5.37910330790095 2.937617313864291
v 10.85507659530267 -2.7208966920990494 2.937617313864291
usemtl fieldMat_16
f 6414 6415 6419
f 6414 6419 6418
f 6416 6418 6419
f 6416 6419 6417
f 6414 6418 6416
f 6415 6417 6419
o shopE::extensionPlanter_box
v 12.77507659530267 -4.06 0
v 12.77507659530267 -3.54 0
v 12.43507659530267 -3.54 0
v 12.43507659530267 -4.06 0
v 12.77507659530267 -4.06 0.22
v 12.77507659530267 -3.54 0.22
v 12.43507659530267 -3.54 0.22
v 12.43507659530267 -4.06 0.22
usemtl fieldMat_13
f 6420 6422 6421
f 6420 6423 6422
f 6424 6425 6426
f 6424 6426 6427
f 6420 6421 6425
f 6420 6425 6424
f 6421 6422 6426
f 6421 6426 6425
f 6422 6423 6427
f 6422 6427 6426
f 6423 6420 6424
f 6423 6424 6427
o shopE::extensionPlanter_plant
v 12.73507659530267 -4.01 0.18
v 12.73507659530267 -3.59 0.18
v 12.475076595302669 -3.59 0.18
v 12.475076595302669 -4.01 0.18
v 12.73507659530267 -4.01 0.42
v 12.73507659530267 -3.59 0.42
v 12.475076595302669 -3.59 0.42
v 12.475076595302669 -4.01 0.42
usemtl fieldMat_21
f 6428 6430 6429
f 6428 6431 6430
f 6432 6433 6434
f 6432 6434 6435
f 6428 6429 6433
f 6428 6433 6432
f 6429 6430 6434
f 6429 6434 6433
f 6430 6431 6435
f 6430 6435 6434
f 6431 6428 6432
f 6431 6432 6435
o shopE::signArm
v 13.689999999999998 -3.9549999999999996 2.12
v 13.689999999999998 -3.105 2.12
v 13.61 -3.105 2.12
v 13.61 -3.9549999999999996 2.12
v 13.689999999999998 -3.9549999999999996 2.2
v 13.689999999999998 -3.105 2.2
v 13.61 -3.105 2.2
v 13.61 -3.9549999999999996 2.2
usemtl fieldMat_13
f 6436 6438 6437
f 6436 6439 6438
f 6440 6441 6442
f 6440 6442 6443
f 6436 6437 6441
f 6436 6441 6440
f 6437 6438 6442
f 6437 6442 6441
f 6438 6439 6443
f 6438 6443 6442
f 6439 6436 6440
f 6439 6440 6443
o shopE::sign
v 13.719999999999999 -4.319999999999999 1.5
v 13.719999999999999 -3.5399999999999996 1.5
v 13.619999999999997 -3.5399999999999996 1.5
v 13.619999999999997 -4.319999999999999 1.5
v 13.719999999999999 -4.319999999999999 2.1
v 13.719999999999999 -3.5399999999999996 2.1
v 13.619999999999997 -3.5399999999999996 2.1
v 13.619999999999997 -4.319999999999999 2.1
usemtl fieldMat_14
f 6444 6446 6445
f 6444 6447 6446
f 6448 6449 6450
f 6448 6450 6451
f 6444 6445 6449
f 6444 6449 6448
f 6445 6446 6450
f 6445 6450 6449
f 6446 6447 6451
f 6446 6451 6450
f 6447 6444 6448
f 6447 6448 6451
o shopE::barrel_0_body
v 12.752511301606427 3.7133932656049726 0.01999999999999999
v 12.752511301606427 4.0533932656049725 0.01999999999999999
v 12.412511301606427 4.0533932656049725 0.01999999999999999
v 12.412511301606427 3.7133932656049726 0.01999999999999999
v 12.752511301606427 3.7133932656049726 0.45999999999999996
v 12.752511301606427 4.0533932656049725 0.45999999999999996
v 12.412511301606427 4.0533932656049725 0.45999999999999996
v 12.412511301606427 3.7133932656049726 0.45999999999999996
usemtl fieldMat_13
f 6452 6454 6453
f 6452 6455 6454
f 6456 6457 6458
f 6456 6458 6459
f 6452 6453 6457
f 6452 6457 6456
f 6453 6454 6458
f 6453 6458 6457
f 6454 6455 6459
f 6454 6459 6458
f 6455 6452 6456
f 6455 6456 6459
o shopE::barrel_0_bandTop
v 12.762511301606427 3.7033932656049724 0.38
v 12.762511301606427 4.063393265604972 0.38
v 12.402511301606427 4.063393265604972 0.38
v 12.402511301606427 3.7033932656049724 0.38
v 12.762511301606427 3.7033932656049724 0.42000000000000004
v 12.762511301606427 4.063393265604972 0.42000000000000004
v 12.402511301606427 4.063393265604972 0.42000000000000004
v 12.402511301606427 3.7033932656049724 0.42000000000000004
usemtl fieldMat_23
f 6460 6462 6461
f 6460 6463 6462
f 6464 6465 6466
f 6464 6466 6467
f 6460 6461 6465
f 6460 6465 6464
f 6461 6462 6466
f 6461 6466 6465
f 6462 6463 6467
f 6462 6467 6466
f 6463 6460 6464
f 6463 6464 6467
o shopE::barrel_0_bandMid
v 12.762511301606427 3.7033932656049724 0.22
v 12.762511301606427 4.063393265604972 0.22
v 12.402511301606427 4.063393265604972 0.22
v 12.402511301606427 3.7033932656049724 0.22
v 12.762511301606427 3.7033932656049724 0.26
v 12.762511301606427 4.063393265604972 0.26
v 12.402511301606427 4.063393265604972 0.26
v 12.402511301606427 3.7033932656049724 0.26
usemtl fieldMat_23
f 6468 6470 6469
f 6468 6471 6470
f 6472 6473 6474
f 6472 6474 6475
f 6468 6469 6473
f 6468 6473 6472
f 6469 6470 6474
f 6469 6474 6473
f 6470 6471 6475
f 6470 6475 6474
f 6471 6468 6472
f 6471 6472 6475
o shopE::barrel_0_bandBot
v 12.762511301606427 3.7033932656049724 0.06
v 12.762511301606427 4.063393265604972 0.06
v 12.402511301606427 4.063393265604972 0.06
v 12.402511301606427 3.7033932656049724 0.06
v 12.762511301606427 3.7033932656049724 0.1
v 12.762511301606427 4.063393265604972 0.1
v 12.402511301606427 4.063393265604972 0.1
v 12.402511301606427 3.7033932656049724 0.1
usemtl fieldMat_23
f 6476 6478 6477
f 6476 6479 6478
f 6480 6481 6482
f 6480 6482 6483
f 6476 6477 6481
f 6476 6481 6480
f 6477 6478 6482
f 6477 6482 6481
f 6478 6479 6483
f 6478 6483 6482
f 6479 6476 6480
f 6479 6480 6483
o shopE::crate_1
v 12.940671852631494 3.543187591225524 0.03189494096836348
v 12.940671852631494 3.9340047300404466 -0.027419483208413364
v 12.545379256056622 3.9340047300404466 -0.027419483208413364
v 12.545379256056622 3.543187591225524 0.03189494096836348
v 12.940671852631494 3.602502015402301 0.42271207978328607
v 12.940671852631494 3.9933191542172235 0.3633976556065092
v 12.545379256056622 3.9933191542172235 0.3633976556065092
v 12.545379256056622 3.602502015402301 0.42271207978328607
usemtl fieldMat_13
f 6484 6486 6485
f 6484 6487 6486
f 6488 6489 6490
f 6488 6490 6491
f 6484 6485 6489
f 6484 6489 6488
f 6485 6486 6490
f 6485 6490 6489
f 6486 6487 6491
f 6486 6491 6490
f 6487 6484 6488
f 6487 6488 6491
o shopE::shopCornice
v 13.69 -2.268 2.51
v 13.69 2.268 2.51
v 13.589999999999998 2.268 2.51
v 13.589999999999998 -2.268 2.51
v 13.69 -2.268 2.6899999999999995
v 13.69 2.268 2.6899999999999995
v 13.589999999999998 2.268 2.6899999999999995
v 13.589999999999998 -2.268 2.6899999999999995
usemtl fieldMat_14
f 6492 6494 6493
f 6492 6495 6494
f 6496 6497 6498
f 6496 6498 6499
f 6492 6493 6497
f 6492 6497 6496
f 6493 6494 6498
f 6493 6498 6497
f 6494 6495 6499
f 6494 6499 6498
f 6495 6492 6496
f 6495 6496 6499
o shopE::storeGlass_-1.764
v 13.639999999999999 -2.4570000000000003 0.89
v 13.639999999999999 -1.0710000000000002 0.89
v 13.6 -1.0710000000000002 0.89
v 13.6 -2.4570000000000003 0.89
v 13.639999999999999 -2.4570000000000003 2.17
v 13.639999999999999 -1.0710000000000002 2.17
v 13.6 -1.0710000000000002 2.17
v 13.6 -2.4570000000000003 2.17
usemtl fieldMat_19
f 6500 6502 6501
f 6500 6503 6502
f 6504 6505 6506
f 6504 6506 6507
f 6500 6501 6505
f 6500 6505 6504
f 6501 6502 6506
f 6501 6506 6505
f 6502 6503 6507
f 6502 6507 6506
f 6503 6500 6504
f 6503 6504 6507
o shopE::storeSill_-1.764
v 13.684999999999999 -2.5200000000000005 0.78
v 13.684999999999999 -1.0080000000000002 0.78
v 13.594999999999999 -1.0080000000000002 0.78
v 13.594999999999999 -2.5200000000000005 0.78
v 13.684999999999999 -2.5200000000000005 0.8800000000000001
v 13.684999999999999 -1.0080000000000002 0.8800000000000001
v 13.594999999999999 -1.0080000000000002 0.8800000000000001
v 13.594999999999999 -2.5200000000000005 0.8800000000000001
usemtl fieldMat_18
f 6508 6510 6509
f 6508 6511 6510
f 6512 6513 6514
f 6512 6514 6515
f 6508 6509 6513
f 6508 6513 6512
f 6509 6510 6514
f 6509 6514 6513
f 6510 6511 6515
f 6510 6515 6514
f 6511 6508 6512
f 6511 6512 6515
o shopE::storeGlass_1.764
v 13.639999999999999 1.0709999999999997 0.89
v 13.639999999999999 2.457 0.89
v 13.6 2.457 0.89
v 13.6 1.0709999999999997 0.89
v 13.639999999999999 1.0709999999999997 2.17
v 13.639999999999999 2.457 2.17
v 13.6 2.457 2.17
v 13.6 1.0709999999999997 2.17
usemtl fieldMat_19
f 6516 6518 6517
f 6516 6519 6518
f 6520 6521 6522
f 6520 6522 6523
f 6516 6517 6521
f 6516 6521 6520
f 6517 6518 6522
f 6517 6522 6521
f 6518 6519 6523
f 6518 6523 6522
f 6519 6516 6520
f 6519 6520 6523
o shopE::storeSill_1.764
v 13.684999999999999 1.0079999999999998 0.78
v 13.684999999999999 2.5199999999999996 0.78
v 13.594999999999999 2.5199999999999996 0.78
v 13.594999999999999 1.0079999999999998 0.78
v 13.684999999999999 1.0079999999999998 0.8800000000000001
v 13.684999999999999 2.5199999999999996 0.8800000000000001
v 13.594999999999999 2.5199999999999996 0.8800000000000001
v 13.594999999999999 1.0079999999999998 0.8800000000000001
usemtl fieldMat_18
f 6524 6526 6525
f 6524 6527 6526
f 6528 6529 6530
f 6528 6530 6531
f 6524 6525 6529
f 6524 6529 6528
f 6525 6526 6530
f 6525 6530 6529
f 6526 6527 6531
f 6526 6531 6530
f 6527 6524 6528
f 6527 6528 6531
o shopE::storeAwning
v 14.625 -1.9000000000000001 2.3600000000000003
v 14.625 1.8999999999999997 2.3600000000000003
v 13.575 -1.9000000000000001 2.72
v 13.575 1.8999999999999997 2.72
usemtl fieldMat_16
f 6532 6533 6535
f 6532 6535 6534
o shopE::awningPost_-1.80
v 14.485 -1.845 0.7050000000000003
v 14.485 -1.7550000000000001 0.7050000000000003
v 14.395 -1.7550000000000001 0.7050000000000003
v 14.395 -1.845 0.7050000000000003
v 14.485 -1.845 2.3550000000000004
v 14.485 -1.7550000000000001 2.3550000000000004
v 14.395 -1.7550000000000001 2.3550000000000004
v 14.395 -1.845 2.3550000000000004
usemtl fieldMat_13
f 6536 6538 6537
f 6536 6539 6538
f 6540 6541 6542
f 6540 6542 6543
f 6536 6537 6541
f 6536 6541 6540
f 6537 6538 6542
f 6537 6542 6541
f 6538 6539 6543
f 6538 6543 6542
f 6539 6536 6540
f 6539 6540 6543
o shopE::awningPost_1.80
v 14.485 1.7549999999999997 0.7050000000000003
v 14.485 1.8449999999999995 0.7050000000000003
v 14.395 1.8449999999999995 0.7050000000000003
v 14.395 1.7549999999999997 0.7050000000000003
v 14.485 1.7549999999999997 2.3550000000000004
v 14.485 1.8449999999999995 2.3550000000000004
v 14.395 1.8449999999999995 2.3550000000000004
v 14.395 1.7549999999999997 2.3550000000000004
usemtl fieldMat_13
f 6544 6546 6545
f 6544 6547 6546
f 6548 6549 6550
f 6548 6550 6551
f 6544 6545 6549
f 6544 6549 6548
f 6545 6546 6550
f 6545 6550 6549
f 6546 6547 6551
f 6546 6551 6550
f 6547 6544 6548
f 6547 6548 6551
o well::stone_0
v 0.74 -0.19 0.009999999999999981
v 1.36 -0.19 0.009999999999999981
v 1.36 0.19 0.009999999999999981
v 0.74 0.19 0.009999999999999981
v 0.74 -0.19 0.35
v 1.36 -0.19 0.35
v 1.36 0.19 0.35
v 0.74 0.19 0.35
usemtl fieldMat_43
f 6552 6554 6553
f 6552 6555 6554
f 6556 6557 6558
f 6556 6558 6559
f 6552 6553 6557
f 6552 6557 6556
f 6553 6554 6558
f 6553 6558 6557
f 6554 6555 6559
f 6554 6559 6558
f 6555 6552 6556
f 6555 6556 6559
o well::stone_1
v 0.7103517737730312 0.2812478577651902 0.009999999999999981
v 1.2119423102854985 0.6456747141865236 0.009999999999999981
v 0.9885839144143587 0.9531011720490035 0.009999999999999981
v 0.4869933779018913 0.5886743156276701 0.009999999999999981
v 0.7103517737730312 0.2812478577651902 0.35
v 1.2119423102854985 0.6456747141865236 0.35
v 0.9885839144143587 0.9531011720490035 0.35
v 0.4869933779018913 0.5886743156276701 0.35
usemtl fieldMat_43
f 6560 6562 6561
f 6560 6563 6562
f 6564 6565 6566
f 6564 6566 6567
f 6560 6561 6565
f 6560 6565 6564
f 6561 6562 6566
f 6561 6566 6565
f 6562 6563 6567
f 6562 6567 6566
f 6563 6560 6564
f 6563 6564 6567
o well::stone_2
v 0.4093733139335403 0.6450685931271736 0.009999999999999981
v 0.6009638504460078 1.2347236332301688 0.009999999999999981
v 0.23956237425384935 1.352150091092649 0.009999999999999981
v 0.04797183774138197 0.7624950509896536 0.009999999999999981
v 0.4093733139335403 0.6450685931271736 0.35
v 0.6009638504460078 1.2347236332301688 0.35
v 0.23956237425384935 1.352150091092649 0.35
v 0.04797183774138197 0.7624950509896536 0.35
usemtl fieldMat_43
f 6568 6570 6569
f 6568 6571 6570
f 6572 6573 6574
f 6572 6574 6575
f 6568 6569 6573
f 6568 6573 6572
f 6569 6570 6574
f 6569 6574 6573
f 6570 6571 6575
f 6570 6575 6574
f 6571 6568 6572
f 6571 6572 6575
o well::stone_3
v -0.04797183774138186 0.7624950509896538 0.009999999999999981
v -0.2395623742538492 1.352150091092649 0.009999999999999981
v -0.6009638504460075 1.234723633230169 0.009999999999999981
v -0.40937331393354026 0.6450685931271738 0.009999999999999981
v -0.04797183774138186 0.7624950509896538 0.35
v -0.2395623742538492 1.352150091092649 0.35
v -0.6009638504460075 1.234723633230169 0.35
v -0.40937331393354026 0.6450685931271738 0.35
usemtl fieldMat_43
f 6576 6578 6577
f 6576 6579 6578
f 6580 6581 6582
f 6580 6582 6583
f 6576 6577 6581
f 6576 6581 6580
f 6577 6578 6582
f 6577 6582 6581
f 6578 6579 6583
f 6578 6583 6582
f 6579 6576 6580
f 6579 6580 6583
o well::stone_4
v -0.4869933779018911 0.5886743156276703 0.009999999999999981
v -0.9885839144143584 0.9531011720490037 0.009999999999999981
v -1.2119423102854983 0.6456747141865237 0.009999999999999981
v -0.7103517737730309 0.28124785776519023 0.009999999999999981
v -0.4869933779018911 0.5886743156276703 0.35
v -0.9885839144143584 0.9531011720490037 0.35
v -1.2119423102854983 0.6456747141865237 0.35
v -0.7103517737730309 0.28124785776519023 0.35
usemtl fieldMat_43
f 6584 6586 6585
f 6584 6587 6586
f 6588 6589 6590
f 6588 6590 6591
f 6584 6585 6589
f 6584 6589 6588
f 6585 6586 6590
f 6585 6590 6589
f 6586 6587 6591
f 6586 6591 6590
f 6587 6584 6588
f 6587 6588 6591
o well::stone_5
v -0.74 0.1900000000000001 0.009999999999999981
v -1.36 0.19000000000000017 0.009999999999999981
v -1.36 -0.18999999999999984 0.009999999999999981
v -0.74 -0.1899999999999999 0.009999999999999981
v -0.74 0.1900000000000001 0.35
v -1.36 0.19000000000000017 0.35
v -1.36 -0.18999999999999984 0.35
v -0.74 -0.1899999999999999 0.35
usemtl fieldMat_43
f 6592 6594 6593
f 6592 6595 6594
f 6596 6597 6598
f 6596 6598 6599
f 6592 6593 6597
f 6592 6597 6596
f 6593 6594 6598
f 6593 6598 6597
f 6594 6595 6599
f 6594 6599 6598
f 6595 6592 6596
f 6595 6596 6599
o well::stone_6
v -0.710351773773031 -0.2812478577651901 0.009999999999999981
v -1.2119423102854985 -0.6456747141865233 0.009999999999999981
v -0.9885839144143588 -0.9531011720490034 0.009999999999999981
v -0.48699337790189134 -0.5886743156276701 0.009999999999999981
v -0.710351773773031 -0.2812478577651901 0.35
v -1.2119423102854985 -0.6456747141865233 0.35
v -0.9885839144143588 -0.9531011720490034 0.35
v -0.48699337790189134 -0.5886743156276701 0.35
usemtl fieldMat_43
f 6600 6602 6601
f 6600 6603 6602
f 6604 6605 6606
f 6604 6606 6607
f 6600 6601 6605
f 6600 6605 6604
f 6601 6602 6606
f 6601 6606 6605
f 6602 6603 6607
f 6602 6607 6606
f 6603 6600 6604
f 6603 6604 6607
o well::stone_7
v -0.4093733139335404 -0.6450685931271736 0.009999999999999981
v -0.6009638504460079 -1.2347236332301688 0.009999999999999981
v -0.23956237425384952 -1.352150091092649 0.009999999999999981
v -0.04797183774138203 -0.7624950509896538 0.009999999999999981
v -0.4093733139335404 -0.6450685931271736 0.35
v -0.6009638504460079 -1.2347236332301688 0.35
v -0.23956237425384952 -1.352150091092649 0.35
v -0.04797183774138203 -0.7624950509896538 0.35
usemtl fieldMat_43
f 6608 6610 6609
f 6608 6611 6610
f 6612 6613 6614
f 6612 6614 6615
f 6608 6609 6613
f 6608 6613 6612
f 6609 6610 6614
f 6609 6614 6613
f 6610 6611 6615
f 6610 6615 6614
f 6611 6608 6612
f 6611 6612 6615
o well::stone_8
v 0.04797183774138175 -0.7624950509896538 0.009999999999999981
v 0.23956237425384905 -1.352150091092649 0.009999999999999981
v 0.6009638504460075 -1.234723633230169 0.009999999999999981
v 0.40937331393354015 -0.6450685931271738 0.009999999999999981
v 0.04797183774138175 -0.7624950509896538 0.35
v 0.23956237425384905 -1.352150091092649 0.35
v 0.6009638504460075 -1.234723633230169 0.35
v 0.40937331393354015 -0.6450685931271738 0.35
usemtl fieldMat_43
f 6616 6618 6617
f 6616 6619 6618
f 6620 6621 6622
f 6620 6622 6623
f 6616 6617 6621
f 6616 6621 6620
f 6617 6618 6622
f 6617 6622 6621
f 6618 6619 6623
f 6618 6623 6622
f 6619 6616 6620
f 6619 6620 6623
o well::stone_9
v 0.4869933779018911 -0.5886743156276704 0.009999999999999981
v 0.9885839144143584 -0.9531011720490038 0.009999999999999981
v 1.2119423102854983 -0.6456747141865238 0.009999999999999981
v 0.7103517737730309 -0.28124785776519035 0.009999999999999981
v 0.4869933779018911 -0.5886743156276704 0.35
v 0.9885839144143584 -0.9531011720490038 0.35
v 1.2119423102854983 -0.6456747141865238 0.35
v 0.7103517737730309 -0.28124785776519035 0.35
usemtl fieldMat_43
f 6624 6626 6625
f 6624 6627 6626
f 6628 6629 6630
f 6628 6630 6631
f 6624 6625 6629
f 6624 6629 6628
f 6625 6626 6630
f 6625 6630 6629
f 6626 6627 6631
f 6626 6631 6630
f 6627 6624 6628
f 6627 6628 6631
o well::stone_0
v 0.74 -0.19 0.30999999999999994
v 1.36 -0.19 0.30999999999999994
v 1.36 0.19 0.30999999999999994
v 0.74 0.19 0.30999999999999994
v 0.74 -0.19 0.65
v 1.36 -0.19 0.65
v 1.36 0.19 0.65
v 0.74 0.19 0.65
usemtl fieldMat_43
f 6632 6634 6633
f 6632 6635 6634
f 6636 6637 6638
f 6636 6638 6639
f 6632 6633 6637
f 6632 6637 6636
f 6633 6634 6638
f 6633 6638 6637
f 6634 6635 6639
f 6634 6639 6638
f 6635 6632 6636
f 6635 6636 6639
o well::stone_1
v 0.7103517737730312 0.2812478577651902 0.30999999999999994
v 1.2119423102854985 0.6456747141865236 0.30999999999999994
v 0.9885839144143587 0.9531011720490035 0.30999999999999994
v 0.4869933779018913 0.5886743156276701 0.30999999999999994
v 0.7103517737730312 0.2812478577651902 0.65
v 1.2119423102854985 0.6456747141865236 0.65
v 0.9885839144143587 0.9531011720490035 0.65
v 0.4869933779018913 0.5886743156276701 0.65
usemtl fieldMat_43
f 6640 6642 6641
f 6640 6643 6642
f 6644 6645 6646
f 6644 6646 6647
f 6640 6641 6645
f 6640 6645 6644
f 6641 6642 6646
f 6641 6646 6645
f 6642 6643 6647
f 6642 6647 6646
f 6643 6640 6644
f 6643 6644 6647
o well::stone_2
v 0.4093733139335403 0.6450685931271736 0.30999999999999994
v 0.6009638504460078 1.2347236332301688 0.30999999999999994
v 0.23956237425384935 1.352150091092649 0.30999999999999994
v 0.04797183774138197 0.7624950509896536 0.30999999999999994
v 0.4093733139335403 0.6450685931271736 0.65
v 0.6009638504460078 1.2347236332301688 0.65
v 0.23956237425384935 1.352150091092649 0.65
v 0.04797183774138197 0.7624950509896536 0.65
usemtl fieldMat_43
f 6648 6650 6649
f 6648 6651 6650
f 6652 6653 6654
f 6652 6654 6655
f 6648 6649 6653
f 6648 6653 6652
f 6649 6650 6654
f 6649 6654 6653
f 6650 6651 6655
f 6650 6655 6654
f 6651 6648 6652
f 6651 6652 6655
o well::stone_3
v -0.04797183774138186 0.7624950509896538 0.30999999999999994
v -0.2395623742538492 1.352150091092649 0.30999999999999994
v -0.6009638504460075 1.234723633230169 0.30999999999999994
v -0.40937331393354026 0.6450685931271738 0.30999999999999994
v -0.04797183774138186 0.7624950509896538 0.65
v -0.2395623742538492 1.352150091092649 0.65
v -0.6009638504460075 1.234723633230169 0.65
v -0.40937331393354026 0.6450685931271738 0.65
usemtl fieldMat_43
f 6656 6658 6657
f 6656 6659 6658
f 6660 6661 6662
f 6660 6662 6663
f 6656 6657 6661
f 6656 6661 6660
f 6657 6658 6662
f 6657 6662 6661
f 6658 6659 6663
f 6658 6663 6662
f 6659 6656 6660
f 6659 6660 6663
o well::stone_4
v -0.4869933779018911 0.5886743156276703 0.30999999999999994
v -0.9885839144143584 0.9531011720490037 0.30999999999999994
v -1.2119423102854983 0.6456747141865237 0.30999999999999994
v -0.7103517737730309 0.28124785776519023 0.30999999999999994
v -0.4869933779018911 0.5886743156276703 0.65
v -0.9885839144143584 0.9531011720490037 0.65
v -1.2119423102854983 0.6456747141865237 0.65
v -0.7103517737730309 0.28124785776519023 0.65
usemtl fieldMat_43
f 6664 6666 6665
f 6664 6667 6666
f 6668 6669 6670
f 6668 6670 6671
f 6664 6665 6669
f 6664 6669 6668
f 6665 6666 6670
f 6665 6670 6669
f 6666 6667 6671
f 6666 6671 6670
f 6667 6664 6668
f 6667 6668 6671
o well::stone_5
v -0.74 0.1900000000000001 0.30999999999999994
v -1.36 0.19000000000000017 0.30999999999999994
v -1.36 -0.18999999999999984 0.30999999999999994
v -0.74 -0.1899999999999999 0.30999999999999994
v -0.74 0.1900000000000001 0.65
v -1.36 0.19000000000000017 0.65
v -1.36 -0.18999999999999984 0.65
v -0.74 -0.1899999999999999 0.65
usemtl fieldMat_43
f 6672 6674 6673
f 6672 6675 6674
f 6676 6677 6678
f 6676 6678 6679
f 6672 6673 6677
f 6672 6677 6676
f 6673 6674 6678
f 6673 6678 6677
f 6674 6675 6679
f 6674 6679 6678
f 6675 6672 6676
f 6675 6676 6679
o well::stone_6
v -0.710351773773031 -0.2812478577651901 0.30999999999999994
v -1.2119423102854985 -0.6456747141865233 0.30999999999999994
v -0.9885839144143588 -0.9531011720490034 0.30999999999999994
v -0.48699337790189134 -0.5886743156276701 0.30999999999999994
v -0.710351773773031 -0.2812478577651901 0.65
v -1.2119423102854985 -0.6456747141865233 0.65
v -0.9885839144143588 -0.9531011720490034 0.65
v -0.48699337790189134 -0.5886743156276701 0.65
usemtl fieldMat_43
f 6680 6682 6681
f 6680 6683 6682
f 6684 6685 6686
f 6684 6686 6687
f 6680 6681 6685
f 6680 6685 6684
f 6681 6682 6686
f 6681 6686 6685
f 6682 6683 6687
f 6682 6687 6686
f 6683 6680 6684
f 6683 6684 6687
o well::stone_7
v -0.4093733139335404 -0.6450685931271736 0.30999999999999994
v -0.6009638504460079 -1.2347236332301688 0.30999999999999994
v -0.23956237425384952 -1.352150091092649 0.30999999999999994
v -0.04797183774138203 -0.7624950509896538 0.30999999999999994
v -0.4093733139335404 -0.6450685931271736 0.65
v -0.6009638504460079 -1.2347236332301688 0.65
v -0.23956237425384952 -1.352150091092649 0.65
v -0.04797183774138203 -0.7624950509896538 0.65
usemtl fieldMat_43
f 6688 6690 6689
f 6688 6691 6690
f 6692 6693 6694
f 6692 6694 6695
f 6688 6689 6693
f 6688 6693 6692
f 6689 6690 6694
f 6689 6694 6693
f 6690 6691 6695
f 6690 6695 6694
f 6691 6688 6692
f 6691 6692 6695
o well::stone_8
v 0.04797183774138175 -0.7624950509896538 0.30999999999999994
v 0.23956237425384905 -1.352150091092649 0.30999999999999994
v 0.6009638504460075 -1.234723633230169 0.30999999999999994
v 0.40937331393354015 -0.6450685931271738 0.30999999999999994
v 0.04797183774138175 -0.7624950509896538 0.65
v 0.23956237425384905 -1.352150091092649 0.65
v 0.6009638504460075 -1.234723633230169 0.65
v 0.40937331393354015 -0.6450685931271738 0.65
usemtl fieldMat_43
f 6696 6698 6697
f 6696 6699 6698
f 6700 6701 6702
f 6700 6702 6703
f 6696 6697 6701
f 6696 6701 6700
f 6697 6698 6702
f 6697 6702 6701
f 6698 6699 6703
f 6698 6703 6702
f 6699 6696 6700
f 6699 6700 6703
o well::stone_9
v 0.4869933779018911 -0.5886743156276704 0.30999999999999994
v 0.9885839144143584 -0.9531011720490038 0.30999999999999994
v 1.2119423102854983 -0.6456747141865238 0.30999999999999994
v 0.7103517737730309 -0.28124785776519035 0.30999999999999994
v 0.4869933779018911 -0.5886743156276704 0.65
v 0.9885839144143584 -0.9531011720490038 0.65
v 1.2119423102854983 -0.6456747141865238 0.65
v 0.7103517737730309 -0.28124785776519035 0.65
usemtl fieldMat_43
f 6704 6706 6705
f 6704 6707 6706
f 6708 6709 6710
f 6708 6710 6711
f 6704 6705 6709
f 6704 6709 6708
f 6705 6706 6710
f 6705 6710 6709
f 6706 6707 6711
f 6706 6711 6710
f 6707 6704 6708
f 6707 6708 6711
o well::wellLip
v -1.175 -1.175 0.66
v 1.175 -1.175 0.66
v 1.175 1.175 0.66
v -1.175 1.175 0.66
v -1.175 -1.175 0.82
v 1.175 -1.175 0.82
v 1.175 1.175 0.82
v -1.175 1.175 0.82
usemtl fieldMat_44
f 6712 6714 6713
f 6712 6715 6714
f 6716 6717 6718
f 6716 6718 6719
f 6712 6713 6717
f 6712 6717 6716
f 6713 6714 6718
f 6713 6718 6717
f 6714 6715 6719
f 6714 6719 6718
f 6715 6712 6716
f 6715 6716 6719
o well::wellVoid
v -0.625 -0.625 0.775
v 0.625 -0.625 0.775
v 0.625 0.625 0.775
v -0.625 0.625 0.775
v -0.625 -0.625 0.805
v 0.625 -0.625 0.805
v 0.625 0.625 0.805
v -0.625 0.625 0.805
usemtl fieldMat_50
f 6720 6722 6721
f 6720 6723 6722
f 6724 6725 6726
f 6724 6726 6727
f 6720 6721 6725
f 6720 6725 6724
f 6721 6722 6726
f 6721 6726 6725
f 6722 6723 6727
f 6722 6727 6726
f 6723 6720 6724
f 6723 6724 6727
o well::wellPost_-1.15
v -1.24 -0.09 0.4949999999999999
v -1.0599999999999998 -0.09 0.4949999999999999
v -1.0599999999999998 0.09 0.4949999999999999
v -1.24 0.09 0.4949999999999999
v -1.24 -0.09 2.9450000000000003
v -1.0599999999999998 -0.09 2.9450000000000003
v -1.0599999999999998 0.09 2.9450000000000003
v -1.24 0.09 2.9450000000000003
usemtl fieldMat_41
f 6728 6730 6729
f 6728 6731 6730
f 6732 6733 6734
f 6732 6734 6735
f 6728 6729 6733
f 6728 6733 6732
f 6729 6730 6734
f 6729 6734 6733
f 6730 6731 6735
f 6730 6735 6734
f 6731 6728 6732
f 6731 6732 6735
o well::wellPost_1.15
v 1.0599999999999998 -0.09 0.4949999999999999
v 1.24 -0.09 0.4949999999999999
v 1.24 0.09 0.4949999999999999
v 1.0599999999999998 0.09 0.4949999999999999
v 1.0599999999999998 -0.09 2.9450000000000003
v 1.24 -0.09 2.9450000000000003
v 1.24 0.09 2.9450000000000003
v 1.0599999999999998 0.09 2.9450000000000003
usemtl fieldMat_41
f 6736 6738 6737
f 6736 6739 6738
f 6740 6741 6742
f 6740 6742 6743
f 6736 6737 6741
f 6736 6741 6740
f 6737 6738 6742
f 6737 6742 6741
f 6738 6739 6743
f 6738 6743 6742
f 6739 6736 6740
f 6739 6740 6743
o well::wellBeam
v -1.325 -0.09 2.6300000000000003
v 1.325 -0.09 2.6300000000000003
v 1.325 0.09 2.6300000000000003
v -1.325 0.09 2.6300000000000003
v -1.325 -0.09 2.81
v 1.325 -0.09 2.81
v 1.325 0.09 2.81
v -1.325 0.09 2.81
usemtl fieldMat_42
f 6744 6746 6745
f 6744 6747 6746
f 6748 6749 6750
f 6748 6750 6751
f 6744 6745 6749
f 6744 6749 6748
f 6745 6746 6750
f 6745 6750 6749
f 6746 6747 6751
f 6746 6751 6750
f 6747 6744 6748
f 6747 6748 6751
o well::wellAxle
v 1.025 -0.09000000000000007 1.69
v 1.025 0.08999999999999993 1.69
v -1.025 0.09000000000000007 1.69
v -1.025 -0.08999999999999993 1.69
v 1.025 -0.09000000000000007 1.87
v 1.025 0.08999999999999993 1.87
v -1.025 0.09000000000000007 1.87
v -1.025 -0.08999999999999993 1.87
usemtl fieldMat_42
f 6752 6754 6753
f 6752 6755 6754
f 6756 6757 6758
f 6756 6758 6759
f 6752 6753 6757
f 6752 6757 6756
f 6753 6754 6758
f 6753 6758 6757
f 6754 6755 6759
f 6754 6759 6758
f 6755 6752 6756
f 6755 6756 6759
o well::bucket
v -0.23 -0.38 0.6900000000000001
v 0.23 -0.38 0.6900000000000001
v 0.23 0.020000000000000018 0.6900000000000001
v -0.23 0.020000000000000018 0.6900000000000001
v -0.23 -0.38 1.17
v 0.23 -0.38 1.17
v 0.23 0.020000000000000018 1.17
v -0.23 0.020000000000000018 1.17
usemtl fieldMat_41
f 6760 6762 6761
f 6760 6763 6762
f 6764 6765 6766
f 6764 6766 6767
f 6760 6761 6765
f 6760 6765 6764
f 6761 6762 6766
f 6761 6766 6765
f 6762 6763 6767
f 6762 6767 6766
f 6763 6760 6764
f 6763 6764 6767
o well::rope
v -0.025 -0.175 0.9000000000000001
v 0.025 -0.175 0.9000000000000001
v 0.025 -0.125 0.9000000000000001
v -0.025 -0.125 0.9000000000000001
v -0.025 -0.175 1.8
v 0.025 -0.175 1.8
v 0.025 -0.125 1.8
v -0.025 -0.125 1.8
usemtl fieldMat_46
f 6768 6770 6769
f 6768 6771 6770
f 6772 6773 6774
f 6772 6774 6775
f 6768 6769 6773
f 6768 6773 6772
f 6769 6770 6774
f 6769 6774 6773
f 6770 6771 6775
f 6770 6775 6774
f 6771 6768 6772
f 6771 6772 6775
o well::wellRoof
v -1.5 -1.35 2.82
v 1.5 -1.35 2.82
v -1.5 1.35 2.82
v 1.5 1.35 2.82
v -1.5 0 3.5999999999999996
v 1.5 0 3.5999999999999996
usemtl fieldMat_47
f 6776 6777 6781
f 6776 6781 6780
f 6778 6780 6781
f 6778 6781 6779
f 6776 6780 6778
f 6777 6779 6781
o well::wellRidge
v -1.54 -0.04 3.56
v 1.54 -0.04 3.56
v 1.54 0.04 3.56
v -1.54 0.04 3.56
v -1.54 -0.04 3.64
v 1.54 -0.04 3.64
v 1.54 0.04 3.64
v -1.54 0.04 3.64
usemtl fieldMat_42
f 6782 6784 6783
f 6782 6785 6784
f 6786 6787 6788
f 6786 6788 6789
f 6782 6783 6787
f 6782 6787 6786
f 6783 6784 6788
f 6783 6788 6787
f 6784 6785 6789
f 6784 6789 6788
f 6785 6782 6786
f 6785 6786 6789
o fenceA::fenceA_postA
v -9.78 -6.88 0
v -9.62 -6.88 0
v -9.62 -6.72 0
v -9.78 -6.72 0
v -9.78 -6.88 1.15
v -9.62 -6.88 1.15
v -9.62 -6.72 1.15
v -9.78 -6.72 1.15
usemtl fieldMat_42
f 6790 6792 6791
f 6790 6793 6792
f 6794 6795 6796
f 6794 6796 6797
f 6790 6791 6795
f 6790 6795 6794
f 6791 6792 6796
f 6791 6796 6795
f 6792 6793 6797
f 6792 6797 6796
f 6793 6790 6794
f 6793 6794 6797
o fenceA::fenceA_postB
v -6.38 -6.88 0
v -6.22 -6.88 0
v -6.22 -6.72 0
v -6.38 -6.72 0
v -6.38 -6.88 1.15
v -6.22 -6.88 1.15
v -6.22 -6.72 1.15
v -6.38 -6.72 1.15
usemtl fieldMat_42
f 6798 6800 6799
f 6798 6801 6800
f 6802 6803 6804
f 6802 6804 6805
f 6798 6799 6803
f 6798 6803 6802
f 6799 6800 6804
f 6799 6804 6803
f 6800 6801 6805
f 6800 6805 6804
f 6801 6798 6802
f 6801 6802 6805
o fenceA::fenceA_rail_0.42
v -9.7 -6.8549999999999995 0.36
v -6.3 -6.8549999999999995 0.36
v -6.3 -6.745 0.36
v -9.7 -6.745 0.36
v -9.7 -6.8549999999999995 0.48
v -6.3 -6.8549999999999995 0.48
v -6.3 -6.745 0.48
v -9.7 -6.745 0.48
usemtl fieldMat_41
f 6806 6808 6807
f 6806 6809 6808
f 6810 6811 6812
f 6810 6812 6813
f 6806 6807 6811
f 6806 6811 6810
f 6807 6808 6812
f 6807 6812 6811
f 6808 6809 6813
f 6808 6813 6812
f 6809 6806 6810
f 6809 6810 6813
o fenceA::fenceA_rail_0.82
v -9.7 -6.8549999999999995 0.76
v -6.3 -6.8549999999999995 0.76
v -6.3 -6.745 0.76
v -9.7 -6.745 0.76
v -9.7 -6.8549999999999995 0.8799999999999999
v -6.3 -6.8549999999999995 0.8799999999999999
v -6.3 -6.745 0.8799999999999999
v -9.7 -6.745 0.8799999999999999
usemtl fieldMat_41
f 6814 6816 6815
f 6814 6817 6816
f 6818 6819 6820
f 6818 6820 6821
f 6814 6815 6819
f 6814 6819 6818
f 6815 6816 6820
f 6815 6820 6819
f 6816 6817 6821
f 6816 6821 6820
f 6817 6814 6818
f 6817 6818 6821
o fenceB::fenceA_postA
v 8.601999999999999 -6.528 0
v 8.458 -6.528 0
v 8.458 -6.672 0
v 8.601999999999999 -6.672 0
v 8.601999999999999 -6.528 1.035
v 8.458 -6.528 1.035
v 8.458 -6.672 1.035
v 8.601999999999999 -6.672 1.035
usemtl fieldMat_42
f 6822 6824 6823
f 6822 6825 6824
f 6826 6827 6828
f 6826 6828 6829
f 6822 6823 6827
f 6822 6827 6826
f 6823 6824 6828
f 6823 6828 6827
f 6824 6825 6829
f 6824 6829 6828
f 6825 6822 6826
f 6825 6826 6829
o fenceB::fenceA_postB
v 5.542 -6.528 0
v 5.398 -6.528 0
v 5.398 -6.672 0
v 5.542 -6.672 0
v 5.542 -6.528 1.035
v 5.398 -6.528 1.035
v 5.398 -6.672 1.035
v 5.542 -6.672 1.035
usemtl fieldMat_42
f 6830 6832 6831
f 6830 6833 6832
f 6834 6835 6836
f 6834 6836 6837
f 6830 6831 6835
f 6830 6835 6834
f 6831 6832 6836
f 6831 6836 6835
f 6832 6833 6837
f 6832 6837 6836
f 6833 6830 6834
f 6833 6834 6837
o fenceB::fenceA_rail_0.378
v 8.53 -6.5504999999999995 0.324
v 5.47 -6.5504999999999995 0.324
v 5.47 -6.6495 0.324
v 8.53 -6.6495 0.324
v 8.53 -6.5504999999999995 0.432
v 5.47 -6.5504999999999995 0.432
v 5.47 -6.6495 0.432
v 8.53 -6.6495 0.432
usemtl fieldMat_41
f 6838 6840 6839
f 6838 6841 6840
f 6842 6843 6844
f 6842 6844 6845
f 6838 6839 6843
f 6838 6843 6842
f 6839 6840 6844
f 6839 6844 6843
f 6840 6841 6845
f 6840 6845 6844
f 6841 6838 6842
f 6841 6842 6845
o fenceB::fenceA_rail_0.738
v 8.53 -6.5504999999999995 0.6839999999999999
v 5.47 -6.5504999999999995 0.6839999999999999
v 5.47 -6.6495 0.6839999999999999
v 8.53 -6.6495 0.6839999999999999
v 8.53 -6.5504999999999995 0.792
v 5.47 -6.5504999999999995 0.792
v 5.47 -6.6495 0.792
v 8.53 -6.6495 0.792
usemtl fieldMat_41
f 6846 6848 6847
f 6846 6849 6848
f 6850 6851 6852
f 6850 6852 6853
f 6846 6847 6851
f 6846 6851 6850
f 6847 6848 6852
f 6847 6852 6851
f 6848 6849 6853
f 6848 6853 6852
f 6849 6846 6850
f 6849 6850 6853
o fenceB::fenceB_postA
v 5.542 -6.528 0
v 5.398 -6.528 0
v 5.398 -6.672 0
v 5.542 -6.672 0
v 5.542 -6.528 1.035
v 5.398 -6.528 1.035
v 5.398 -6.672 1.035
v 5.542 -6.672 1.035
usemtl fieldMat_42
f 6854 6856 6855
f 6854 6857 6856
f 6858 6859 6860
f 6858 6860 6861
f 6854 6855 6859
f 6854 6859 6858
f 6855 6856 6860
f 6855 6860 6859
f 6856 6857 6861
f 6856 6861 6860
f 6857 6854 6858
f 6857 6858 6861
o fenceB::fenceB_postB
v 5.542 -9.588000000000001 0
v 5.398 -9.588000000000001 0
v 5.398 -9.732 0
v 5.542 -9.732 0
v 5.542 -9.588000000000001 1.035
v 5.398 -9.588000000000001 1.035
v 5.398 -9.732 1.035
v 5.542 -9.732 1.035
usemtl fieldMat_42
f 6862 6864 6863
f 6862 6865 6864
f 6866 6867 6868
f 6866 6868 6869
f 6862 6863 6867
f 6862 6867 6866
f 6863 6864 6868
f 6863 6868 6867
f 6864 6865 6869
f 6864 6869 6868
f 6865 6862 6866
f 6865 6866 6869
o fenceB::fenceB_rail_0.378
v 5.4205 -6.599999999999999 0.324
v 5.4205 -9.659999999999998 0.324
v 5.5195 -9.659999999999998 0.324
v 5.5195 -6.599999999999999 0.324
v 5.4205 -6.599999999999999 0.432
v 5.4205 -9.659999999999998 0.432
v 5.5195 -9.659999999999998 0.432
v 5.5195 -6.599999999999999 0.432
usemtl fieldMat_41
f 6870 6872 6871
f 6870 6873 6872
f 6874 6875 6876
f 6874 6876 6877
f 6870 6871 6875
f 6870 6875 6874
f 6871 6872 6876
f 6871 6876 6875
f 6872 6873 6877
f 6872 6877 6876
f 6873 6870 6874
f 6873 6874 6877
o fenceB::fenceB_rail_0.738
v 5.4205 -6.599999999999999 0.6839999999999999
v 5.4205 -9.659999999999998 0.6839999999999999
v 5.5195 -9.659999999999998 0.6839999999999999
v 5.5195 -6.599999999999999 0.6839999999999999
v 5.4205 -6.599999999999999 0.792
v 5.4205 -9.659999999999998 0.792
v 5.5195 -9.659999999999998 0.792
v 5.5195 -6.599999999999999 0.792
usemtl fieldMat_41
f 6878 6880 6879
f 6878 6881 6880
f 6882 6883 6884
f 6882 6884 6885
f 6878 6879 6883
f 6878 6883 6882
f 6879 6880 6884
f 6879 6884 6883
f 6880 6881 6885
f 6880 6885 6884
f 6881 6878 6882
f 6881 6882 6885
o sign::post
v -3.081 -5.781000000000001 0
v -2.919 -5.781000000000001 0
v -2.919 -5.619 0
v -3.081 -5.619 0
v -3.081 -5.781000000000001 2.07
v -2.919 -5.781000000000001 2.07
v -2.919 -5.619 2.07
v -3.081 -5.619 2.07
usemtl fieldMat_42
f 6886 6888 6887
f 6886 6889 6888
f 6890 6891 6892
f 6890 6892 6893
f 6886 6887 6891
f 6886 6891 6890
f 6887 6888 6892
f 6887 6892 6891
f 6888 6889 6893
f 6888 6893 6892
f 6889 6886 6890
f 6889 6890 6893
o sign::signBoard
v -3.2925 -5.763 1.359
v -1.7174999999999998 -5.763 1.359
v -1.7174999999999998 -5.6370000000000005 1.359
v -3.2925 -5.6370000000000005 1.359
v -3.2925 -5.763 1.9170000000000003
v -1.7174999999999998 -5.763 1.9170000000000003
v -1.7174999999999998 -5.6370000000000005 1.9170000000000003
v -3.2925 -5.6370000000000005 1.9170000000000003
usemtl fieldMat_41
f 6894 6896 6895
f 6894 6897 6896
f 6898 6899 6900
f 6898 6900 6901
f 6894 6895 6899
f 6894 6899 6898
f 6895 6896 6900
f 6895 6900 6899
f 6896 6897 6901
f 6896 6901 6900
f 6897 6894 6898
f 6897 6898 6901
o sign::signCap
v -3.126 -5.8260000000000005 2.07
v -2.874 -5.8260000000000005 2.07
v -2.874 -5.574 2.07
v -3.126 -5.574 2.07
v -3.126 -5.8260000000000005 2.214
v -2.874 -5.8260000000000005 2.214
v -2.874 -5.574 2.214
v -3.126 -5.574 2.214
usemtl fieldMat_44
f 6902 6904 6903
f 6902 6905 6904
f 6906 6907 6908
f 6906 6908 6909
f 6902 6903 6907
f 6902 6907 6906
f 6903 6904 6908
f 6903 6908 6907
f 6904 6905 6909
f 6904 6909 6908
f 6905 6902 6906
f 6905 6906 6909
o supplies::barrel_0
v 5.48781072800979 -2.839169312808663 0
v 5.927810728009789 -2.839169312808663 0
v 5.927810728009789 -2.3991693128086626 0
v 5.48781072800979 -2.3991693128086626 0
v 5.48781072800979 -2.839169312808663 0.6240000000000001
v 5.927810728009789 -2.839169312808663 0.6240000000000001
v 5.927810728009789 -2.3991693128086626 0.6240000000000001
v 5.48781072800979 -2.3991693128086626 0.6240000000000001
usemtl fieldMat_41
f 6910 6912 6911
f 6910 6913 6912
f 6914 6915 6916
f 6914 6916 6917
f 6910 6911 6915
f 6910 6915 6914
f 6911 6912 6916
f 6911 6916 6915
f 6912 6913 6917
f 6912 6917 6916
f 6913 6910 6914
f 6913 6914 6917
o supplies::barrelBand_0
v 5.475810728009789 -2.851169312808663 0.312
v 5.93981072800979 -2.851169312808663 0.312
v 5.93981072800979 -2.3871693128086626 0.312
v 5.475810728009789 -2.3871693128086626 0.312
v 5.475810728009789 -2.851169312808663 0.36000000000000004
v 5.93981072800979 -2.851169312808663 0.36000000000000004
v 5.93981072800979 -2.3871693128086626 0.36000000000000004
v 5.475810728009789 -2.3871693128086626 0.36000000000000004
usemtl fieldMat_45
f 6918 6920 6919
f 6918 6921 6920
f 6922 6923 6924
f 6922 6924 6925
f 6918 6919 6923
f 6918 6923 6922
f 6919 6920 6924
f 6919 6924 6923
f 6920 6921 6925
f 6920 6925 6924
f 6921 6918 6922
f 6921 6922 6925
o supplies::crate_1
v 3.9218967023851827 -2.8417476542611837 0
v 4.438281245878082 -2.8842383157288176 0
v 4.480771907345716 -2.367853772235918 0
v 3.9643873638528166 -2.325363110768284 0
v 3.9218967023851827 -2.8417476542611837 0.5181297647021712
v 4.438281245878082 -2.8842383157288176 0.5181297647021712
v 4.480771907345716 -2.367853772235918 0.5181297647021712
v 3.9643873638528166 -2.325363110768284 0.5181297647021712
usemtl fieldMat_41
f 6926 6928 6927
f 6926 6929 6928
f 6930 6931 6932
f 6930 6932 6933
f 6926 6927 6931
f 6926 6931 6930
f 6927 6928 6932
f 6927 6932 6931
f 6928 6929 6933
f 6928 6933 6932
f 6929 6926 6930
f 6929 6930 6933
o supplies::crateBrace_1
v 4.1647076725347745 -2.8731677215595024 0.2609713705861942
v 4.22687003756473 -2.874449165313768 0.2609713705861942
v 4.237960937196124 -2.3364337049375994 0.2609713705861942
v 4.175798572166169 -2.335152261183334 0.2609713705861942
v 4.1647076725347745 -2.8731677215595024 0.3089713705861942
v 4.22687003756473 -2.874449165313768 0.3089713705861942
v 4.237960937196124 -2.3364337049375994 0.3089713705861942
v 4.175798572166169 -2.335152261183334 0.3089713705861942
usemtl fieldMat_42
f 6934 6936 6935
f 6934 6937 6936
f 6938 6939 6940
f 6938 6940 6941
f 6934 6935 6939
f 6934 6939 6938
f 6935 6936 6940
f 6935 6940 6939
f 6936 6937 6941
f 6936 6941 6940
f 6937 6934 6938
f 6937 6938 6941
o supplies::crate_2
v 4.410374397578482 -3.4280526054727094 0
v 4.869290843371505 -3.303478182667102 0
v 4.744716420565898 -2.8445617368740788 0
v 4.285799974772875 -2.969136159679686 0
v 4.410374397578482 -3.4280526054727094 0.4755240173079074
v 4.869290843371505 -3.303478182667102 0.4755240173079074
v 4.744716420565898 -2.8445617368740788 0.4755240173079074
v 4.285799974772875 -2.969136159679686 0.4755240173079074
usemtl fieldMat_41
f 6942 6944 6943
f 6942 6945 6944
f 6946 6947 6948
f 6946 6948 6949
f 6942 6943 6947
f 6942 6947 6946
f 6943 6944 6948
f 6943 6948 6947
f 6944 6945 6949
f 6944 6949 6948
f 6945 6942 6946
f 6945 6946 6949
o supplies::crateBrace_2
v 4.578287312762711 -3.3857054583344888 0.2375382095193491
v 4.634955889707905 -3.3790088250061396 0.2375382095193491
v 4.576803505381669 -2.8869088840122994 0.2375382095193491
v 4.520134928436475 -2.8936055173406485 0.2375382095193491
v 4.578287312762711 -3.3857054583344888 0.2855382095193491
v 4.634955889707905 -3.3790088250061396 0.2855382095193491
v 4.576803505381669 -2.8869088840122994 0.2855382095193491
v 4.520134928436475 -2.8936055173406485 0.2855382095193491
usemtl fieldMat_42
f 6950 6952 6951
f 6950 6953 6952
f 6954 6955 6956
f 6954 6956 6957
f 6950 6951 6955
f 6950 6955 6954
f 6951 6952 6956
f 6951 6956 6955
f 6952 6953 6957
f 6952 6957 6956
f 6953 6950 6954
f 6953 6954 6957
o supplies::barrel_3
v 3.906249308958649 -3.5063463177345695 0
v 4.346249308958649 -3.5063463177345695 0
v 4.346249308958649 -3.066346317734569 0
v 3.906249308958649 -3.066346317734569 0
v 3.906249308958649 -3.5063463177345695 0.6240000000000001
v 4.346249308958649 -3.5063463177345695 0.6240000000000001
v 4.346249308958649 -3.066346317734569 0.6240000000000001
v 3.906249308958649 -3.066346317734569 0.6240000000000001
usemtl fieldMat_41
f 6958 6960 6959
f 6958 6961 6960
f 6962 6963 6964
f 6962 6964 6965
f 6958 6959 6963
f 6958 6963 6962
f 6959 6960 6964
f 6959 6964 6963
f 6960 6961 6965
f 6960 6965 6964
f 6961 6958 6962
f 6961 6962 6965
o supplies::barrelBand_3
v 3.894249308958649 -3.5183463177345695 0.312
v 4.35824930895865 -3.5183463177345695 0.312
v 4.35824930895865 -3.054346317734569 0.312
v 3.894249308958649 -3.054346317734569 0.312
v 3.894249308958649 -3.5183463177345695 0.36000000000000004
v 4.35824930895865 -3.5183463177345695 0.36000000000000004
v 4.35824930895865 -3.054346317734569 0.36000000000000004
v 3.894249308958649 -3.054346317734569 0.36000000000000004
usemtl fieldMat_45
f 6966 6968 6967
f 6966 6969 6968
f 6970 6971 6972
f 6970 6972 6973
f 6966 6967 6971
f 6966 6971 6970
f 6967 6968 6972
f 6967 6972 6971
f 6968 6969 6973
f 6968 6973 6972
f 6969 6966 6970
f 6969 6970 6973
o supplies::crate_4
v 4.31945634204654 -3.690367078149994 0
v 4.947219100727072 -3.8686242314265855 0
v 5.1254762540036625 -3.2408614727460545 0
v 4.497713495323131 -3.062604319469463 0
v 4.31945634204654 -3.690367078149994 0.6525807949062438
v 4.947219100727072 -3.8686242314265855 0.6525807949062438
v 5.1254762540036625 -3.2408614727460545 0.6525807949062438
v 4.497713495323131 -3.062604319469463 0.6525807949062438
usemtl fieldMat_41
f 6974 6976 6975
f 6974 6977 6976
f 6978 6979 6980
f 6978 6980 6981
f 6974 6975 6979
f 6974 6979 6978
f 6975 6976 6980
f 6975 6980 6979
f 6976 6977 6981
f 6976 6981 6980
f 6977 6974 6978
f 6977 6978 6981
o supplies::crateBrace_4
v 4.782534179360409 -3.798805186412048 0.3349194371984341
v 4.857477560733136 -3.77609179872327 0.3349194371984341
v 4.662398416689793 -3.132423364484001 0.3349194371984341
v 4.587455035317067 -3.155136752172779 0.3349194371984341
v 4.782534179360409 -3.798805186412048 0.38291943719843413
v 4.857477560733136 -3.77609179872327 0.38291943719843413
v 4.662398416689793 -3.132423364484001 0.38291943719843413
v 4.587455035317067 -3.155136752172779 0.38291943719843413
usemtl fieldMat_42
f 6982 6984 6983
f 6982 6985 6984
f 6986 6987 6988
f 6986 6988 6989
f 6982 6983 6987
f 6982 6987 6986
f 6983 6984 6988
f 6983 6988 6987
f 6984 6985 6989
f 6984 6989 6988
f 6985 6982 6986
f 6985 6986 6989
o supplies::crate_5
v 4.163621838236132 -3.732290096586258 0
v 4.785210218211323 -3.690840220717808 0
v 4.743760342342874 -3.0692518407426173 0
v 4.122171962367683 -3.110701716611067 0
v 4.163621838236132 -3.732290096586258 0.6229688646551222
v 4.785210218211323 -3.690840220717808 0.6229688646551222
v 4.743760342342874 -3.0692518407426173 0.6229688646551222
v 4.122171962367683 -3.110701716611067 0.6229688646551222
usemtl fieldMat_41
f 6990 6992 6991
f 6990 6993 6992
f 6994 6995 6996
f 6994 6996 6997
f 6990 6991 6995
f 6990 6995 6994
f 6991 6992 6996
f 6991 6996 6995
f 6992 6993 6997
f 6992 6997 6996
f 6993 6990 6994
f 6993 6994 6997
o supplies::crateBrace_5
v 4.375701876185916 -3.714884081181674 0.3186328755603172
v 4.4498502388918615 -3.7243982432138836 0.3186328755603172
v 4.53168030439309 -3.0866578561472013 0.3186328755603172
v 4.457531941687145 -3.0771436941149917 0.3186328755603172
v 4.375701876185916 -3.714884081181674 0.36663287556031726
v 4.4498502388918615 -3.7243982432138836 0.36663287556031726
v 4.53168030439309 -3.0866578561472013 0.36663287556031726
v 4.457531941687145 -3.0771436941149917 0.36663287556031726
usemtl fieldMat_42
f 6998 7000 6999
f 6998 7001 7000
f 7002 7003 7004
f 7002 7004 7005
f 6998 6999 7003
f 6998 7003 7002
f 6999 7000 7004
f 6999 7004 7003
f 7000 7001 7005
f 7000 7005 7004
f 7001 6998 7002
f 7001 7002 7005
