mtllib worldforge_landscape_90211.mtl
# WorldForge 0.2.0
# landscape seed 90211
o terrain
v -15 -0.02320153062661969 -15
v -14.464285714285714 0.0006922915919721438 -15
v -13.928571428571429 0.11649810256008766 -15
v -13.392857142857142 0.287045356490672 -15
v -12.857142857142858 0.2191998044940672 -15
v -12.321428571428571 -0.3164695245755615 -15
v -11.785714285714285 0.04754842331240135 -15
v -11.25 0.08289078419781595 -15
v -10.714285714285715 0.05211169826874197 -15
v -10.178571428571429 0.110382142294736 -15
v -9.642857142857142 0.17934996282695215 -15
v -9.107142857142858 -0.15931791919357194 -15
v -8.571428571428571 0.13737722240644848 -15
v -8.035714285714285 0.14923967597127738 -15
v -7.5 -0.030262127944265867 -15
v -6.9642857142857135 -0.1069255371524915 -15
v -6.428571428571429 0.14390756755622994 -15
v -5.892857142857142 0.19373209453080426 -15
v -5.357142857142858 -0.22540966997191197 -15
v -4.821428571428571 -0.12248116489102229 -15
v -4.2857142857142865 0.16718048928326018 -15
v -3.75 0.15703071917890105 -15
v -3.2142857142857135 -0.024910624618460532 -15
v -2.678571428571429 -0.09354552564279373 -15
v -2.1428571428571423 -0.07841596677073405 -15
v -1.6071428571428577 -0.2667087608188683 -15
v -1.0714285714285712 -0.03973329628892318 -15
v -0.5357142857142865 0.0450290978849359 -15
v 0 -0.26620638224216 -15
v 0.5357142857142865 -0.11723542067791203 -15
v 1.071428571428573 0.011449931782665278 -15
v 1.6071428571428577 -0.22314902538289505 -15
v 2.1428571428571423 -0.03134163193836911 -15
v 2.678571428571427 -0.16989126806168614 -15
v 3.2142857142857153 -0.007097491688176729 -15
v 3.75 0.015861511873491604 -15
v 4.285714285714285 0.18893014352927873 -15
v 4.821428571428573 -0.14898877530279736 -15
v 5.357142857142858 -0.264428217922058 -15
v 5.892857142857142 0.2853393896832893 -15
v 6.428571428571427 0.2508769310765913 -15
v 6.964285714285715 0.14379024074611163 -15
v 7.5 -0.23982082078218786 -15
v 8.035714285714285 -0.34898261513959883 -15
v 8.571428571428573 -0.20012685892026438 -15
v 9.107142857142858 -0.12765810875781924 -15
v 9.642857142857142 0.2048137353433433 -15
v 10.178571428571427 0.1966409203817491 -15
v 10.714285714285715 0.30256245467304155 -15
v 11.25 -0.2784908469000785 -15
v 11.785714285714285 0.014151471929203241 -15
v 12.321428571428573 -0.262615244670763 -15
v 12.857142857142858 0.01009236542092443 -15
v 13.392857142857142 -0.06977708240159247 -15
v 13.928571428571427 0.061911498256583083 -15
v 14.464285714285715 -0.1959738312421137 -15
v 15 0.27702801720449943 -15
v -15 0.05777962823641403 -14.464285714285714
v -14.464285714285714 -0.13564724887442137 -14.464285714285714
v -13.928571428571429 0.2908823334704835 -14.464285714285714
v -13.392857142857142 0.2559202062864509 -14.464285714285714
v -12.857142857142858 -0.1957148850656027 -14.464285714285714
v -12.321428571428571 0.22011974884295937 -14.464285714285714
v -11.785714285714285 -0.04976763424326957 -14.464285714285714
v -11.25 0.22595119110857287 -14.464285714285714
v -10.714285714285715 -0.040345532807234304 -14.464285714285714
v -10.178571428571429 0.2555501810398378 -14.464285714285714
v -9.642857142857142 0.002371034789947191 -14.464285714285714
v -9.107142857142858 -0.05192064209106951 -14.464285714285714
v -8.571428571428571 -0.011276902862836434 -14.464285714285714
v -8.035714285714285 -0.01949871108613565 -14.464285714285714
v -7.5 -0.14154007186908452 -14.464285714285714
v -6.9642857142857135 0.16915674622450041 -14.464285714285714
v -6.428571428571429 0.06044855195778305 -14.464285714285714
v -5.892857142857142 -0.04948241090024215 -14.464285714285714
v -5.357142857142858 0.0976099950983122 -14.464285714285714
v -4.821428571428571 -0.05712727433841228 -14.464285714285714
v -4.2857142857142865 0.19852022678852882 -14.464285714285714
v -3.75 0.31849464805964145 -14.464285714285714
v -3.2142857142857135 -0.15479919554807367 -14.464285714285714
v -2.678571428571429 -0.27358405405873276 -14.464285714285714
v -2.1428571428571423 -0.08261557154462448 -14.464285714285714
v -1.6071428571428577 -0.17357729091354318 -14.464285714285714
v -1.0714285714285712 0.04686086802517662 -14.464285714285714
v -0.5357142857142865 -0.04424169440173624 -14.464285714285714
v 0 -0.1694574884698546 -14.464285714285714
v 0.5357142857142865 0.022419663512798036 -14.464285714285714
v 1.071428571428573 0.14446291717294277 -14.464285714285714
v 1.6071428571428577 -0.07881359975841334 -14.464285714285714
v 2.1428571428571423 0.018726345484075847 -14.464285714285714
v 2.678571428571427 0.18580968280201393 -14.464285714285714
v 3.2142857142857153 0.07273956777409514 -14.464285714285714
v 3.75 -0.27901247242628746 -14.464285714285714
v 4.285714285714285 -0.16981993877845353 -14.464285714285714
v 4.821428571428573 0.2896580450230463 -14.464285714285714
v 5.357142857142858 -0.20077869629024936 -14.464285714285714
v 5.892857142857142 -0.21091361412313184 -14.464285714285714
v 6.428571428571427 0.12503791247895416 -14.464285714285714
v 6.964285714285715 -0.08232611431826209 -14.464285714285714
v 7.5 -0.014334141925160753 -14.464285714285714
v 8.035714285714285 -0.03305664238422548 -14.464285714285714
v 8.571428571428573 0.15487291159500283 -14.464285714285714
v 9.107142857142858 0.29557949363648683 -14.464285714285714
v 9.642857142857142 0.09280625124103757 -14.464285714285714
v 10.178571428571427 0.14879450056489496 -14.464285714285714
v 10.714285714285715 -0.2354947809263927 -14.464285714285714
v 11.25 0.08666085243746054 -14.464285714285714
v 11.785714285714285 0.2519177757654519 -14.464285714285714
v 12.321428571428573 -0.17381842525079963 -14.464285714285714
v 12.857142857142858 -0.22949991010858295 -14.464285714285714
v 13.392857142857142 0.054291589267076605 -14.464285714285714
v 13.928571428571427 -0.22771135778290943 -14.464285714285714
v 14.464285714285715 -0.08486369128053646 -14.464285714285714
v 15 -0.07307005847127797 -14.464285714285714
v -15 0.09763960051947662 -13.928571428571429
v -14.464285714285714 -0.13639749340737073 -13.928571428571429
v -13.928571428571429 0.2026319896881152 -13.928571428571429
v -13.392857142857142 0.3122769181047289 -13.928571428571429
v -12.857142857142858 0.0668230419207662 -13.928571428571429
v -12.321428571428571 0.022601845457826033 -13.928571428571429
v -11.785714285714285 0.33056040131198994 -13.928571428571429
v -11.25 0.32410012491116513 -13.928571428571429
v -10.714285714285715 -0.0177289027729854 -13.928571428571429
v -10.178571428571429 0.27168539182982665 -13.928571428571429
v -9.642857142857142 -0.18592960394275432 -13.928571428571429
v -9.107142857142858 -0.04670479680050156 -13.928571428571429
v -8.571428571428571 -0.12239365559475338 -13.928571428571429
v -8.035714285714285 -0.00905716121580681 -13.928571428571429
v -7.5 0.22412283702381483 -13.928571428571429
v -6.9642857142857135 0.023751047666677523 -13.928571428571429
v -6.428571428571429 0.0505099171143747 -13.928571428571429
v -5.892857142857142 0.12823865261673054 -13.928571428571429
v -5.357142857142858 0.04435259840463203 -13.928571428571429
v -4.821428571428571 0.18092817677665818 -13.928571428571429
v -4.2857142857142865 0.3068545609097633 -13.928571428571429
v -3.75 -0.19261804808771507 -13.928571428571429
v -3.2142857142857135 0.16809991041814695 -13.928571428571429
v -2.678571428571429 0.06049030725763073 -13.928571428571429
v -2.1428571428571423 0.3303130074511309 -13.928571428571429
v -1.6071428571428577 0.04743905660594151 -13.928571428571429
v -1.0714285714285712 -0.18931631064088464 -13.928571428571429
v -0.5357142857142865 -0.06825031148819587 -13.928571428571429
v 0 -0.04064709879876881 -13.928571428571429
v 0.5357142857142865 0.24736564056626148 -13.928571428571429
v 1.071428571428573 0.0345543043640266 -13.928571428571429
v 1.6071428571428577 -0.28125164582836887 -13.928571428571429
v 2.1428571428571423 0.27866694145446247 -13.928571428571429
v 2.678571428571427 -0.28129239563811975 -13.928571428571429
v 3.2142857142857153 -0.24357696570722248 -13.928571428571429
v 3.75 0.16266139056561524 -13.928571428571429
v 4.285714285714285 0.0343147472662593 -13.928571428571429
v 4.821428571428573 0.007543440216179385 -13.928571428571429
v 5.357142857142858 0.07267818720968783 -13.928571428571429
v 5.892857142857142 -0.05402821648087047 -13.928571428571429
v 6.428571428571427 0.03857541314240798 -13.928571428571429
v 6.964285714285715 -0.291335374854092 -13.928571428571429
v 7.5 0.20583491708802704 -13.928571428571429
v 8.035714285714285 -0.12046850959562483 -13.928571428571429
v 8.571428571428573 0.043047935530375864 -13.928571428571429
v 9.107142857142858 -0.11366535035399628 -13.928571428571429
v 9.642857142857142 -0.058499061438000766 -13.928571428571429
v 10.178571428571427 0.3048729230570846 -13.928571428571429
v 10.714285714285715 0.18648962236030678 -13.928571428571429
v 11.25 0.15061607084057385 -13.928571428571429
v 11.785714285714285 -0.07859260706950742 -13.928571428571429
v 12.321428571428573 -0.02949778602152827 -13.928571428571429
v 12.857142857142858 -0.16437309162426508 -13.928571428571429
v 13.392857142857142 -0.1579570882351014 -13.928571428571429
v 13.928571428571427 0.14216236824066794 -13.928571428571429
v 14.464285714285715 -0.16772490032560672 -13.928571428571429
v 15 -0.18253679662709713 -13.928571428571429
v -15 0.20710478903842588 -13.392857142857142
v -14.464285714285714 0.2532437092459301 -13.392857142857142
v -13.928571428571429 -0.1283131821597673 -13.392857142857142
v -13.392857142857142 -0.08705004540118705 -13.392857142857142
v -12.857142857142858 -0.04996142860826955 -13.392857142857142
v -12.321428571428571 -0.21436204673806564 -13.392857142857142
v -11.785714285714285 -0.04669044125961613 -13.392857142857142
v -11.25 0.03297176295298224 -13.392857142857142
v -10.714285714285715 0.33292518266190935 -13.392857142857142
v -10.178571428571429 0.10074290384647425 -13.392857142857142
v -9.642857142857142 -0.1834189258219363 -13.392857142857142
v -9.107142857142858 0.009755852452179758 -13.392857142857142
v -8.571428571428571 -0.10555223668825678 -13.392857142857142
v -8.035714285714285 0.27369961174967444 -13.392857142857142
v -7.5 -0.2388017302150106 -13.392857142857142
v -6.9642857142857135 -0.024839834691142128 -13.392857142857142
v -6.428571428571429 -0.29886515155661175 -13.392857142857142
v -5.892857142857142 0.3030747878099076 -13.392857142857142
v -5.357142857142858 -0.14423583372962623 -13.392857142857142
v -4.821428571428571 0.2190586891131616 -13.392857142857142
v -4.2857142857142865 -0.10963908594086794 -13.392857142857142
v -3.75 -0.15463839329155646 -13.392857142857142
v -3.2142857142857135 0.006261086671146988 -13.392857142857142
v -2.678571428571429 0.04259260159005749 -13.392857142857142
v -2.1428571428571423 -0.087815347525912 -13.392857142857142
v -1.6071428571428577 0.3490092270235243 -13.392857142857142
v -1.0714285714285712 0.06777813253541064 -13.392857142857142
v -0.5357142857142865 -0.21034694707307555 -13.392857142857142
v 0 0.24696881569828621 -13.392857142857142
v 0.5357142857142865 -0.31699084586780846 -13.392857142857142
v 1.071428571428573 0.34008875734938004 -13.392857142857142
v 1.6071428571428577 -0.24038577079382606 -13.392857142857142
v 2.1428571428571423 0.17219538102941379 -13.392857142857142
v 2.678571428571427 0.03914471473726573 -13.392857142857142
v 3.2142857142857153 -0.06610122396294767 -13.392857142857142
v 3.75 0.032947519051680675 -13.392857142857142
v 4.285714285714285 0.1617228839352734 -13.392857142857142
v 4.821428571428573 0.11575890455448531 -13.392857142857142
v 5.357142857142858 0.06019511445804245 -13.392857142857142
v 5.892857142857142 -0.1130885709265563 -13.392857142857142
v 6.428571428571427 -0.04325325807016987 -13.392857142857142
v 6.964285714285715 0.08246118115486384 -13.392857142857142
v 7.5 0.1904310783734856 -13.392857142857142
v 8.035714285714285 0.2173281984124832 -13.392857142857142
v 8.571428571428573 0.2272247509075156 -13.392857142857142
v 9.107142857142858 -0.10849695491755149 -13.392857142857142
v 9.642857142857142 0.2630973664060618 -13.392857142857142
v 10.178571428571427 -0.17063596033262893 -13.392857142857142
v 10.714285714285715 -0.22183112740496275 -13.392857142857142
v 11.25 -0.08866872105029117 -13.392857142857142
v 11.785714285714285 -0.130830119397542 -13.392857142857142
v 12.321428571428573 -0.1909400934179324 -13.392857142857142
v 12.857142857142858 0.1064805609454543 -13.392857142857142
v 13.392857142857142 -0.28242854842928133 -13.392857142857142
v 13.928571428571427 -0.1475629457935126 -13.392857142857142
v 14.464285714285715 -0.03967124090868092 -13.392857142857142
v 15 -0.11000455413218263 -13.392857142857142
v -15 -0.062012437619535114 -12.857142857142858
v -14.464285714285714 0.062244368649752246 -12.857142857142858
v -13.928571428571429 0.6959701762933441 -12.857142857142858
v -13.392857142857142 0.3771081048027377 -12.857142857142858
v -12.857142857142858 0.3030567586315644 -12.857142857142858
v -12.321428571428571 -0.08681102466208526 -12.857142857142858
v -11.785714285714285 -0.15391994569840275 -12.857142857142858
v -11.25 0.25035459968248375 -12.857142857142858
v -10.714285714285715 0.05399312177017711 -12.857142857142858
v -10.178571428571429 -0.10762162513207554 -12.857142857142858
v -9.642857142857142 -0.026216765344317418 -12.857142857142858
v -9.107142857142858 -0.0632787615667144 -12.857142857142858
v -8.571428571428571 -0.19057367084634327 -12.857142857142858
v -8.035714285714285 0.1311542031840515 -12.857142857142858
v -7.5 -0.0413803864822387 -12.857142857142858
v -6.9642857142857135 0.06234218253759155 -12.857142857142858
v -6.428571428571429 0.038767426519912086 -12.857142857142858
v -5.892857142857142 -0.058345910491625096 -12.857142857142858
v -5.357142857142858 -0.034711649695645164 -12.857142857142858
v -4.821428571428571 0.2687438071546037 -12.857142857142858
v -4.2857142857142865 0.2260211530937386 -12.857142857142858
v -3.75 0.014950337956523441 -12.857142857142858
v -3.2142857142857135 0.1953292250350152 -12.857142857142858
v -2.678571428571429 0.10307342918328169 -12.857142857142858
v -2.1428571428571423 0.08675144971617006 -12.857142857142858
v -1.6071428571428577 0.3434050853668058 -12.857142857142858
v -1.0714285714285712 0.2382188447538567 -12.857142857142858
v -0.5357142857142865 0.2994942239703506 -12.857142857142858
v 0 -0.2544072715936477 -12.857142857142858
v 0.5357142857142865 -0.08832136516884916 -12.857142857142858
v 1.071428571428573 -0.017772488745788233 -12.857142857142858
v 1.6071428571428577 0.27023289327803823 -12.857142857142858
v 2.1428571428571423 0.33289375567284174 -12.857142857142858
v 2.678571428571427 -0.23803664773753336 -12.857142857142858
v 3.2142857142857153 -0.13456493615951892 -12.857142857142858
v 3.75 0.10271394305290674 -12.857142857142858
v 4.285714285714285 -0.05751828135676161 -12.857142857142858
v 4.821428571428573 0.09426324833235372 -12.857142857142858
v 5.357142857142858 -0.1775516871094418 -12.857142857142858
v 5.892857142857142 0.07476193177411111 -12.857142857142858
v 6.428571428571427 -0.009340886284635707 -12.857142857142858
v 6.964285714285715 0.2188837529259543 -12.857142857142858
v 7.5 0.02343592189865769 -12.857142857142858
v 8.035714285714285 -0.18500940563776352 -12.857142857142858
v 8.571428571428573 -0.25598017648240634 -12.857142857142858
v 9.107142857142858 -0.05249372746273474 -12.857142857142858
v 9.642857142857142 -0.09382176047270244 -12.857142857142858
v 10.178571428571427 0.05856906136137298 -12.857142857142858
v 10.714285714285715 0.005926674578199205 -12.857142857142858
v 11.25 -0.05994648482296058 -12.857142857142858
v 11.785714285714285 -0.005105871608450677 -12.857142857142858
v 12.321428571428573 0.1367455950762244 -12.857142857142858
v 12.857142857142858 0.09337461687222112 -12.857142857142858
v 13.392857142857142 -0.04785560620263431 -12.857142857142858
v 13.928571428571427 -0.29339837539530084 -12.857142857142858
v 14.464285714285715 -0.10404200574058188 -12.857142857142858
v 15 0.12904633311243696 -12.857142857142858
v -15 0.08602838626096254 -12.321428571428571
v -14.464285714285714 0.09750573845387718 -12.321428571428571
v -13.928571428571429 -0.031180641036738947 -12.321428571428571
v -13.392857142857142 0.3164153951573892 -12.321428571428571
v -12.857142857142858 -0.19433035713081198 -12.321428571428571
v -12.321428571428571 0.30831997821921053 -12.321428571428571
v -11.785714285714285 0.06008201486421101 -12.321428571428571
v -11.25 0.3361151931145269 -12.321428571428571
v -10.714285714285715 0.2672986887764057 -12.321428571428571
v -10.178571428571429 -0.002779423565846044 -12.321428571428571
v -9.642857142857142 0.21876226522414258 -12.321428571428571
v -9.107142857142858 0.6884773336195842 -12.321428571428571
v -8.571428571428571 -0.08060501739234527 -12.321428571428571
v -8.035714285714285 0.6907184542792576 -12.321428571428571
v -7.5 0.24512737744359714 -12.321428571428571
v -6.9642857142857135 0.22811896463200232 -12.321428571428571
v -6.428571428571429 0.036896279600106885 -12.321428571428571
v -5.892857142857142 -0.08771409755414072 -12.321428571428571
v -5.357142857142858 0.17441821013113298 -12.321428571428571
v -4.821428571428571 -0.10655553835255444 -12.321428571428571
v -4.2857142857142865 0.11351231388482211 -12.321428571428571
v -3.75 -0.03377596330340935 -12.321428571428571
v -3.2142857142857135 -0.10348637666787724 -12.321428571428571
v -2.678571428571429 0.05346574576797074 -12.321428571428571
v -2.1428571428571423 0.190023207990412 -12.321428571428571
v -1.6071428571428577 0.1762053811933093 -12.321428571428571
v -1.0714285714285712 0.18547232322001103 -12.321428571428571
v -0.5357142857142865 -0.03508888983220068 -12.321428571428571
v 0 0.03004853529796839 -12.321428571428571
v 0.5357142857142865 0.14580197661346467 -12.321428571428571
v 1.071428571428573 0.05184506512169783 -12.321428571428571
v 1.6071428571428577 -0.04154556744167145 -12.321428571428571
v 2.1428571428571423 -0.1272885559956354 -12.321428571428571
v 2.678571428571427 -0.25026778159125546 -12.321428571428571
v 3.2142857142857153 0.10131618280565771 -12.321428571428571
v 3.75 -0.1144687557049055 -12.321428571428571
v 4.285714285714285 -0.18033772918004048 -12.321428571428571
v 4.821428571428573 0.23795965304554323 -12.321428571428571
v 5.357142857142858 0.12809879488138437 -12.321428571428571
v 5.892857142857142 -0.2482838600564392 -12.321428571428571
v 6.428571428571427 0.026308578751285894 -12.321428571428571
v 6.964285714285715 -0.3219321918106385 -12.321428571428571
v 7.5 0.08878407915932077 -12.321428571428571
v 8.035714285714285 -0.18908830730561604 -12.321428571428571
v 8.571428571428573 -0.2712635209345319 -12.321428571428571
v 9.107142857142858 0.08923950874391538 -12.321428571428571
v 9.642857142857142 0.03621884125437604 -12.321428571428571
v 10.178571428571427 -0.014787386282117437 -12.321428571428571
v 10.714285714285715 0.10226263134493108 -12.321428571428571
v 11.25 -0.10486369075365787 -12.321428571428571
v 11.785714285714285 0.15183226034161443 -12.321428571428571
v 12.321428571428573 -0.1862205405621123 -12.321428571428571
v 12.857142857142858 0.2527109651184817 -12.321428571428571
v 13.392857142857142 0.08217374695817622 -12.321428571428571
v 13.928571428571427 -0.27859505492721104 -12.321428571428571
v 14.464285714285715 0.05046159892586444 -12.321428571428571
v 15 0.016360296973809203 -12.321428571428571
v -15 0.14267510924350799 -11.785714285714285
v -14.464285714285714 -0.03423440612710631 -11.785714285714285
v -13.928571428571429 -0.01984913873995112 -11.785714285714285
v -13.392857142857142 0.7012029593347613 -11.785714285714285
v -12.857142857142858 0.06477283284237333 -11.785714285714285
v -12.321428571428571 0.7056491240847632 -11.785714285714285
v -11.785714285714285 0.7040655673098902 -11.785714285714285
v -11.25 0.40171262240133776 -11.785714285714285
v -10.714285714285715 0.18017926391796973 -11.785714285714285
v -10.178571428571429 0.37967586395254815 -11.785714285714285
v -9.642857142857142 0.15187064787018187 -11.785714285714285
v -9.107142857142858 0.27338269299274354 -11.785714285714285
v -8.571428571428571 0.17037770103893018 -11.785714285714285
v -8.035714285714285 -0.15517544501790884 -11.785714285714285
v -7.5 0.10813575415168544 -11.785714285714285
v -6.9642857142857135 -0.11845243891966924 -11.785714285714285
v -6.428571428571429 0.30079465862408905 -11.785714285714285
v -5.892857142857142 -0.10841745437918285 -11.785714285714285
v -5.357142857142858 0.19526491206587154 -11.785714285714285
v -4.821428571428571 0.12180281142379494 -11.785714285714285
v -4.2857142857142865 -0.19115085646569335 -11.785714285714285
v -3.75 -0.0073091563301923715 -11.785714285714285
v -3.2142857142857135 0.2945573599725373 -11.785714285714285
v -2.678571428571429 0.004633151068543736 -11.785714285714285
v -2.1428571428571423 0.10136535680505522 -11.785714285714285
v -1.6071428571428577 0.16454611249168774 -11.785714285714285
v -1.0714285714285712 -0.036432867631756266 -11.785714285714285
v -0.5357142857142865 -0.011271146846684184 -11.785714285714285
v 0 0.18979691658779757 -11.785714285714285
v 0.5357142857142865 -0.19479378256971436 -11.785714285714285
v 1.071428571428573 0.15021783729909755 -11.785714285714285
v 1.6071428571428577 0.2910095235248326 -11.785714285714285
v 2.1428571428571423 0.2511591512003746 -11.785714285714285
v 2.678571428571427 0.18822804389610065 -11.785714285714285
v 3.2142857142857153 0.037433549013087916 -11.785714285714285
v 3.75 0.06209265274847037 -11.785714285714285
v 4.285714285714285 -0.05587976677964032 -11.785714285714285
v 4.821428571428573 0.09997004935590911 -11.785714285714285
v 5.357142857142858 -0.012557449376222194 -11.785714285714285
v 5.892857142857142 0.03456109677286498 -11.785714285714285
v 6.428571428571427 0.1806098478632864 -11.785714285714285
v 6.964285714285715 0.2118255322012912 -11.785714285714285
v 7.5 -0.1595064341270958 -11.785714285714285
v 8.035714285714285 -0.15819416937407574 -11.785714285714285
v 8.571428571428573 0.08752685927125617 -11.785714285714285
v 9.107142857142858 -0.17692197404511673 -11.785714285714285
v 9.642857142857142 0.014765399752028164 -11.785714285714285
v 10.178571428571427 0.1735437584558794 -11.785714285714285
v 10.714285714285715 -0.06881367812880974 -11.785714285714285
v 11.25 0.21978291934068667 -11.785714285714285
v 11.785714285714285 -0.04008429492473563 -11.785714285714285
v 12.321428571428573 0.14099901748750177 -11.785714285714285
v 12.857142857142858 -0.13757006604288957 -11.785714285714285
v 13.392857142857142 -0.10848953938408798 -11.785714285714285
v 13.928571428571427 -0.18988708972243784 -11.785714285714285
v 14.464285714285715 -0.20116984824612752 -11.785714285714285
v 15 -0.008880593838696403 -11.785714285714285
v -15 0.889637425364063 -11.25
v -14.464285714285714 0.6902976267759696 -11.25
v -13.928571428571429 0.8992564537274199 -11.25
v -13.392857142857142 0.2694481816073405 -11.25
v -12.857142857142858 0.6856830911346656 -11.25
v -12.321428571428571 0.7708765955917226 -11.25
v -11.785714285714285 0.10911563461897587 -11.25
v -11.25 0.21290255702708882 -11.25
v -10.714285714285715 0.254455726396753 -11.25
v -10.178571428571429 0.3551195835719746 -11.25
v -9.642857142857142 0.14278183294955615 -11.25
v -9.107142857142858 0.10002211042835568 -11.25
v -8.571428571428571 -0.08490045195048217 -11.25
v -8.035714285714285 0.2613114785536925 -11.25
v -7.5 0.6999916007496109 -11.25
v -6.9642857142857135 0.030226562019161945 -11.25
v -6.428571428571429 0.036229551079011255 -11.25
v -5.892857142857142 -0.03191073252670901 -11.25
v -5.357142857142858 0.04741714741001808 -11.25
v -4.821428571428571 0.09437570850747325 -11.25
v -4.2857142857142865 0.007106592733460995 -11.25
v -3.75 0.15664140520805536 -11.25
v -3.2142857142857135 0.24217707170395358 -11.25
v -2.678571428571429 0.1611458254599807 -11.25
v -2.1428571428571423 -0.10361899778353201 -11.25
v -1.6071428571428577 -0.1621578769411288 -11.25
v -1.0714285714285712 -0.010889659022993289 -11.25
v -0.5357142857142865 0.0503125874254875 -11.25
v 0 -0.0029283674558724044 -11.25
v 0.5357142857142865 0.28665196621091954 -11.25
v 1.071428571428573 -0.1152363416485378 -11.25
v 1.6071428571428577 -0.05016779950734529 -11.25
v 2.1428571428571423 -0.1748970072343854 -11.25
v 2.678571428571427 0.02652076639276387 -11.25
v 3.2142857142857153 -0.01938164194230391 -11.25
v 3.75 0.15089017436356467 -11.25
v 4.285714285714285 0.3409885969883025 -11.25
v 4.821428571428573 -0.19771806477051923 -11.25
v 5.357142857142858 0.176657821469574 -11.25
v 5.892857142857142 0.004181927757170317 -11.25
v 6.428571428571427 0.13151338626916242 -11.25
v 6.964285714285715 0.31281092349506234 -11.25
v 7.5 0.19808815084539103 -11.25
v 8.035714285714285 0.03925990191046117 -11.25
v 8.571428571428573 -0.13645162097056493 -11.25
v 9.107142857142858 0.20797166281131269 -11.25
v 9.642857142857142 0.07805415963340956 -11.25
v 10.178571428571427 -0.14411148685742725 -11.25
v 10.714285714285715 -0.10709220126122479 -11.25
v 11.25 0.04755584961577136 -11.25
v 11.785714285714285 0.06438143755379787 -11.25
v 12.321428571428573 0.047151020284402934 -11.25
v 12.857142857142858 -0.1366259701689415 -11.25
v 13.392857142857142 0.0062599442083731745 -11.25
v 13.928571428571427 -0.043628768404550766 -11.25
v 14.464285714285715 -0.3076013603066646 -11.25
v 15 0.20587252261895367 -11.25
v -15 0.23095488889323545 -10.714285714285715
v -14.464285714285714 0.7556357689570403 -10.714285714285715
v -13.928571428571429 0.3084054972417012 -10.714285714285715
v -13.392857142857142 0.7358447818170516 -10.714285714285715
v -12.857142857142858 0.8166025801733612 -10.714285714285715
v -12.321428571428571 0.7831511524983208 -10.714285714285715
v -11.785714285714285 0.27742629071912517 -10.714285714285715
v -11.25 0.13235987606241073 -10.714285714285715
v -10.714285714285715 0.3077716664232703 -10.714285714285715
v -10.178571428571429 0.22230069453159063 -10.714285714285715
v -9.642857142857142 0.8552314313949342 -10.714285714285715
v -9.107142857142858 0.3821459153624479 -10.714285714285715
v -8.571428571428571 0.38053991444376467 -10.714285714285715
v -8.035714285714285 0.7100209574588967 -10.714285714285715
v -7.5 0.1354283494563182 -10.714285714285715
v -6.9642857142857135 0.7275245418103452 -10.714285714285715
v -6.428571428571429 0.14300476453461153 -10.714285714285715
v -5.892857142857142 0.37330001850849726 -10.714285714285715
v -5.357142857142858 -0.07404739299845031 -10.714285714285715
v -4.821428571428571 0.3434332214704434 -10.714285714285715
v -4.2857142857142865 0.02770546947961873 -10.714285714285715
v -3.75 0.22078607411776227 -10.714285714285715
v -3.2142857142857135 0.37612635337508593 -10.714285714285715
v -2.678571428571429 0.6905184603593578 -10.714285714285715
v -2.1428571428571423 0.11559011452699416 -10.714285714285715
v -1.6071428571428577 0.26836550887454297 -10.714285714285715
v -1.0714285714285712 0.14259476023971057 -10.714285714285715
v -0.5357142857142865 -0.015844736852576726 -10.714285714285715
v 0 0.17557239810075814 -10.714285714285715
v 0.5357142857142865 -0.03461469963956006 -10.714285714285715
v 1.071428571428573 0.21245542435353487 -10.714285714285715
v 1.6071428571428577 -0.0070870848389671705 -10.714285714285715
v 2.1428571428571423 0.16963702122019667 -10.714285714285715
v 2.678571428571427 0.13533941512591935 -10.714285714285715
v 3.2142857142857153 -0.218837694238242 -10.714285714285715
v 3.75 0.1028910012433761 -10.714285714285715
v 4.285714285714285 -0.015887644662813127 -10.714285714285715
v 4.821428571428573 -0.03072499185581666 -10.714285714285715
v 5.357142857142858 0.17519754168283497 -10.714285714285715
v 5.892857142857142 0.3522343344254523 -10.714285714285715
v 6.428571428571427 -0.10134568921465775 -10.714285714285715
v 6.964285714285715 0.2227392864891502 -10.714285714285715
v 7.5 -0.06561643692252786 -10.714285714285715
v 8.035714285714285 -0.038348837075743464 -10.714285714285715
v 8.571428571428573 -0.19627532263441874 -10.714285714285715
v 9.107142857142858 -0.26514626472386194 -10.714285714285715
v 9.642857142857142 -0.012368746795975414 -10.714285714285715
v 10.178571428571427 -0.15144837093039382 -10.714285714285715
v 10.714285714285715 0.2971049896039476 -10.714285714285715
v 11.25 -0.1048741471733903 -10.714285714285715
v 11.785714285714285 0.1632104134512894 -10.714285714285715
v 12.321428571428573 -0.23039826384223844 -10.714285714285715
v 12.857142857142858 -0.08074472982750537 -10.714285714285715
v 13.392857142857142 0.15680200780130824 -10.714285714285715
v 13.928571428571427 0.2399249325069054 -10.714285714285715
v 14.464285714285715 -0.18286058861295396 -10.714285714285715
v 15 0.1112414375178886 -10.714285714285715
v -15 0.9532900164166507 -10.178571428571429
v -14.464285714285714 0.21312885637226545 -10.178571428571429
v -13.928571428571429 0.7082191901174962 -10.178571428571429
v -13.392857142857142 0.31188531602696823 -10.178571428571429
v -12.857142857142858 0.8125396320291852 -10.178571428571429
v -12.321428571428571 0.694783493189624 -10.178571428571429
v -11.785714285714285 0.2834740078113727 -10.178571428571429
v -11.25 0.6982885470257019 -10.178571428571429
v -10.714285714285715 0.8615275422907483 -10.178571428571429
v -10.178571428571429 0.7680863601923088 -10.178571428571429
v -9.642857142857142 0.9255789253015825 -10.178571428571429
v -9.107142857142858 0.15960294822202115 -10.178571428571429
v -8.571428571428571 0.3579305261889714 -10.178571428571429
v -8.035714285714285 0.3274135753256412 -10.178571428571429
v -7.5 0.247838297877777 -10.178571428571429
v -6.9642857142857135 0.6920723271496747 -10.178571428571429
v -6.428571428571429 0.11932066783151452 -10.178571428571429
v -5.892857142857142 0.32749651388676404 -10.178571428571429
v -5.357142857142858 0.4021464213848073 -10.178571428571429
v -4.821428571428571 0.7388319102817902 -10.178571428571429
v -4.2857142857142865 0.13668488820990843 -10.178571428571429
v -3.75 0.08991387007159467 -10.178571428571429
v -3.2142857142857135 0.0757394517465437 -10.178571428571429
v -2.678571428571429 0.31584437392503684 -10.178571428571429
v -2.1428571428571423 0.20435624025839633 -10.178571428571429
v -1.6071428571428577 0.8431750604702493 -10.178571428571429
v -1.0714285714285712 0.002491680066591435 -10.178571428571429
v -0.5357142857142865 0.390563048082176 -10.178571428571429
v 0 -0.06325152520703999 -10.178571428571429
v 0.5357142857142865 0.11184526080259433 -10.178571428571429
v 1.071428571428573 -0.1233068822084133 -10.178571428571429
v 1.6071428571428577 0.15086739763602816 -10.178571428571429
v 2.1428571428571423 0.30267078926165925 -10.178571428571429
v 2.678571428571427 -0.17585273699792045 -10.178571428571429
v 3.2142857142857153 0.3640423388399404 -10.178571428571429
v 3.75 0.09568237714891328 -10.178571428571429
v 4.285714285714285 0.28464079930508185 -10.178571428571429
v 4.821428571428573 -0.0862402027019128 -10.178571428571429
v 5.357142857142858 0.2995381167752037 -10.178571428571429
v 5.892857142857142 -0.0006853667836841643 -10.178571428571429
v 6.428571428571427 0.6834984480105326 -10.178571428571429
v 6.964285714285715 0.10544653460361056 -10.178571428571429
v 7.5 0.15844653315795515 -10.178571428571429
v 8.035714285714285 -0.07865726435310563 -10.178571428571429
v 8.571428571428573 0.05115770246689387 -10.178571428571429
v 9.107142857142858 0.272249025190357 -10.178571428571429
v 9.642857142857142 0.06057637750328691 -10.178571428571429
v 10.178571428571427 -0.0707961653559894 -10.178571428571429
v 10.714285714285715 0.31508333009430517 -10.178571428571429
v 11.25 0.00650427262100662 -10.178571428571429
v 11.785714285714285 0.33604324045356654 -10.178571428571429
v 12.321428571428573 -0.24057144208428888 -10.178571428571429
v 12.857142857142858 0.23590708989449555 -10.178571428571429
v 13.392857142857142 -0.009644219829857355 -10.178571428571429
v 13.928571428571427 0.19362072428269206 -10.178571428571429
v 14.464285714285715 0.23937692896865048 -10.178571428571429
v 15 0.051850926863483394 -10.178571428571429
v -15 0.9069578478294096 -9.642857142857142
v -14.464285714285714 0.8184142830242195 -9.642857142857142
v -13.928571428571429 0.3114002911580307 -9.642857142857142
v -13.392857142857142 1.0675160548587095 -9.642857142857142
v -12.857142857142858 0.8858360400081063 -9.642857142857142
v -12.321428571428571 0.3936466593207371 -9.642857142857142
v -11.785714285714285 1.097679117297925 -9.642857142857142
v -11.25 0.9730177078570487 -9.642857142857142
v -10.714285714285715 1.0760065477769845 -9.642857142857142
v -10.178571428571429 0.727620392641062 -9.642857142857142
v -9.642857142857142 1.0965288104276292 -9.642857142857142
v -9.107142857142858 1.0196273804484743 -9.642857142857142
v -8.571428571428571 0.7737159197092947 -9.642857142857142
v -8.035714285714285 0.3233452790219204 -9.642857142857142
v -7.5 0.29446791909812026 -9.642857142857142
v -6.9642857142857135 0.7673788072349012 -9.642857142857142
v -6.428571428571429 0.3179050835718998 -9.642857142857142
v -5.892857142857142 0.3355680251762088 -9.642857142857142
v -5.357142857142858 0.16848316541790537 -9.642857142857142
v -4.821428571428571 0.9021175599246793 -9.642857142857142
v -4.2857142857142865 0.4010542361977407 -9.642857142857142
v -3.75 0.8045214819494788 -9.642857142857142
v -3.2142857142857135 0.17812607443195627 -9.642857142857142
v -2.678571428571429 0.7724689691846932 -9.642857142857142
v -2.1428571428571423 0.33872655177935784 -9.642857142857142
v -1.6071428571428577 0.3872675716322248 -9.642857142857142
v -1.0714285714285712 0.6978289033819256 -9.642857142857142
v -0.5357142857142865 0.18439902447700796 -9.642857142857142
v 0 0.03591851820834298 -9.642857142857142
v 0.5357142857142865 0.7065346975453864 -9.642857142857142
v 1.071428571428573 -0.11929347192208498 -9.642857142857142
v 1.6071428571428577 0.08497486836878745 -9.642857142857142
v 2.1428571428571423 0.08034039832669418 -9.642857142857142
v 2.678571428571427 0.3120386724376445 -9.642857142857142
v 3.2142857142857153 0.04055729283991611 -9.642857142857142
v 3.75 0.2052956967183025 -9.642857142857142
v 4.285714285714285 0.7416183120909422 -9.642857142857142
v 4.821428571428573 0.1968660957154762 -9.642857142857142
v 5.357142857142858 -0.029069008230932093 -9.642857142857142
v 5.892857142857142 -0.03720543930870135 -9.642857142857142
v 6.428571428571427 -0.16025231671345153 -9.642857142857142
v 6.964285714285715 0.013459238582942193 -9.642857142857142
v 7.5 0.06129730842713205 -9.642857142857142
v 8.035714285714285 -0.14170541593333028 -9.642857142857142
v 8.571428571428573 0.10244714265658063 -9.642857142857142
v 9.107142857142858 0.31259992510287793 -9.642857142857142
v 9.642857142857142 -0.00010031616792961046 -9.642857142857142
v 10.178571428571427 0.19145461153932886 -9.642857142857142
v 10.714285714285715 0.06762447911400712 -9.642857142857142
v 11.25 -0.040453425740251035 -9.642857142857142
v 11.785714285714285 -0.023413086286067718 -9.642857142857142
v 12.321428571428573 -0.1494805370648646 -9.642857142857142
v 12.857142857142858 0.3310745062773743 -9.642857142857142
v 13.392857142857142 0.07749800719872112 -9.642857142857142
v 13.928571428571427 0.06651464456414305 -9.642857142857142
v 14.464285714285715 -0.13038691835855865 -9.642857142857142
v 15 -0.2546235126794356 -9.642857142857142
v -15 0.9323221927977157 -9.107142857142858
v -14.464285714285714 1.1724606663775814 -9.107142857142858
v -13.928571428571429 1.305212267713882 -9.107142857142858
v -13.392857142857142 0.8349274609139172 -9.107142857142858
v -12.857142857142858 1.0905785633770388 -9.107142857142858
v -12.321428571428571 1.0155487061946857 -9.107142857142858
v -11.785714285714285 0.9787065877655743 -9.107142857142858
v -11.25 0.8703735843097571 -9.107142857142858
v -10.714285714285715 0.9556357223675054 -9.107142857142858
v -10.178571428571429 1.047274907446727 -9.107142857142858
v -9.642857142857142 0.7192554240565207 -9.107142857142858
v -9.107142857142858 0.9119706377033802 -9.107142857142858
v -8.571428571428571 1.0873956876841993 -9.107142857142858
v -8.035714285714285 0.9769377337915722 -9.107142857142858
v -7.5 1.1587599972626585 -9.107142857142858
v -6.9642857142857135 0.790470702778078 -9.107142857142858
v -6.428571428571429 0.9304258753705443 -9.107142857142858
v -5.892857142857142 1.1339335696059258 -9.107142857142858
v -5.357142857142858 1.0395892915192189 -9.107142857142858
v -4.821428571428571 0.8494679768409905 -9.107142857142858
v -4.2857142857142865 0.7118783923671397 -9.107142857142858
v -3.75 0.7915719659316258 -9.107142857142858
v -3.2142857142857135 0.9674250867185167 -9.107142857142858
v -2.678571428571429 0.20772936973904665 -9.107142857142858
v -2.1428571428571423 0.9392414130735597 -9.107142857142858
v -1.6071428571428577 0.31274706318452894 -9.107142857142858
v -1.0714285714285712 0.3312888834493096 -9.107142857142858
v -0.5357142857142865 0.15578402955035012 -9.107142857142858
v 0 0.388969792828364 -9.107142857142858
v 0.5357142857142865 0.35430904718607426 -9.107142857142858
v 1.071428571428573 0.2652829660539855 -9.107142857142858
v 1.6071428571428577 0.3776532853551394 -9.107142857142858
v 2.1428571428571423 0.713317620968264 -9.107142857142858
v 2.678571428571427 0.40221055101822384 -9.107142857142858
v 3.2142857142857153 0.7251674916707308 -9.107142857142858
v 3.75 0.3538994628680867 -9.107142857142858
v 4.285714285714285 0.27075775477200037 -9.107142857142858
v 4.821428571428573 0.1966763591157787 -9.107142857142858
v 5.357142857142858 0.6973718269453979 -9.107142857142858
v 5.892857142857142 -0.02888824262564996 -9.107142857142858
v 6.428571428571427 0.3391753338909915 -9.107142857142858
v 6.964285714285715 0.37806050525373913 -9.107142857142858
v 7.5 0.002760456885441938 -9.107142857142858
v 8.035714285714285 0.25830984785925964 -9.107142857142858
v 8.571428571428573 0.2482019966198397 -9.107142857142858
v 9.107142857142858 0.11161395508792141 -9.107142857142858
v 9.642857142857142 -0.19015299866281749 -9.107142857142858
v 10.178571428571427 0.29855670774760057 -9.107142857142858
v 10.714285714285715 -0.03510635375470708 -9.107142857142858
v 11.25 -0.1543502425641537 -9.107142857142858
v 11.785714285714285 0.11179794627831613 -9.107142857142858
v 12.321428571428573 -0.08477288491265106 -9.107142857142858
v 12.857142857142858 0.12492980449046098 -9.107142857142858
v 13.392857142857142 -0.1133236339942742 -9.107142857142858
v 13.928571428571427 -0.07642963285881729 -9.107142857142858
v 14.464285714285715 -0.013464781513101105 -9.107142857142858
v 15 -0.22031499554046743 -9.107142857142858
v -15 1.8023151384253884 -8.571428571428571
v -14.464285714285714 1.3799478928348194 -8.571428571428571
v -13.928571428571429 1.4821477817466648 -8.571428571428571
v -13.392857142857142 1.2431053757512194 -8.571428571428571
v -12.857142857142858 1.1255746309999874 -8.571428571428571
v -12.321428571428571 1.1391835921267874 -8.571428571428571
v -11.785714285714285 1.416128369586381 -8.571428571428571
v -11.25 1.2721063020695458 -8.571428571428571
v -10.714285714285715 1.0664807274067292 -8.571428571428571
v -10.178571428571429 1.3565790923352192 -8.571428571428571
v -9.642857142857142 1.3111326123659024 -8.571428571428571
v -9.107142857142858 1.4532267402485841 -8.571428571428571
v -8.571428571428571 1.3155037851936844 -8.571428571428571
v -8.035714285714285 1.2541015922180105 -8.571428571428571
v -7.5 1.352686679628262 -8.571428571428571
v -6.9642857142857135 1.061031815845652 -8.571428571428571
v -6.428571428571429 1.1334904929183787 -8.571428571428571
v -5.892857142857142 0.8874827596824719 -8.571428571428571
v -5.357142857142858 1.2276234915569788 -8.571428571428571
v -4.821428571428571 0.7299730335730963 -8.571428571428571
v -4.2857142857142865 0.9532153672360576 -8.571428571428571
v -3.75 0.9261025545468402 -8.571428571428571
v -3.2142857142857135 1.2053311958661699 -8.571428571428571
v -2.678571428571429 0.9534665388245694 -8.571428571428571
v -2.1428571428571423 0.7285479965116046 -8.571428571428571
v -1.6071428571428577 1.1064299735146146 -8.571428571428571
v -1.0714285714285712 0.2630389067723605 -8.571428571428571
v -0.5357142857142865 0.8023564083631936 -8.571428571428571
v 0 0.9233135962940626 -8.571428571428571
v 0.5357142857142865 0.8507435264030552 -8.571428571428571
v 1.071428571428573 0.7507518560410325 -8.571428571428571
v 1.6071428571428577 0.23669287854221827 -8.571428571428571
v 2.1428571428571423 0.7766638546582408 -8.571428571428571
v 2.678571428571427 0.313850223451833 -8.571428571428571
v 3.2142857142857153 0.7677363617058428 -8.571428571428571
v 3.75 -0.005971261828767994 -8.571428571428571
v 4.285714285714285 0.1756395946167159 -8.571428571428571
v 4.821428571428573 0.6882795516151254 -8.571428571428571
v 5.357142857142858 0.24963077639232648 -8.571428571428571
v 5.892857142857142 0.1249872097811095 -8.571428571428571
v 6.428571428571427 0.351993741002672 -8.571428571428571
v 6.964285714285715 0.22799546003219323 -8.571428571428571
v 7.5 0.10792184867847956 -8.571428571428571
v 8.035714285714285 -0.036457081101361234 -8.571428571428571
v 8.571428571428573 0.7626723929265102 -8.571428571428571
v 9.107142857142858 -0.06889784428994497 -8.571428571428571
v 9.642857142857142 0.08367665869703467 -8.571428571428571
v 10.178571428571427 0.25994152428426853 -8.571428571428571
v 10.714285714285715 0.11772379032765215 -8.571428571428571
v 11.25 0.2743292769032431 -8.571428571428571
v 11.785714285714285 0.19591680215095036 -8.571428571428571
v 12.321428571428573 0.10738671408622691 -8.571428571428571
v 12.857142857142858 -0.11677719934446243 -8.571428571428571
v 13.392857142857142 0.016891880668203813 -8.571428571428571
v 13.928571428571427 -0.09840971151342234 -8.571428571428571
v 14.464285714285715 -0.1847176636328345 -8.571428571428571
v 15 -0.06448643307269722 -8.571428571428571
v -15 2.088683620325808 -8.035714285714285
v -14.464285714285714 1.3722834685509524 -8.035714285714285
v -13.928571428571429 1.268740881213724 -8.035714285714285
v -13.392857142857142 1.779539825549764 -8.035714285714285
v -12.857142857142858 1.8521971247081357 -8.035714285714285
v -12.321428571428571 1.8135541660862229 -8.035714285714285
v -11.785714285714285 2.0029725957424223 -8.035714285714285
v -11.25 1.776027800792859 -8.035714285714285
v -10.714285714285715 1.337809881740137 -8.035714285714285
v -10.178571428571429 1.8132600552185314 -8.035714285714285
v -9.642857142857142 1.951713025032077 -8.035714285714285
v -9.107142857142858 1.4141163068817153 -8.035714285714285
v -8.571428571428571 1.335007376898227 -8.035714285714285
v -8.035714285714285 1.1871694394696193 -8.035714285714285
v -7.5 1.392498568139858 -8.035714285714285
v -6.9642857142857135 1.4015158946164095 -8.035714285714285
v -6.428571428571429 1.7983502640331936 -8.035714285714285
v -5.892857142857142 1.840052405351791 -8.035714285714285
v -5.357142857142858 1.3223959619981533 -8.035714285714285
v -4.821428571428571 1.3824670182328276 -8.035714285714285
v -4.2857142857142865 1.0144467544232143 -8.035714285714285
v -3.75 1.4015089652064543 -8.035714285714285
v -3.2142857142857135 1.2181361667502222 -8.035714285714285
v -2.678571428571429 0.8966584721029109 -8.035714285714285
v -2.1428571428571423 1.1148109544692408 -8.035714285714285
v -1.6071428571428577 0.8827562846467838 -8.035714285714285
v -1.0714285714285712 1.0139262413911512 -8.035714285714285
v -0.5357142857142865 1.213407754396733 -8.035714285714285
v 0 0.751451815812444 -8.035714285714285
v 0.5357142857142865 0.3959845295269183 -8.035714285714285
v 1.071428571428573 0.9845895558967311 -8.035714285714285
v 1.6071428571428577 0.9684941366182069 -8.035714285714285
v 2.1428571428571423 0.3654859619299218 -8.035714285714285
v 2.678571428571427 0.8166640355956853 -8.035714285714285
v 3.2142857142857153 0.7080627321544688 -8.035714285714285
v 3.75 0.8648572688891049 -8.035714285714285
v 4.285714285714285 0.8029845111069687 -8.035714285714285
v 4.821428571428573 0.21744161380703686 -8.035714285714285
v 5.357142857142858 0.37873431832486226 -8.035714285714285
v 5.892857142857142 0.1821624033518947 -8.035714285714285
v 6.428571428571427 0.1826842582248337 -8.035714285714285
v 6.964285714285715 0.7014281912150155 -8.035714285714285
v 7.5 0.7916744142227666 -8.035714285714285
v 8.035714285714285 0.8642334658719742 -8.035714285714285
v 8.571428571428573 0.740724701144608 -8.035714285714285
v 9.107142857142858 0.7705947075675983 -8.035714285714285
v 9.642857142857142 0.39873880759756475 -8.035714285714285
v 10.178571428571427 0.3232034282032177 -8.035714285714285
v 10.714285714285715 0.08451790597872277 -8.035714285714285
v 11.25 0.1945933232477179 -8.035714285714285
v 11.785714285714285 0.0450859324766722 -8.035714285714285
v 12.321428571428573 0.1085497621703786 -8.035714285714285
v 12.857142857142858 0.2813631542572633 -8.035714285714285
v 13.392857142857142 0.07917740961284526 -8.035714285714285
v 13.928571428571427 -0.13034587121330243 -8.035714285714285
v 14.464285714285715 0.1688845859028739 -8.035714285714285
v 15 -0.05873769615061783 -8.035714285714285
v -15 1.960137927572079 -7.5
v -14.464285714285714 2.2882475519633476 -7.5
v -13.928571428571429 2.3037206699247235 -7.5
v -13.392857142857142 2.1911591997931397 -7.5
v -12.857142857142858 1.9664046429947006 -7.5
v -12.321428571428571 2.1648895961339822 -7.5
v -11.785714285714285 2.0355138153702486 -7.5
v -11.25 2.257742087759091 -7.5
v -10.714285714285715 2.013122465505976 -7.5
v -10.178571428571429 1.9217290192773153 -7.5
v -9.642857142857142 2.1077881275060997 -7.5
v -9.107142857142858 2.3283279889312247 -7.5
v -8.571428571428571 1.9850464247738637 -7.5
v -8.035714285714285 2.137135411296645 -7.5
v -7.5 1.8633932385354344 -7.5
v -6.9642857142857135 1.471339410787733 -7.5
v -6.428571428571429 1.3296957863491772 -7.5
v -5.892857142857142 1.8105023679393892 -7.5
v -5.357142857142858 1.4304101845761887 -7.5
v -4.821428571428571 1.4647215736381063 -7.5
v -4.2857142857142865 1.3347441334851986 -7.5
v -3.75 1.1649610779849306 -7.5
v -3.2142857142857135 1.2842068764409929 -7.5
v -2.678571428571429 1.0749087948672083 -7.5
v -2.1428571428571423 1.793227308358715 -7.5
v -1.6071428571428577 1.0862268496264191 -7.5
v -1.0714285714285712 1.2877517215020535 -7.5
v -0.5357142857142865 1.1908088154795686 -7.5
v 0 1.2376185948474063 -7.5
v 0.5357142857142865 1.3132958636364847 -7.5
v 1.071428571428573 0.8591506579440744 -7.5
v 1.6071428571428577 1.2023129233271148 -7.5
v 2.1428571428571423 0.8743922050154658 -7.5
v 2.678571428571427 1.1524714479378912 -7.5
v 3.2142857142857153 0.7807133546601283 -7.5
v 3.75 0.3615338897504397 -7.5
v 4.285714285714285 1.03333215904889 -7.5
v 4.821428571428573 0.3904296651440031 -7.5
v 5.357142857142858 0.6884510614803006 -7.5
v 5.892857142857142 0.9422620670876212 -7.5
v 6.428571428571427 0.32381959651805564 -7.5
v 6.964285714285715 0.8112222071201808 -7.5
v 7.5 0.20374945408868517 -7.5
v 8.035714285714285 0.08853516046782745 -7.5
v 8.571428571428573 0.774685901556882 -7.5
v 9.107142857142858 0.7711753235025274 -7.5
v 9.642857142857142 0.8463426868377204 -7.5
v 10.178571428571427 0.09950036723847124 -7.5
v 10.714285714285715 0.2205450640759986 -7.5
v 11.25 0.7441107110881539 -7.5
v 11.785714285714285 -0.015069631971612332 -7.5
v 12.321428571428573 -0.07839360022756997 -7.5
v 12.857142857142858 0.3137888595159107 -7.5
v 13.392857142857142 0.1728990742437632 -7.5
v 13.928571428571427 0.3142325254037107 -7.5
v 14.464285714285715 0.259613197614853 -7.5
v 15 0.2699403127378496 -7.5
v -15 2.9383887756966782 -6.9642857142857135
v -14.464285714285714 2.313208702055244 -6.9642857142857135
v -13.928571428571429 2.9313938590999564 -6.9642857142857135
v -13.392857142857142 2.334968321613655 -6.9642857142857135
v -12.857142857142858 2.336282606391856 -6.9642857142857135
v -12.321428571428571 2.4801315214730884 -6.9642857142857135
v -11.785714285714285 2.5109352533520206 -6.9642857142857135
v -11.25 2.8709914469498057 -6.9642857142857135
v -10.714285714285715 2.9194594720690854 -6.9642857142857135
v -10.178571428571429 2.167196653599455 -6.9642857142857135
v -9.642857142857142 2.111343108595621 -6.9642857142857135
v -9.107142857142858 2.4493013990155084 -6.9642857142857135
v -8.571428571428571 2.159571185584579 -6.9642857142857135
v -8.035714285714285 2.246552228832087 -6.9642857142857135
v -7.5 2.2058392976383456 -6.9642857142857135
v -6.9642857142857135 2.883636088975921 -6.9642857142857135
v -6.428571428571429 2.3324855947691745 -6.9642857142857135
v -5.892857142857142 2.311666231621551 -6.9642857142857135
v -5.357142857142858 2.216798847234761 -6.9642857142857135
v -4.821428571428571 1.957752303419881 -6.9642857142857135
v -4.2857142857142865 1.8642894350564734 -6.9642857142857135
v -3.75 1.7990659594202376 -6.9642857142857135
v -3.2142857142857135 1.7769283677181085 -6.9642857142857135
v -2.678571428571429 1.9326658755116035 -6.9642857142857135
v -2.1428571428571423 2.0619171160277987 -6.9642857142857135
v -1.6071428571428577 1.358027984166324 -6.9642857142857135
v -1.0714285714285712 1.770008304154291 -6.9642857142857135
v -0.5357142857142865 1.8327602359408635 -6.9642857142857135
v 0 1.403967200361682 -6.9642857142857135
v 0.5357142857142865 1.3728197913892568 -6.9642857142857135
v 1.071428571428573 1.0889308676616123 -6.9642857142857135
v 1.6071428571428577 1.1021107633328127 -6.9642857142857135
v 2.1428571428571423 0.9927573225020808 -6.9642857142857135
v 2.678571428571427 0.8897790018709277 -6.9642857142857135
v 3.2142857142857153 1.1267326481796855 -6.9642857142857135
v 3.75 0.9855236630954175 -6.9642857142857135
v 4.285714285714285 1.139017146161141 -6.9642857142857135
v 4.821428571428573 0.8540428707934151 -6.9642857142857135
v 5.357142857142858 1.0448560407682579 -6.9642857142857135
v 5.892857142857142 1.071133927143368 -6.9642857142857135
v 6.428571428571427 0.6975712673734022 -6.9642857142857135
v 6.964285714285715 0.8892741248266562 -6.9642857142857135
v 7.5 0.3644032130159109 -6.9642857142857135
v 8.035714285714285 0.38721105198820993 -6.9642857142857135
v 8.571428571428573 0.6908393298040474 -6.9642857142857135
v 9.107142857142858 0.7280912515330621 -6.9642857142857135
v 9.642857142857142 0.6880473525335244 -6.9642857142857135
v 10.178571428571427 0.8821601068203022 -6.9642857142857135
v 10.714285714285715 0.11339138857162652 -6.9642857142857135
v 11.25 0.7217887264239566 -6.9642857142857135
v 11.785714285714285 0.06327282226569954 -6.9642857142857135
v 12.321428571428573 0.27568134895947205 -6.9642857142857135
v 12.857142857142858 0.12472772505564231 -6.9642857142857135
v 13.392857142857142 -0.10110052995602056 -6.9642857142857135
v 13.928571428571427 -0.005969162227892162 -6.9642857142857135
v 14.464285714285715 0.032904991763436156 -6.9642857142857135
v 15 0.18981080050236743 -6.9642857142857135
v -15 2.9228080745604013 -6.428571428571429
v -14.464285714285714 2.3911450271225227 -6.428571428571429
v -13.928571428571429 2.5255591339166363 -6.428571428571429
v -13.392857142857142 2.9181671119349084 -6.428571428571429
v -12.857142857142858 3.1389101790646547 -6.428571428571429
v -12.321428571428571 2.5030814095452834 -6.428571428571429
v -11.785714285714285 2.918698853288186 -6.428571428571429
v -11.25 3.110171643338949 -6.428571428571429
v -10.714285714285715 2.8604366233318075 -6.428571428571429
v -10.178571428571429 3.1578865070138917 -6.428571428571429
v -9.642857142857142 3.2067842211746362 -6.428571428571429
v -9.107142857142858 3.100056088006692 -6.428571428571429
v -8.571428571428571 3.265358678266368 -6.428571428571429
v -8.035714285714285 3.0479959976701805 -6.428571428571429
v -7.5 3.0576612602126105 -6.428571428571429
v -6.9642857142857135 3.0002233225360624 -6.428571428571429
v -6.428571428571429 2.394073647899164 -6.428571428571429
v -5.892857142857142 2.5726427801931746 -6.428571428571429
v -5.357142857142858 3.06116739375072 -6.428571428571429
v -4.821428571428571 2.3181382114473714 -6.428571428571429
v -4.2857142857142865 2.1430619703719174 -6.428571428571429
v -3.75 2.1563408025940336 -6.428571428571429
v -3.2142857142857135 2.155031407705022 -6.428571428571429
v -2.678571428571429 2.195252954875694 -6.428571428571429
v -2.1428571428571423 2.203031155296578 -6.428571428571429
v -1.6071428571428577 2.1869270150461717 -6.428571428571429
v -1.0714285714285712 1.8496651354550404 -6.428571428571429
v -0.5357142857142865 1.82709107615411 -6.428571428571429
v 0 1.4495164373899898 -6.428571428571429
v 0.5357142857142865 1.776489167376816 -6.428571428571429
v 1.071428571428573 1.8201316063183421 -6.428571428571429
v 1.6071428571428577 1.3353060406663209 -6.428571428571429
v 2.1428571428571423 1.9545870381482606 -6.428571428571429
v 2.678571428571427 1.15900311190651 -6.428571428571429
v 3.2142857142857153 1.0872912776463424 -6.428571428571429
v 3.75 1.370028037623751 -6.428571428571429
v 4.285714285714285 1.033740233450708 -6.428571428571429
v 4.821428571428573 0.9500693665361928 -6.428571428571429
v 5.357142857142858 1.1643099742597223 -6.428571428571429
v 5.892857142857142 0.9534497248846378 -6.428571428571429
v 6.428571428571427 0.9704331210331238 -6.428571428571429
v 6.964285714285715 1.1238974150665184 -6.428571428571429
v 7.5 1.152734526972101 -6.428571428571429
v 8.035714285714285 0.3788307274339866 -6.428571428571429
v 8.571428571428573 0.3755329996523061 -6.428571428571429
v 9.107142857142858 1.0853230956883348 -6.428571428571429
v 9.642857142857142 0.17494513022932962 -6.428571428571429
v 10.178571428571427 0.3730816639464729 -6.428571428571429
v 10.714285714285715 0.35602726778626864 -6.428571428571429
v 11.25 0.9787618969447512 -6.428571428571429
v 11.785714285714285 0.07240179181806819 -6.428571428571429
v 12.321428571428573 0.23649273186679984 -6.428571428571429
v 12.857142857142858 0.3750602581612469 -6.428571428571429
v 13.392857142857142 -0.03367236665176016 -6.428571428571429
v 13.928571428571427 0.3421560332538901 -6.428571428571429
v 14.464285714285715 0.0843480048712689 -6.428571428571429
v 15 0.17296417384481177 -6.428571428571429
v -15 3.3811759404139194 -5.892857142857142
v -14.464285714285714 3.07319332069504 -5.892857142857142
v -13.928571428571429 3.547721975564101 -5.892857142857142
v -13.392857142857142 3.0210453299755686 -5.892857142857142
v -12.857142857142858 3.5713613032575022 -5.892857142857142
v -12.321428571428571 3.452301084961632 -5.892857142857142
v -11.785714285714285 3.2659588704169313 -5.892857142857142
v -11.25 3.4381035827750908 -5.892857142857142
v -10.714285714285715 3.414730003390925 -5.892857142857142
v -10.178571428571429 3.4140378321238436 -5.892857142857142
v -9.642857142857142 3.1779640409296013 -5.892857142857142
v -9.107142857142858 3.195928722883317 -5.892857142857142
v -8.571428571428571 3.635713149525729 -5.892857142857142
v -8.035714285714285 3.475557906173916 -5.892857142857142
v -7.5 3.250321304828826 -5.892857142857142
v -6.9642857142857135 3.397550477264998 -5.892857142857142
v -6.428571428571429 3.1116932773968107 -5.892857142857142
v -5.892857142857142 3.335954219482848 -5.892857142857142
v -5.357142857142858 2.9642189528050444 -5.892857142857142
v -4.821428571428571 3.218953089797085 -5.892857142857142
v -4.2857142857142865 2.458103992259089 -5.892857142857142
v -3.75 2.3365838319372254 -5.892857142857142
v -3.2142857142857135 3.1643569871918267 -5.892857142857142
v -2.678571428571429 2.2098703569418334 -5.892857142857142
v -2.1428571428571423 2.266531845995168 -5.892857142857142
v -1.6071428571428577 2.1255725277237594 -5.892857142857142
v -1.0714285714285712 2.156077423467291 -5.892857142857142
v -0.5357142857142865 2.305918488033954 -5.892857142857142
v 0 2.1980785323301886 -5.892857142857142
v 0.5357142857142865 2.1951578150451323 -5.892857142857142
v 1.071428571428573 2.0043468597494005 -5.892857142857142
v 1.6071428571428577 2.01342994767085 -5.892857142857142
v 2.1428571428571423 1.8313911086115027 -5.892857142857142
v 2.678571428571427 1.9044665194949313 -5.892857142857142
v 3.2142857142857153 1.9303183016329981 -5.892857142857142
v 3.75 1.3279903988220012 -5.892857142857142
v 4.285714285714285 1.477699051483826 -5.892857142857142
v 4.821428571428573 2.012392415432961 -5.892857142857142
v 5.357142857142858 1.768643706201274 -5.892857142857142
v 5.892857142857142 1.398645213849477 -5.892857142857142
v 6.428571428571427 1.8109153733747592 -5.892857142857142
v 6.964285714285715 1.1776784551012718 -5.892857142857142
v 7.5 0.831541072251057 -5.892857142857142
v 8.035714285714285 1.0486499065235266 -5.892857142857142
v 8.571428571428573 0.7590488888403342 -5.892857142857142
v 9.107142857142858 0.8299850594395596 -5.892857142857142
v 9.642857142857142 0.8359153559283579 -5.892857142857142
v 10.178571428571427 0.7590119958058873 -5.892857142857142
v 10.714285714285715 0.9706924224091238 -5.892857142857142
v 11.25 1.1191659581959414 -5.892857142857142
v 11.785714285714285 1.0055996497928124 -5.892857142857142
v 12.321428571428573 0.8365957551935266 -5.892857142857142
v 12.857142857142858 0.7536619136946846 -5.892857142857142
v 13.392857142857142 0.833290167874366 -5.892857142857142
v 13.928571428571427 0.7290567427871439 -5.892857142857142
v 14.464285714285715 0.7488916692791835 -5.892857142857142
v 15 0.2874518870540647 -5.892857142857142
v -15 3.365424851083022 -5.357142857142858
v -14.464285714285714 3.248925644462694 -5.357142857142858
v -13.928571428571429 3.464417481570316 -5.357142857142858
v -13.392857142857142 4.0204768857462865 -5.357142857142858
v -12.857142857142858 3.6015033505511087 -5.357142857142858
v -12.321428571428571 4.099489763463446 -5.357142857142858
v -11.785714285714285 4.126385722100336 -5.357142857142858
v -11.25 4.146862729348422 -5.357142857142858
v -10.714285714285715 4.040085165205361 -5.357142857142858
v -10.178571428571429 4.2832974559338695 -5.357142857142858
v -9.642857142857142 4.100687238300486 -5.357142857142858
v -9.107142857142858 4.2461729642385535 -5.357142857142858
v -8.571428571428571 4.2836373377165105 -5.357142857142858
v -8.035714285714285 3.606577395613174 -5.357142857142858
v -7.5 4.2876817104172895 -5.357142857142858
v -6.9642857142857135 4.265013143791175 -5.357142857142858
v -6.428571428571429 3.5872578586623463 -5.357142857142858
v -5.892857142857142 3.571382682411316 -5.357142857142858
v -5.357142857142858 4.145002480068503 -5.357142857142858
v -4.821428571428571 3.973668733095451 -5.357142857142858
v -4.2857142857142865 3.411374755374069 -5.357142857142858
v -3.75 3.334825403206192 -5.357142857142858
v -3.2142857142857135 3.3347905404723472 -5.357142857142858
v -2.678571428571429 3.2184789854467146 -5.357142857142858
v -2.1428571428571423 2.941168227237527 -5.357142857142858
v -1.6071428571428577 3.2729831328791814 -5.357142857142858
v -1.0714285714285712 2.8744454238914674 -5.357142857142858
v -0.5357142857142865 2.3176937474762274 -5.357142857142858
v 0 2.5077836863740703 -5.357142857142858
v 0.5357142857142865 2.9112749912560902 -5.357142857142858
v 1.071428571428573 2.920340431461639 -5.357142857142858
v 1.6071428571428577 2.4006331628862596 -5.357142857142858
v 2.1428571428571423 2.235978895390602 -5.357142857142858
v 2.678571428571427 2.28258310324316 -5.357142857142858
v 3.2142857142857153 2.205286293441376 -5.357142857142858
v 3.75 2.2137577421696273 -5.357142857142858
v 4.285714285714285 1.8207339977863939 -5.357142857142858
v 4.821428571428573 2.1950342493850266 -5.357142857142858
v 5.357142857142858 1.997388224073618 -5.357142857142858
v 5.892857142857142 1.3370484942826448 -5.357142857142858
v 6.428571428571427 1.203058388448543 -5.357142857142858
v 6.964285714285715 1.402543381148815 -5.357142857142858
v 7.5 1.852391814826899 -5.357142857142858
v 8.035714285714285 1.251161041143585 -5.357142857142858
v 8.571428571428573 1.0081716968842585 -5.357142857142858
v 9.107142857142858 1.4500166045773724 -5.357142857142858
v 9.642857142857142 1.297518363352214 -5.357142857142858
v 10.178571428571427 1.1352762758411479 -5.357142857142858
v 10.714285714285715 1.0588086451389833 -5.357142857142858
v 11.25 0.8722251047273879 -5.357142857142858
v 11.785714285714285 0.7443942622506345 -5.357142857142858
v 12.321428571428573 0.8812747838947101 -5.357142857142858
v 12.857142857142858 1.1024729587865885 -5.357142857142858
v 13.392857142857142 0.8641764922331531 -5.357142857142858
v 13.928571428571427 0.32802456953859893 -5.357142857142858
v 14.464285714285715 0.27210009774736477 -5.357142857142858
v 15 0.8395251436111147 -5.357142857142858
v -15 3.9827790242010717 -4.821428571428571
v -14.464285714285714 3.4691888348189255 -4.821428571428571
v -13.928571428571429 3.6265408814646785 -4.821428571428571
v -13.392857142857142 4.360034858565879 -4.821428571428571
v -12.857142857142858 4.098091043461142 -4.821428571428571
v -12.321428571428571 4.0352921154604084 -4.821428571428571
v -11.785714285714285 4.388093480095674 -4.821428571428571
v -11.25 4.191611709963278 -4.821428571428571
v -10.714285714285715 4.11325738388467 -4.821428571428571
v -10.178571428571429 4.610814957421007 -4.821428571428571
v -9.642857142857142 4.5753813079861425 -4.821428571428571
v -9.107142857142858 4.241141433366918 -4.821428571428571
v -8.571428571428571 4.717015487983776 -4.821428571428571
v -8.035714285714285 4.539532741381606 -4.821428571428571
v -7.5 4.569832784873609 -4.821428571428571
v -6.9642857142857135 4.271375235707683 -4.821428571428571
v -6.428571428571429 4.273613680651899 -4.821428571428571
v -5.892857142857142 4.4865710448321074 -4.821428571428571
v -5.357142857142858 4.389741307956641 -4.821428571428571
v -4.821428571428571 4.523625843838345 -4.821428571428571
v -4.2857142857142865 4.348006713680889 -4.821428571428571
v -3.75 3.9491346448069486 -4.821428571428571
v -3.2142857142857135 3.4678511872861586 -4.821428571428571
v -2.678571428571429 4.0185715856891475 -4.821428571428571
v -2.1428571428571423 3.4927918926577957 -4.821428571428571
v -1.6071428571428577 3.1770765404285846 -4.821428571428571
v -1.0714285714285712 3.1210549407658976 -4.821428571428571
v -0.5357142857142865 2.9898778730064848 -4.821428571428571
v 0 3.000407001958099 -4.821428571428571
v 0.5357142857142865 3.470774216585516 -4.821428571428571
v 1.071428571428573 2.8726365937693696 -4.821428571428571
v 1.6071428571428577 3.146360556513613 -4.821428571428571
v 2.1428571428571423 2.912670777432646 -4.821428571428571
v 2.678571428571427 2.3352291142699726 -4.821428571428571
v 3.2142857142857153 2.8647930990665795 -4.821428571428571
v 3.75 2.261472564709901 -4.821428571428571
v 4.285714285714285 2.25896665114302 -4.821428571428571
v 4.821428571428573 2.4406754102877444 -4.821428571428571
v 5.357142857142858 2.239162614660385 -4.821428571428571
v 5.892857142857142 2.2016038453388957 -4.821428571428571
v 6.428571428571427 2.3884306631350447 -4.821428571428571
v 6.964285714285715 1.822775177396552 -4.821428571428571
v 7.5 1.9226294131064865 -4.821428571428571
v 8.035714285714285 1.9452433896246377 -4.821428571428571
v 8.571428571428573 1.2474563260667948 -4.821428571428571
v 9.107142857142858 1.4822072315172272 -4.821428571428571
v 9.642857142857142 1.366316657352308 -4.821428571428571
v 10.178571428571427 1.1853418918080714 -4.821428571428571
v 10.714285714285715 1.1469683634781154 -4.821428571428571
v 11.25 0.9668937284824533 -4.821428571428571
v 11.785714285714285 1.273739776319757 -4.821428571428571
v 12.321428571428573 1.3425092821378477 -4.821428571428571
v 12.857142857142858 1.0876730451819692 -4.821428571428571
v 13.392857142857142 0.7606888781006353 -4.821428571428571
v 13.928571428571427 0.30699276399070546 -4.821428571428571
v 14.464285714285715 0.7001626804301427 -4.821428571428571
v 15 0.8587368982721442 -4.821428571428571
v -15 4.418569728234383 -4.2857142857142865
v -14.464285714285714 4.372028469540116 -4.2857142857142865
v -13.928571428571429 4.481730979815179 -4.2857142857142865
v -13.392857142857142 4.565962755193856 -4.2857142857142865
v -12.857142857142858 4.226072413204341 -4.2857142857142865
v -12.321428571428571 4.442760730930837 -4.2857142857142865
v -11.785714285714285 4.370571920476077 -4.2857142857142865
v -11.25 4.472295410752777 -4.2857142857142865
v -10.714285714285715 4.624273306716266 -4.2857142857142865
v -10.178571428571429 5.159611699857207 -4.2857142857142865
v -9.642857142857142 5.31483009986893 -4.2857142857142865
v -9.107142857142858 5.19564098008447 -4.2857142857142865
v -8.571428571428571 4.6941441857658806 -4.2857142857142865
v -8.035714285714285 5.212657509700219 -4.2857142857142865
v -7.5 5.197041430491619 -4.2857142857142865
v -6.9642857142857135 4.653749462867335 -4.2857142857142865
v -6.428571428571429 5.211064367341918 -4.2857142857142865
v -5.892857142857142 4.6276430339135946 -4.2857142857142865
v -5.357142857142858 4.635438795245845 -4.2857142857142865
v -4.821428571428571 4.370305628939987 -4.2857142857142865
v -4.2857142857142865 4.4998214786020005 -4.2857142857142865
v -3.75 5.035184298850846 -4.2857142857142865
v -3.2142857142857135 4.498438532586109 -4.2857142857142865
v -2.678571428571429 4.550182698948956 -4.2857142857142865
v -2.1428571428571423 4.478999221442748 -4.2857142857142865
v -1.6071428571428577 4.095709549662816 -4.2857142857142865
v -1.0714285714285712 4.0758261650725585 -4.2857142857142865
v -0.5357142857142865 4.231956879310387 -4.2857142857142865
v 0 3.660243674686022 -4.2857142857142865
v 0.5357142857142865 4.075157713229628 -4.2857142857142865
v 1.071428571428573 3.414856228462864 -4.2857142857142865
v 1.6071428571428577 3.246520546539226 -4.2857142857142865
v 2.1428571428571423 3.5633236697932595 -4.2857142857142865
v 2.678571428571427 3.097311840442585 -4.2857142857142865
v 3.2142857142857153 3.1596896576681868 -4.2857142857142865
v 3.75 3.0975987752880503 -4.2857142857142865
v 4.285714285714285 2.998111553327929 -4.2857142857142865
v 4.821428571428573 2.9453476699876826 -4.2857142857142865
v 5.357142857142858 2.8580858878725666 -4.2857142857142865
v 5.892857142857142 2.9506635881202503 -4.2857142857142865
v 6.428571428571427 2.8600604639827325 -4.2857142857142865
v 6.964285714285715 2.9465876363537573 -4.2857142857142865
v 7.5 2.2181883245073584 -4.2857142857142865
v 8.035714285714285 2.3789790883400723 -4.2857142857142865
v 8.571428571428573 2.1607629004157585 -4.2857142857142865
v 9.107142857142858 1.8879628747593156 -4.2857142857142865
v 9.642857142857142 2.095552567171427 -4.2857142857142865
v 10.178571428571427 1.3926222973531936 -4.2857142857142865
v 10.714285714285715 1.2911619993386279 -4.2857142857142865
v 11.25 1.971404803007636 -4.2857142857142865
v 11.785714285714285 1.28305504920041 -4.2857142857142865
v 12.321428571428573 1.3661400037471294 -4.2857142857142865
v 12.857142857142858 1.0087407518456637 -4.2857142857142865
v 13.392857142857142 1.3688347718618064 -4.2857142857142865
v 13.928571428571427 0.8701361257333025 -4.2857142857142865
v 14.464285714285715 1.0681866804548898 -4.2857142857142865
v 15 0.7380582836472661 -4.2857142857142865
v -15 4.422483212649669 -3.75
v -14.464285714285714 4.606845153809257 -3.75
v -13.928571428571429 4.3022032549071625 -3.75
v -13.392857142857142 5.04352530001612 -3.75
v -12.857142857142858 4.585108216430897 -3.75
v -12.321428571428571 4.4591763930039745 -3.75
v -11.785714285714285 4.584356873855651 -3.75
v -11.25 4.713243862401476 -3.75
v -10.714285714285715 5.123107166187093 -3.75
v -10.178571428571429 5.083099910106383 -3.75
v -9.642857142857142 5.58266095844285 -3.75
v -9.107142857142858 5.436874475471018 -3.75
v -8.571428571428571 5.651505530581354 -3.75
v -8.035714285714285 5.643428169837939 -3.75
v -7.5 5.380392314077426 -3.75
v -6.9642857142857135 5.242475886842094 -3.75
v -6.428571428571429 5.426042070314529 -3.75
v -5.892857142857142 5.350542573878591 -3.75
v -5.357142857142858 5.352786073680102 -3.75
v -4.821428571428571 4.689857428181845 -3.75
v -4.2857142857142865 5.537723910572855 -3.75
v -3.75 5.091275300157199 -3.75
v -3.2142857142857135 5.4497042603714325 -3.75
v -2.678571428571429 4.7219692677393805 -3.75
v -2.1428571428571423 4.535557874059598 -3.75
v -1.6071428571428577 4.375553587286526 -3.75
v -1.0714285714285712 4.674646095157803 -3.75
v -0.5357142857142865 4.66596701527299 -3.75
v 0 4.488423730484383 -3.75
v 0.5357142857142865 4.438453630345435 -3.75
v 1.071428571428573 4.324474703981156 -3.75
v 1.6071428571428577 4.075407379009909 -3.75
v 2.1428571428571423 4.031654078476388 -3.75
v 2.678571428571427 4.096375689878415 -3.75
v 3.2142857142857153 3.4687098351723877 -3.75
v 3.75 3.2665134058190173 -3.75
v 4.285714285714285 3.6525944476552086 -3.75
v 4.821428571428573 3.459267583452495 -3.75
v 5.357142857142858 3.4201880456094957 -3.75
v 5.892857142857142 3.0423680732518936 -3.75
v 6.428571428571427 3.354226100301799 -3.75
v 6.964285714285715 3.123290102590029 -3.75
v 7.5 2.448195656140466 -3.75
v 8.035714285714285 2.49643648453628 -3.75
v 8.571428571428573 2.8724605621506756 -3.75
v 9.107142857142858 2.94354053080944 -3.75
v 9.642857142857142 2.5342978134897116 -3.75
v 10.178571428571427 2.049287101738196 -3.75
v 10.714285714285715 1.4872900952271824 -3.75
v 11.25 2.253623637432401 -3.75
v 11.785714285714285 2.049610566486565 -3.75
v 12.321428571428573 1.4723777502892876 -3.75
v 12.857142857142858 1.8125548790023893 -3.75
v 13.392857142857142 1.4385556388783856 -3.75
v 13.928571428571427 1.438744614409939 -3.75
v 14.464285714285715 1.0267535558097356 -3.75
v 15 1.0259953196194183 -3.75
v -15 4.352942855912665 -3.2142857142857135
v -14.464285714285714 5.098178813792709 -3.2142857142857135
v -13.928571428571429 4.309029875767547 -3.2142857142857135
v -13.392857142857142 4.690751426108865 -3.2142857142857135
v -12.857142857142858 4.551032831636821 -3.2142857142857135
v -12.321428571428571 5.310497441972549 -3.2142857142857135
v -11.785714285714285 5.041014794957317 -3.2142857142857135
v -11.25 5.667569828955141 -3.2142857142857135
v -10.714285714285715 5.6487032313109555 -3.2142857142857135
v -10.178571428571429 5.842409805240403 -3.2142857142857135
v -9.642857142857142 5.780274865186182 -3.2142857142857135
v -9.107142857142858 5.7537518409123996 -3.2142857142857135
v -8.571428571428571 5.684991805495123 -3.2142857142857135
v -8.035714285714285 5.479737720065233 -3.2142857142857135
v -7.5 5.680966800497254 -3.2142857142857135
v -6.9642857142857135 6.232776923160569 -3.2142857142857135
v -6.428571428571429 5.836190973049022 -3.2142857142857135
v -5.892857142857142 6.357184580056384 -3.2142857142857135
v -5.357142857142858 5.536026933844087 -3.2142857142857135
v -4.821428571428571 5.559262369543713 -3.2142857142857135
v -4.2857142857142865 5.686439734146688 -3.2142857142857135
v -3.75 5.719694209515136 -3.2142857142857135
v -3.2142857142857135 5.700020275078267 -3.2142857142857135
v -2.678571428571429 5.534943248593742 -3.2142857142857135
v -2.1428571428571423 5.48975642227204 -3.2142857142857135
v -1.6071428571428577 5.411075056222796 -3.2142857142857135
v -1.0714285714285712 5.435958477271752 -3.2142857142857135
v -0.5357142857142865 4.585099533450229 -3.2142857142857135
v 0 4.546527263741617 -3.2142857142857135
v 0.5357142857142865 5.157530208461787 -3.2142857142857135
v 1.071428571428573 4.712097922482684 -3.2142857142857135
v 1.6071428571428577 4.658769689393589 -3.2142857142857135
v 2.1428571428571423 4.34261302119219 -3.2142857142857135
v 2.678571428571427 4.683392828927497 -3.2142857142857135
v 3.2142857142857153 4.1020836103948 -3.2142857142857135
v 3.75 4.358605428477642 -3.2142857142857135
v 4.285714285714285 4.179072099028777 -3.2142857142857135
v 4.821428571428573 4.235586856487546 -3.2142857142857135
v 5.357142857142858 4.1190581728539835 -3.2142857142857135
v 5.892857142857142 4.010734460486276 -3.2142857142857135
v 6.428571428571427 3.5284992791192695 -3.2142857142857135
v 6.964285714285715 3.5921346154500116 -3.2142857142857135
v 7.5 3.4719106689069874 -3.2142857142857135
v 8.035714285714285 3.1428596825443074 -3.2142857142857135
v 8.571428571428573 3.0504446052728125 -3.2142857142857135
v 9.107142857142858 2.4070058313603484 -3.2142857142857135
v 9.642857142857142 2.550371525535256 -3.2142857142857135
v 10.178571428571427 2.9047039472405647 -3.2142857142857135
v 10.714285714285715 2.9149527082060547 -3.2142857142857135
v 11.25 2.1915072034485115 -3.2142857142857135
v 11.785714285714285 1.894318987851278 -3.2142857142857135
v 12.321428571428573 1.973985952858938 -3.2142857142857135
v 12.857142857142858 2.1392916487602944 -3.2142857142857135
v 13.392857142857142 1.3977087465365143 -3.2142857142857135
v 13.928571428571427 2.0048295751786886 -3.2142857142857135
v 14.464285714285715 1.391116852398216 -3.2142857142857135
v 15 1.8564266770010298 -3.2142857142857135
v -15 4.288210123640411 -2.678571428571429
v -14.464285714285714 4.472994411524629 -2.678571428571429
v -13.928571428571429 4.578846386514683 -2.678571428571429
v -13.392857142857142 5.050794755505591 -2.678571428571429
v -12.857142857142858 5.1596154812450425 -2.678571428571429
v -12.321428571428571 5.440760610744279 -2.678571428571429
v -11.785714285714285 5.297533107312453 -2.678571428571429
v -11.25 5.448459206498105 -2.678571428571429
v -10.714285714285715 5.517874138169646 -2.678571428571429
v -10.178571428571429 5.718129059418716 -2.678571428571429
v -9.642857142857142 6.245498664362899 -2.678571428571429
v -9.107142857142858 6.231451774206121 -2.678571428571429
v -8.571428571428571 5.788379481170469 -2.678571428571429
v -8.035714285714285 6.468704186207904 -2.678571428571429
v -7.5 6.481121125884589 -2.678571428571429
v -6.9642857142857135 6.269514247169203 -2.678571428571429
v -6.428571428571429 6.372449492133289 -2.678571428571429
v -5.892857142857142 6.5026057684756475 -2.678571428571429
v -5.357142857142858 6.12696246275352 -2.678571428571429
v -4.821428571428571 6.238677579191766 -2.678571428571429
v -4.2857142857142865 6.235801265412072 -2.678571428571429
v -3.75 5.615033906172251 -2.678571428571429
v -3.2142857142857135 6.197495362614571 -2.678571428571429
v -2.678571428571429 6.193839689251515 -2.678571428571429
v -2.1428571428571423 6.217399287510899 -2.678571428571429
v -1.6071428571428577 5.453248598924739 -2.678571428571429
v -1.0714285714285712 5.820138458787411 -2.678571428571429
v -0.5357142857142865 5.6978695760999685 -2.678571428571429
v 0 5.417834320042506 -2.678571428571429
v 0.5357142857142865 5.191832892570964 -2.678571428571429
v 1.071428571428573 5.43832725003286 -2.678571428571429
v 1.6071428571428577 5.245692146741881 -2.678571428571429
v 2.1428571428571423 5.049335550428998 -2.678571428571429
v 2.678571428571427 5.037915235590046 -2.678571428571429
v 3.2142857142857153 5.391679043719653 -2.678571428571429
v 3.75 4.5167145416026555 -2.678571428571429
v 4.285714285714285 5.168127237929728 -2.678571428571429
v 4.821428571428573 4.38436376622777 -2.678571428571429
v 5.357142857142858 4.288324184381507 -2.678571428571429
v 5.892857142857142 4.49672740813231 -2.678571428571429
v 6.428571428571427 4.186777505954564 -2.678571428571429
v 6.964285714285715 4.41007990028926 -2.678571428571429
v 7.5 4.07341710701572 -2.678571428571429
v 8.035714285714285 4.104572833809555 -2.678571428571429
v 8.571428571428573 3.9502457575125196 -2.678571428571429
v 9.107142857142858 3.5850497108788097 -2.678571428571429
v 9.642857142857142 3.107838604490753 -2.678571428571429
v 10.178571428571427 3.208798679029386 -2.678571428571429
v 10.714285714285715 2.896752443240819 -2.678571428571429
v 11.25 2.5328627901180365 -2.678571428571429
v 11.785714285714285 2.404171916730957 -2.678571428571429
v 12.321428571428573 2.4796374478645076 -2.678571428571429
v 12.857142857142858 2.1421255917833926 -2.678571428571429
v 13.392857142857142 1.840221760868235 -2.678571428571429
v 13.928571428571427 1.7956282494916072 -2.678571428571429
v 14.464285714285715 1.3432424744427607 -2.678571428571429
v 15 1.7168626829643667 -2.678571428571429
v -15 4.595068073699917 -2.1428571428571423
v -14.464285714285714 4.697810316128569 -2.1428571428571423
v -13.928571428571429 4.3658213932803305 -2.1428571428571423
v -13.392857142857142 4.725700308625781 -2.1428571428571423
v -12.857142857142858 5.205338815204902 -2.1428571428571423
v -12.321428571428571 5.434843482282418 -2.1428571428571423
v -11.785714285714285 5.379143283545509 -2.1428571428571423
v -11.25 5.472118799373985 -2.1428571428571423
v -10.714285714285715 5.755840662710335 -2.1428571428571423
v -10.178571428571429 5.536453323405226 -2.1428571428571423
v -9.642857142857142 6.3893743083877625 -2.1428571428571423
v -9.107142857142858 6.646526843238953 -2.1428571428571423
v -8.571428571428571 6.486870791984043 -2.1428571428571423
v -8.035714285714285 6.7213528174949175 -2.1428571428571423
v -7.5 6.4471083363257415 -2.1428571428571423
v -6.9642857142857135 6.559716660998367 -2.1428571428571423
v -6.428571428571429 6.514130213774894 -2.1428571428571423
v -5.892857142857142 6.415380599959913 -2.1428571428571423
v -5.357142857142858 6.823282417639258 -2.1428571428571423
v -4.821428571428571 6.345513363411005 -2.1428571428571423
v -4.2857142857142865 6.604665498097584 -2.1428571428571423
v -3.75 6.729058796864305 -2.1428571428571423
v -3.2142857142857135 6.333640044126236 -2.1428571428571423
v -2.678571428571429 6.195626257813071 -2.1428571428571423
v -2.1428571428571423 6.4445016344853014 -2.1428571428571423
v -1.6071428571428577 6.231806315053309 -2.1428571428571423
v -1.0714285714285712 5.808890680094867 -2.1428571428571423
v -0.5357142857142865 6.121887058906442 -2.1428571428571423
v 0 6.394443806775415 -2.1428571428571423
v 0.5357142857142865 5.826819826699043 -2.1428571428571423
v 1.071428571428573 6.130192329977639 -2.1428571428571423
v 1.6071428571428577 5.621888553793867 -2.1428571428571423
v 2.1428571428571423 5.614035211909261 -2.1428571428571423
v 2.678571428571427 5.296960745908359 -2.1428571428571423
v 3.2142857142857153 5.350514353322744 -2.1428571428571423
v 3.75 5.303896087272954 -2.1428571428571423
v 4.285714285714285 5.267265863483648 -2.1428571428571423
v 4.821428571428573 5.076148074311025 -2.1428571428571423
v 5.357142857142858 5.243738364322137 -2.1428571428571423
v 5.892857142857142 5.111718603959371 -2.1428571428571423
v 6.428571428571427 4.605726834932579 -2.1428571428571423
v 6.964285714285715 4.43406071133632 -2.1428571428571423
v 7.5 4.3353444340679275 -2.1428571428571423
v 8.035714285714285 4.142142419920135 -2.1428571428571423
v 8.571428571428573 4.29719998946613 -2.1428571428571423
v 9.107142857142858 4.154269788977604 -2.1428571428571423
v 9.642857142857142 3.325552513531723 -2.1428571428571423
v 10.178571428571427 3.2179613698538074 -2.1428571428571423
v 10.714285714285715 3.4432684011714567 -2.1428571428571423
v 11.25 2.657606029074455 -2.1428571428571423
v 11.785714285714285 2.7198637128481113 -2.1428571428571423
v 12.321428571428573 2.2197483943093963 -2.1428571428571423
v 12.857142857142858 2.140384711373855 -2.1428571428571423
v 13.392857142857142 2.6530927156081763 -2.1428571428571423
v 13.928571428571427 1.7740857041382307 -2.1428571428571423
v 14.464285714285715 1.7168382695166569 -2.1428571428571423
v 15 1.7789422678888016 -2.1428571428571423
v -15 4.00700354988869 -1.6071428571428577
v -14.464285714285714 4.577534232754057 -1.6071428571428577
v -13.928571428571429 5.076837932323148 -1.6071428571428577
v -13.392857142857142 4.4977859863389655 -1.6071428571428577
v -12.857142857142858 5.1375910782241965 -1.6071428571428577
v -12.321428571428571 4.723950779227802 -1.6071428571428577
v -11.785714285714285 5.241649925630403 -1.6071428571428577
v -11.25 5.709312533958761 -1.6071428571428577
v -10.714285714285715 6.153552456519768 -1.6071428571428577
v -10.178571428571429 6.123898356368635 -1.6071428571428577
v -9.642857142857142 5.737186516106538 -1.6071428571428577
v -9.107142857142858 6.331923707872636 -1.6071428571428577
v -8.571428571428571 6.186678443222599 -1.6071428571428577
v -8.035714285714285 6.749949082794671 -1.6071428571428577
v -7.5 6.588256186529865 -1.6071428571428577
v -6.9642857142857135 6.552406733117781 -1.6071428571428577
v -6.428571428571429 6.43434105518552 -1.6071428571428577
v -5.892857142857142 6.825379433518312 -1.6071428571428577
v -5.357142857142858 6.469949876242573 -1.6071428571428577
v -4.821428571428571 7.284402651530285 -1.6071428571428577
v -4.2857142857142865 6.840141492200046 -1.6071428571428577
v -3.75 7.2449583651957585 -1.6071428571428577
v -3.2142857142857135 6.7303696740556935 -1.6071428571428577
v -2.678571428571429 6.630668415028315 -1.6071428571428577
v -2.1428571428571423 6.543251964255369 -1.6071428571428577
v -1.6071428571428577 6.377797066917013 -1.6071428571428577
v -1.0714285714285712 6.402705483271315 -1.6071428571428577
v -0.5357142857142865 6.7138276729686295 -1.6071428571428577
v 0 6.443376589034517 -1.6071428571428577
v 0.5357142857142865 6.576648510701307 -1.6071428571428577
v 1.071428571428573 6.198898764730889 -1.6071428571428577
v 1.6071428571428577 5.772326128157678 -1.6071428571428577
v 2.1428571428571423 6.527648629476024 -1.6071428571428577
v 2.678571428571427 5.789345000621767 -1.6071428571428577
v 3.2142857142857153 6.250093486794991 -1.6071428571428577
v 3.75 5.63008137642092 -1.6071428571428577
v 4.285714285714285 5.724491767610065 -1.6071428571428577
v 4.821428571428573 5.677078557651169 -1.6071428571428577
v 5.357142857142858 5.509767545441947 -1.6071428571428577
v 5.892857142857142 5.31385539514318 -1.6071428571428577
v 6.428571428571427 5.477444797572954 -1.6071428571428577
v 6.964285714285715 5.046825924068957 -1.6071428571428577
v 7.5 5.155807528652114 -1.6071428571428577
v 8.035714285714285 4.343190592740844 -1.6071428571428577
v 8.571428571428573 4.244384596875347 -1.6071428571428577
v 9.107142857142858 4.208499416382034 -1.6071428571428577
v 9.642857142857142 4.117742659565034 -1.6071428571428577
v 10.178571428571427 3.80668255105948 -1.6071428571428577
v 10.714285714285715 3.071055257670132 -1.6071428571428577
v 11.25 2.988933525600417 -1.6071428571428577
v 11.785714285714285 2.9807748635146933 -1.6071428571428577
v 12.321428571428573 2.7186830032331453 -1.6071428571428577
v 12.857142857142858 2.4764588045784266 -1.6071428571428577
v 13.392857142857142 2.083828759150683 -1.6071428571428577
v 13.928571428571427 2.6597454281586215 -1.6071428571428577
v 14.464285714285715 1.7781129776957314 -1.6071428571428577
v 15 1.6541302024310105 -1.6071428571428577
v -15 4.064125519994176 -1.0714285714285712
v -14.464285714285714 4.097706613555882 -1.0714285714285712
v -13.928571428571429 4.3322675368873576 -1.0714285714285712
v -13.392857142857142 4.750792911311808 -1.0714285714285712
v -12.857142857142858 4.5832499420493145 -1.0714285714285712
v -12.321428571428571 5.0332669343472265 -1.0714285714285712
v -11.785714285714285 5.2272528447368805 -1.0714285714285712
v -11.25 5.67069809592582 -1.0714285714285712
v -10.714285714285715 5.605254981931 -1.0714285714285712
v -10.178571428571429 5.604700054395229 -1.0714285714285712
v -9.642857142857142 6.354494241077804 -1.0714285714285712
v -9.107142857142858 6.551825298781064 -1.0714285714285712
v -8.571428571428571 6.512003678689786 -1.0714285714285712
v -8.035714285714285 6.499251708013854 -1.0714285714285712
v -7.5 6.710173778512445 -1.0714285714285712
v -6.9642857142857135 6.879019778744365 -1.0714285714285712
v -6.428571428571429 6.488911033605425 -1.0714285714285712
v -5.892857142857142 7.367944703912704 -1.0714285714285712
v -5.357142857142858 7.253170419615698 -1.0714285714285712
v -4.821428571428571 7.296982711187295 -1.0714285714285712
v -4.2857142857142865 6.790796939039464 -1.0714285714285712
v -3.75 7.320317825575965 -1.0714285714285712
v -3.2142857142857135 7.335890882498065 -1.0714285714285712
v -2.678571428571429 6.652624392692882 -1.0714285714285712
v -2.1428571428571423 6.5572731539973415 -1.0714285714285712
v -1.6071428571428577 7.2223073583127055 -1.0714285714285712
v -1.0714285714285712 6.883070018078518 -1.0714285714285712
v -0.5357142857142865 6.838670106283605 -1.0714285714285712
v 0 6.850560491949276 -1.0714285714285712
v 0.5357142857142865 6.5048428972717565 -1.0714285714285712
v 1.071428571428573 6.628998181237073 -1.0714285714285712
v 1.6071428571428577 6.489113425299274 -1.0714285714285712
v 2.1428571428571423 6.6272095689793575 -1.0714285714285712
v 2.678571428571427 6.365610907322932 -1.0714285714285712
v 3.2142857142857153 6.402763864454786 -1.0714285714285712
v 3.75 6.330656942064674 -1.0714285714285712
v 4.285714285714285 6.339691210580449 -1.0714285714285712
v 4.821428571428573 6.302876499442871 -1.0714285714285712
v 5.357142857142858 5.6160584841778505 -1.0714285714285712
v 5.892857142857142 5.57080815879705 -1.0714285714285712
v 6.428571428571427 5.428617675378178 -1.0714285714285712
v 6.964285714285715 5.220433359709229 -1.0714285714285712
v 7.5 5.263372824090897 -1.0714285714285712
v 8.035714285714285 5.30061815408518 -1.0714285714285712
v 8.571428571428573 4.666521314766638 -1.0714285714285712
v 9.107142857142858 4.23048056144904 -1.0714285714285712
v 9.642857142857142 4.6098145587495765 -1.0714285714285712
v 10.178571428571427 4.110102604477863 -1.0714285714285712
v 10.714285714285715 4.086377364178942 -1.0714285714285712
v 11.25 3.6408086500346606 -1.0714285714285712
v 11.785714285714285 3.7937049884274154 -1.0714285714285712
v 12.321428571428573 3.2999304908787215 -1.0714285714285712
v 12.857142857142858 3.1598332712829578 -1.0714285714285712
v 13.392857142857142 3.1610898101251035 -1.0714285714285712
v 13.928571428571427 2.813301460756223 -1.0714285714285712
v 14.464285714285715 2.268291012660914 -1.0714285714285712
v 15 2.9081920754545085 -1.0714285714285712
v -15 3.2580120900728593 -0.5357142857142865
v -14.464285714285714 3.8137170156615494 -0.5357142857142865
v -13.928571428571429 4.075887179717109 -0.5357142857142865
v -13.392857142857142 3.935256857373864 -0.5357142857142865
v -12.857142857142858 4.450042733643696 -0.5357142857142865
v -12.321428571428571 5.064806138366742 -0.5357142857142865
v -11.785714285714285 5.395839442242021 -0.5357142857142865
v -11.25 5.452725400954901 -0.5357142857142865
v -10.714285714285715 5.625757844305597 -0.5357142857142865
v -10.178571428571429 5.502651894136899 -0.5357142857142865
v -9.642857142857142 6.295513568287062 -0.5357142857142865
v -9.107142857142858 6.349105989429536 -0.5357142857142865
v -8.571428571428571 5.839623427382478 -0.5357142857142865
v -8.035714285714285 6.360383747344505 -0.5357142857142865
v -7.5 6.347281228837473 -0.5357142857142865
v -6.9642857142857135 6.62153901271484 -0.5357142857142865
v -6.428571428571429 6.852050943608705 -0.5357142857142865
v -5.892857142857142 6.529832331660682 -0.5357142857142865
v -5.357142857142858 6.474560283746893 -0.5357142857142865
v -4.821428571428571 7.243213926125199 -0.5357142857142865
v -4.2857142857142865 7.316678576693054 -0.5357142857142865
v -3.75 6.83745407740951 -0.5357142857142865
v -3.2142857142857135 6.905096395316535 -0.5357142857142865
v -2.678571428571429 6.741597330721348 -0.5357142857142865
v -2.1428571428571423 6.845165112498394 -0.5357142857142865
v -1.6071428571428577 6.647548993365847 -0.5357142857142865
v -1.0714285714285712 6.6302076580644105 -0.5357142857142865
v -0.5357142857142865 6.578595463104234 -0.5357142857142865
v 0 6.7030108592318065 -0.5357142857142865
v 0.5357142857142865 6.8078656299170985 -0.5357142857142865
v 1.071428571428573 6.733639455629293 -0.5357142857142865
v 1.6071428571428577 7.251353583631229 -0.5357142857142865
v 2.1428571428571423 6.657720881144688 -0.5357142857142865
v 2.678571428571427 6.766265838776924 -0.5357142857142865
v 3.2142857142857153 6.3573785709985335 -0.5357142857142865
v 3.75 6.716585094623413 -0.5357142857142865
v 4.285714285714285 6.669465479305389 -0.5357142857142865
v 4.821428571428573 6.292869599573478 -0.5357142857142865
v 5.357142857142858 6.318048347884779 -0.5357142857142865
v 5.892857142857142 6.192302023743167 -0.5357142857142865
v 6.428571428571427 6.07191061986018 -0.5357142857142865
v 6.964285714285715 5.716544693101235 -0.5357142857142865
v 7.5 5.149654590053315 -0.5357142857142865
v 8.035714285714285 5.0324220253098675 -0.5357142857142865
v 8.571428571428573 5.078314093146081 -0.5357142857142865
v 9.107142857142858 5.271463317572065 -0.5357142857142865
v 9.642857142857142 4.811111003749053 -0.5357142857142865
v 10.178571428571427 4.795277657557537 -0.5357142857142865
v 10.714285714285715 4.519827230812344 -0.5357142857142865
v 11.25 4.217924172226345 -0.5357142857142865
v 11.785714285714285 4.392099492107543 -0.5357142857142865
v 12.321428571428573 4.01492254481808 -0.5357142857142865
v 12.857142857142858 3.938749278134475 -0.5357142857142865
v 13.392857142857142 3.3408387658833902 -0.5357142857142865
v 13.928571428571427 3.333597070822046 -0.5357142857142865
v 14.464285714285715 3.4025115854010055 -0.5357142857142865
v 15 3.3818191857321964 -0.5357142857142865
v -15 2.88600148565698 0
v -14.464285714285714 3.1312693953144897 0
v -13.928571428571429 2.951835390622005 0
v -13.392857142857142 3.5858548719425896 0
v -12.857142857142858 3.895618569867816 0
v -12.321428571428571 4.138012508381798 0
v -11.785714285714285 4.937426355541125 0
v -11.25 4.88770872106822 0
v -10.714285714285715 5.153264950035549 0
v -10.178571428571429 5.581768670781192 0
v -9.642857142857142 5.643682753242817 0
v -9.107142857142858 5.745745125081782 0
v -8.571428571428571 6.412047254465016 0
v -8.035714285714285 5.766116376701998 0
v -7.5 6.58499885673288 0
v -6.9642857142857135 6.498911878478408 0
v -6.428571428571429 6.5283901567998575 0
v -5.892857142857142 6.8886188171914435 0
v -5.357142857142858 6.91173446585837 0
v -4.821428571428571 6.6197534469054515 0
v -4.2857142857142865 6.683494025373365 0
v -3.75 7.317467065517008 0
v -3.2142857142857135 6.513149339252289 0
v -2.678571428571429 6.765172071760068 0
v -2.1428571428571423 6.832400405258525 0
v -1.6071428571428577 7.246932014128285 0
v -1.0714285714285712 6.7615715532796505 0
v -0.5357142857142865 7.263718584302912 0
v 0 6.682461965788105 0
v 0.5357142857142865 6.842282683392322 0
v 1.071428571428573 6.506561600945941 0
v 1.6071428571428577 6.776413224516977 0
v 2.1428571428571423 6.739826366276846 0
v 2.678571428571427 6.731374131088218 0
v 3.2142857142857153 6.41290154438094 0
v 3.75 6.471187981575643 0
v 4.285714285714285 6.850440095798498 0
v 4.821428571428573 6.126211575660587 0
v 5.357142857142858 6.178291666393763 0
v 5.892857142857142 6.068644767018795 0
v 6.428571428571427 5.862813154459879 0
v 6.964285714285715 6.057685693442757 0
v 7.5 5.896651528962709 0
v 8.035714285714285 5.992231675570248 0
v 8.571428571428573 6.101423103306399 0
v 9.107142857142858 5.463204084713767 0
v 9.642857142857142 5.636474704778621 0
v 10.178571428571427 5.343241311683788 0
v 10.714285714285715 5.057995636745674 0
v 11.25 5.281192526019393 0
v 11.785714285714285 4.47744654059847 0
v 12.321428571428573 4.639116124139503 0
v 12.857142857142858 4.411025227407153 0
v 13.392857142857142 3.6651450645465675 0
v 13.928571428571427 4.051218325935473 0
v 14.464285714285715 3.427440920941847 0
v 15 3.570669575280771 0
v -15 3.0374249912415654 0.5357142857142865
v -14.464285714285714 3.0774990716570105 0.5357142857142865
v -13.928571428571429 2.891745230056831 0.5357142857142865
v -13.392857142857142 3.1855500661196636 0.5357142857142865
v -12.857142857142858 3.706910275750493 0.5357142857142865
v -12.321428571428571 3.1256403635499836 0.5357142857142865
v -11.785714285714285 4.160327906154624 0.5357142857142865
v -11.25 3.8895994990223164 0.5357142857142865
v -10.714285714285715 4.330411590765874 0.5357142857142865
v -10.178571428571429 4.729455179221455 0.5357142857142865
v -9.642857142857142 4.807171936828202 0.5357142857142865
v -9.107142857142858 4.86820825502384 0.5357142857142865
v -8.571428571428571 5.193925702667635 0.5357142857142865
v -8.035714285714285 5.465667467759183 0.5357142857142865
v -7.5 6.045657815948953 0.5357142857142865
v -6.9642857142857135 5.64194837608311 0.5357142857142865
v -6.428571428571429 6.472174035098395 0.5357142857142865
v -5.892857142857142 6.198378537782786 0.5357142857142865
v -5.357142857142858 6.71154312706228 0.5357142857142865
v -4.821428571428571 6.46339155998949 0.5357142857142865
v -4.2857142857142865 6.754032222954483 0.5357142857142865
v -3.75 6.322705254676101 0.5357142857142865
v -3.2142857142857135 6.7242193683066445 0.5357142857142865
v -2.678571428571429 6.80037287713217 0.5357142857142865
v -2.1428571428571423 6.834966734265484 0.5357142857142865
v -1.6071428571428577 6.678824243935402 0.5357142857142865
v -1.0714285714285712 6.647382692741334 0.5357142857142865
v -0.5357142857142865 7.164891912211519 0.5357142857142865
v 0 7.102331674851177 0.5357142857142865
v 0.5357142857142865 6.596706697968457 0.5357142857142865
v 1.071428571428573 7.020825188775289 0.5357142857142865
v 1.6071428571428577 6.552111398032277 0.5357142857142865
v 2.1428571428571423 6.472281283233393 0.5357142857142865
v 2.678571428571427 6.447201849908582 0.5357142857142865
v 3.2142857142857153 6.754331135562758 0.5357142857142865
v 3.75 6.217933705640116 0.5357142857142865
v 4.285714285714285 6.111718537059349 0.5357142857142865
v 4.821428571428573 6.4632797999047895 0.5357142857142865
v 5.357142857142858 6.318895414115796 0.5357142857142865
v 5.892857142857142 6.4965298665014295 0.5357142857142865
v 6.428571428571427 6.585848639529261 0.5357142857142865
v 6.964285714285715 6.354213890146367 0.5357142857142865
v 7.5 6.4885568763310575 0.5357142857142865
v 8.035714285714285 6.146568468870288 0.5357142857142865
v 8.571428571428573 6.478807559648265 0.5357142857142865
v 9.107142857142858 6.260439216028275 0.5357142857142865
v 9.642857142857142 5.786379840597804 0.5357142857142865
v 10.178571428571427 5.411274505202354 0.5357142857142865
v 10.714285714285715 5.151621734363514 0.5357142857142865
v 11.25 5.1391130637509415 0.5357142857142865
v 11.785714285714285 5.163545894783602 0.5357142857142865
v 12.321428571428573 4.532914200297376 0.5357142857142865
v 12.857142857142858 4.251110209932767 0.5357142857142865
v 13.392857142857142 4.125119829372086 0.5357142857142865
v 13.928571428571427 3.9764661573269815 0.5357142857142865
v 14.464285714285715 3.9647598403184645 0.5357142857142865
v 15 3.9813002218084033 0.5357142857142865
v -15 2.556229137782318 1.071428571428573
v -14.464285714285714 3.079971575176904 1.071428571428573
v -13.928571428571429 2.9769115894823828 1.071428571428573
v -13.392857142857142 3.284521791130337 1.071428571428573
v -12.857142857142858 2.947520277953612 1.071428571428573
v -12.321428571428571 3.2715020981974208 1.071428571428573
v -11.785714285714285 3.697182030060807 1.071428571428573
v -11.25 3.8862514954964613 1.071428571428573
v -10.714285714285715 3.895542216601906 1.071428571428573
v -10.178571428571429 4.009779089495716 1.071428571428573
v -9.642857142857142 4.640892493555996 1.071428571428573
v -9.107142857142858 4.909540753811891 1.071428571428573
v -8.571428571428571 4.770639331405122 1.071428571428573
v -8.035714285714285 5.184854529081447 1.071428571428573
v -7.5 5.218079085554909 1.071428571428573
v -6.9642857142857135 5.466211145767108 1.071428571428573
v -6.428571428571429 5.551968145184007 1.071428571428573
v -5.892857142857142 5.918056166967766 1.071428571428573
v -5.357142857142858 5.611942337949689 1.071428571428573
v -4.821428571428571 5.545091605630461 1.071428571428573
v -4.2857142857142865 6.200266754215423 1.071428571428573
v -3.75 6.247137286202336 1.071428571428573
v -3.2142857142857135 5.895782477327683 1.071428571428573
v -2.678571428571429 6.162576329898221 1.071428571428573
v -2.1428571428571423 6.303486088735022 1.071428571428573
v -1.6071428571428577 6.345628580597792 1.071428571428573
v -1.0714285714285712 6.621232999557463 1.071428571428573
v -0.5357142857142865 6.044768799208568 1.071428571428573
v 0 6.226879821907924 1.071428571428573
v 0.5357142857142865 6.257693820259178 1.071428571428573
v 1.071428571428573 6.216999275632211 1.071428571428573
v 1.6071428571428577 6.341990845815851 1.071428571428573
v 2.1428571428571423 6.335100395954207 1.071428571428573
v 2.678571428571427 6.462033761595169 1.071428571428573
v 3.2142857142857153 6.488326916029073 1.071428571428573
v 3.75 6.5338957202165435 1.071428571428573
v 4.285714285714285 6.6001930686058525 1.071428571428573
v 4.821428571428573 6.4080630765258695 1.071428571428573
v 5.357142857142858 6.479193396059167 1.071428571428573
v 5.892857142857142 6.564978967036677 1.071428571428573
v 6.428571428571427 6.898671837692777 1.071428571428573
v 6.964285714285715 6.560900939592665 1.071428571428573
v 7.5 6.661884018226217 1.071428571428573
v 8.035714285714285 6.387817067647771 1.071428571428573
v 8.571428571428573 6.547992457037377 1.071428571428573
v 9.107142857142858 6.125110000876063 1.071428571428573
v 9.642857142857142 5.65839884667835 1.071428571428573
v 10.178571428571427 5.795975139908832 1.071428571428573
v 10.714285714285715 5.389767808545932 1.071428571428573
v 11.25 5.224823531534579 1.071428571428573
v 11.785714285714285 5.446945995186907 1.071428571428573
v 12.321428571428573 4.677754008703695 1.071428571428573
v 12.857142857142858 4.565335005344078 1.071428571428573
v 13.392857142857142 4.4284140598116 1.071428571428573
v 13.928571428571427 4.189980803393415 1.071428571428573
v 14.464285714285715 4.235229082450816 1.071428571428573
v 15 4.230701112930616 1.071428571428573
v -15 2.521013489955133 1.6071428571428577
v -14.464285714285714 2.2677333654207477 1.6071428571428577
v -13.928571428571429 2.517041829294497 1.6071428571428577
v -13.392857142857142 2.3839824695756997 1.6071428571428577
v -12.857142857142858 3.3321224034201307 1.6071428571428577
v -12.321428571428571 3.074769348545378 1.6071428571428577
v -11.785714285714285 3.4592461311641753 1.6071428571428577
v -11.25 3.1830874953238077 1.6071428571428577
v -10.714285714285715 3.8190193325233177 1.6071428571428577
v -10.178571428571429 3.9206135178719053 1.6071428571428577
v -9.642857142857142 4.004460317332129 1.6071428571428577
v -9.107142857142858 4.03233150221827 1.6071428571428577
v -8.571428571428571 4.656131989184311 1.6071428571428577
v -8.035714285714285 4.652011230533756 1.6071428571428577
v -7.5 4.138931477557593 1.6071428571428577
v -6.9642857142857135 4.788283840246021 1.6071428571428577
v -6.428571428571429 4.992343848927797 1.6071428571428577
v -5.892857142857142 4.793591932045628 1.6071428571428577
v -5.357142857142858 5.027907936329896 1.6071428571428577
v -4.821428571428571 5.074045673612325 1.6071428571428577
v -4.2857142857142865 5.689060086394567 1.6071428571428577
v -3.75 5.374455502895298 1.6071428571428577
v -3.2142857142857135 5.728543703663342 1.6071428571428577
v -2.678571428571429 5.292618067804655 1.6071428571428577
v -2.1428571428571423 5.800823593567834 1.6071428571428577
v -1.6071428571428577 5.279883188565173 1.6071428571428577
v -1.0714285714285712 6.000848486430554 1.6071428571428577
v -0.5357142857142865 6.1952932069830835 1.6071428571428577
v 0 5.9221389462041545 1.6071428571428577
v 0.5357142857142865 6.138262448098189 1.6071428571428577
v 1.071428571428573 6.42117140105787 1.6071428571428577
v 1.6071428571428577 6.299013559714306 1.6071428571428577
v 2.1428571428571423 6.224561938761408 1.6071428571428577
v 2.678571428571427 6.695201448043069 1.6071428571428577
v 3.2142857142857153 6.650760812244277 1.6071428571428577
v 3.75 6.559739491944889 1.6071428571428577
v 4.285714285714285 6.918966147950163 1.6071428571428577
v 4.821428571428573 6.927596329826475 1.6071428571428577
v 5.357142857142858 6.718350199005705 1.6071428571428577
v 5.892857142857142 6.639202453689808 1.6071428571428577
v 6.428571428571427 7.279784063828001 1.6071428571428577
v 6.964285714285715 6.63877593005666 1.6071428571428577
v 7.5 6.586354078874033 1.6071428571428577
v 8.035714285714285 6.414382475274251 1.6071428571428577
v 8.571428571428573 6.372717723680763 1.6071428571428577
v 9.107142857142858 6.28156547169193 1.6071428571428577
v 9.642857142857142 6.3649525657046695 1.6071428571428577
v 10.178571428571427 6.193299006488745 1.6071428571428577
v 10.714285714285715 5.688321373551673 1.6071428571428577
v 11.25 5.6998832320041455 1.6071428571428577
v 11.785714285714285 5.497764616794496 1.6071428571428577
v 12.321428571428573 5.1152111528301845 1.6071428571428577
v 12.857142857142858 4.617257541670876 1.6071428571428577
v 13.392857142857142 4.4246790566546785 1.6071428571428577
v 13.928571428571427 4.375890540444075 1.6071428571428577
v 14.464285714285715 4.394933140568342 1.6071428571428577
v 15 4.115081551221376 1.6071428571428577
v -15 1.844514327776326 2.1428571428571423
v -14.464285714285714 1.8831961983623076 2.1428571428571423
v -13.928571428571429 2.1908983032634177 2.1428571428571423
v -13.392857142857142 2.8772579435834666 2.1428571428571423
v -12.857142857142858 2.907770835601027 2.1428571428571423
v -12.321428571428571 2.5369933027212905 2.1428571428571423
v -11.785714285714285 3.0466673368912875 2.1428571428571423
v -11.25 3.092362250359203 2.1428571428571423
v -10.714285714285715 3.3829862339840533 2.1428571428571423
v -10.178571428571429 3.3182712854080654 2.1428571428571423
v -9.642857142857142 3.3567797220372393 2.1428571428571423
v -9.107142857142858 3.433890992625291 2.1428571428571423
v -8.571428571428571 3.9348700488806054 2.1428571428571423
v -8.035714285714285 4.023471280817645 2.1428571428571423
v -7.5 4.14138198973723 2.1428571428571423
v -6.9642857142857135 4.222468698380683 2.1428571428571423
v -6.428571428571429 4.370151865106582 2.1428571428571423
v -5.892857142857142 4.359244439280575 2.1428571428571423
v -5.357142857142858 4.255116861692884 2.1428571428571423
v -4.821428571428571 4.765836963260754 2.1428571428571423
v -4.2857142857142865 4.77516522444907 2.1428571428571423
v -3.75 5.034082151673582 2.1428571428571423
v -3.2142857142857135 4.871295196574438 2.1428571428571423
v -2.678571428571429 4.972456090172229 2.1428571428571423
v -2.1428571428571423 5.030103233713727 2.1428571428571423
v -1.6071428571428577 5.500190849457324 2.1428571428571423
v -1.0714285714285712 5.20623714600629 2.1428571428571423
v -0.5357142857142865 5.869709473144093 2.1428571428571423
v 0 6.111268539521416 2.1428571428571423
v 0.5357142857142865 5.586933536430185 2.1428571428571423
v 1.071428571428573 6.180054083101165 2.1428571428571423
v 1.6071428571428577 6.107169463431208 2.1428571428571423
v 2.1428571428571423 6.485079080893114 2.1428571428571423
v 2.678571428571427 6.4154068349353714 2.1428571428571423
v 3.2142857142857153 6.729833815886415 2.1428571428571423
v 3.75 6.656880579147739 2.1428571428571423
v 4.285714285714285 6.247735420441763 2.1428571428571423
v 4.821428571428573 6.397740602889061 2.1428571428571423
v 5.357142857142858 6.6624021595447935 2.1428571428571423
v 5.892857142857142 6.556413368217178 2.1428571428571423
v 6.428571428571427 6.4078681323694875 2.1428571428571423
v 6.964285714285715 6.3102575475213545 2.1428571428571423
v 7.5 6.17474508173809 2.1428571428571423
v 8.035714285714285 6.749681641103324 2.1428571428571423
v 8.571428571428573 6.329235860148433 2.1428571428571423
v 9.107142857142858 5.767513232114102 2.1428571428571423
v 9.642857142857142 6.153261237848089 2.1428571428571423
v 10.178571428571427 5.650045545134874 2.1428571428571423
v 10.714285714285715 5.61161842739249 2.1428571428571423
v 11.25 5.539776538705792 2.1428571428571423
v 11.785714285714285 5.220759557577704 2.1428571428571423
v 12.321428571428573 5.385903245351297 2.1428571428571423
v 12.857142857142858 4.642333266009848 2.1428571428571423
v 13.392857142857142 4.721360980472881 2.1428571428571423
v 13.928571428571427 4.650051281051195 2.1428571428571423
v 14.464285714285715 4.231094892105174 2.1428571428571423
v 15 4.3880684927227716 2.1428571428571423
v -15 1.4731188965463695 2.678571428571427
v -14.464285714285714 2.0668985500101393 2.678571428571427
v -13.928571428571429 1.792335893256629 2.678571428571427
v -13.392857142857142 2.1032511677859165 2.678571428571427
v -12.857142857142858 2.17682305499574 2.678571428571427
v -12.321428571428571 2.2063450438008942 2.678571428571427
v -11.785714285714285 2.893809724904645 2.678571428571427
v -11.25 3.017464945772101 2.678571428571427
v -10.714285714285715 2.530003203652563 2.678571428571427
v -10.178571428571429 3.154383906126969 2.678571428571427
v -9.642857142857142 3.015937526418352 2.678571428571427
v -9.107142857142858 3.4993994388688154 2.678571428571427
v -8.571428571428571 3.414514274953538 2.678571428571427
v -8.035714285714285 3.6465354523645113 2.678571428571427
v -7.5 3.505079236462959 2.678571428571427
v -6.9642857142857135 3.555994134635631 2.678571428571427
v -6.428571428571429 4.167739177152442 2.678571428571427
v -5.892857142857142 4.1819299369778475 2.678571428571427
v -5.357142857142858 4.446914127766933 2.678571428571427
v -4.821428571428571 4.514306291017291 2.678571428571427
v -4.2857142857142865 4.439629981004435 2.678571428571427
v -3.75 4.530627917204078 2.678571428571427
v -3.2142857142857135 5.258266105855022 2.678571428571427
v -2.678571428571429 5.070532696090445 2.678571428571427
v -2.1428571428571423 5.274101443243347 2.678571428571427
v -1.6071428571428577 5.340317821020258 2.678571428571427
v -1.0714285714285712 5.4700844284893915 2.678571428571427
v -0.5357142857142865 5.458114483687121 2.678571428571427
v 0 5.3273082613773 2.678571428571427
v 0.5357142857142865 5.818167964908264 2.678571428571427
v 1.071428571428573 5.344911654149905 2.678571428571427
v 1.6071428571428577 5.8112644211272055 2.678571428571427
v 2.1428571428571423 5.761665986651607 2.678571428571427
v 2.678571428571427 6.207396312242659 2.678571428571427
v 3.2142857142857153 6.172458686457301 2.678571428571427
v 3.75 6.267659248274337 2.678571428571427
v 4.285714285714285 6.541498402409619 2.678571428571427
v 4.821428571428573 6.268118328716142 2.678571428571427
v 5.357142857142858 6.482219113008028 2.678571428571427
v 5.892857142857142 6.626352341477149 2.678571428571427
v 6.428571428571427 6.321937412139669 2.678571428571427
v 6.964285714285715 6.291312346889116 2.678571428571427
v 7.5 6.358388541658031 2.678571428571427
v 8.035714285714285 6.367369516399043 2.678571428571427
v 8.571428571428573 6.296482202030167 2.678571428571427
v 9.107142857142858 5.700474163465456 2.678571428571427
v 9.642857142857142 5.718954116345104 2.678571428571427
v 10.178571428571427 5.835207466186819 2.678571428571427
v 10.714285714285715 6.123275588668497 2.678571428571427
v 11.25 5.602392359354161 2.678571428571427
v 11.785714285714285 5.539245457243996 2.678571428571427
v 12.321428571428573 5.44088330302242 2.678571428571427
v 12.857142857142858 4.6123414303306225 2.678571428571427
v 13.392857142857142 5.268947395482499 2.678571428571427
v 13.928571428571427 4.469163568204097 2.678571428571427
v 14.464285714285715 4.239953295275236 2.678571428571427
v 15 4.132262244231141 2.678571428571427
v -15 1.4582432178455356 3.2142857142857153
v -14.464285714285714 1.242252618791438 3.2142857142857153
v -13.928571428571429 1.8004043592762033 3.2142857142857153
v -13.392857142857142 1.784464524288214 3.2142857142857153
v -12.857142857142858 1.8213920118134683 3.2142857142857153
v -12.321428571428571 2.0254766051077815 3.2142857142857153
v -11.785714285714285 2.271560721097008 3.2142857142857153
v -11.25 2.0875986493770604 3.2142857142857153
v -10.714285714285715 2.503169726303356 3.2142857142857153
v -10.178571428571429 3.0798471220864747 3.2142857142857153
v -9.642857142857142 2.3735857191611345 3.2142857142857153
v -9.107142857142858 3.095791816237941 3.2142857142857153
v -8.571428571428571 3.174225983732461 3.2142857142857153
v -8.035714285714285 3.4414086894208467 3.2142857142857153
v -7.5 3.5206027535543414 3.2142857142857153
v -6.9642857142857135 3.462624016609969 3.2142857142857153
v -6.428571428571429 3.4321425561268444 3.2142857142857153
v -5.892857142857142 3.6120769669408967 3.2142857142857153
v -5.357142857142858 3.577672929165861 3.2142857142857153
v -4.821428571428571 4.2895383052329095 3.2142857142857153
v -4.2857142857142865 4.295847695345331 3.2142857142857153
v -3.75 4.255319553265253 3.2142857142857153
v -3.2142857142857135 4.475717752601647 3.2142857142857153
v -2.678571428571429 4.327872986323261 3.2142857142857153
v -2.1428571428571423 4.497293494862792 3.2142857142857153
v -1.6071428571428577 4.324689406125397 3.2142857142857153
v -1.0714285714285712 4.477195710095893 3.2142857142857153
v -0.5357142857142865 4.489981878724179 3.2142857142857153
v 0 5.23816338121616 3.2142857142857153
v 0.5357142857142865 5.246070421587222 3.2142857142857153
v 1.071428571428573 5.19597368600262 3.2142857142857153
v 1.6071428571428577 5.295492279148943 3.2142857142857153
v 2.1428571428571423 5.481590704095544 3.2142857142857153
v 2.678571428571427 5.344606996247869 3.2142857142857153
v 3.2142857142857153 5.248098260726902 3.2142857142857153
v 3.75 5.7554690725551545 3.2142857142857153
v 4.285714285714285 5.700447157474085 3.2142857142857153
v 4.821428571428573 5.7730524156549325 3.2142857142857153
v 5.357142857142858 5.5369208426172625 3.2142857142857153
v 5.892857142857142 6.2131602561443255 3.2142857142857153
v 6.428571428571427 6.3944218435272955 3.2142857142857153
v 6.964285714285715 5.527927521286106 3.2142857142857153
v 7.5 6.250314411837871 3.2142857142857153
v 8.035714285714285 5.769761844034099 3.2142857142857153
v 8.571428571428573 5.801345597004753 3.2142857142857153
v 9.107142857142858 6.259620063625224 3.2142857142857153
v 9.642857142857142 5.68900125020857 3.2142857142857153
v 10.178571428571427 5.322193103148329 3.2142857142857153
v 10.714285714285715 5.594341455495498 3.2142857142857153
v 11.25 5.52010050442918 3.2142857142857153
v 11.785714285714285 5.2131950210877385 3.2142857142857153
v 12.321428571428573 4.645598242567695 3.2142857142857153
v 12.857142857142858 5.071163623794057 3.2142857142857153
v 13.392857142857142 4.675324961728604 3.2142857142857153
v 13.928571428571427 4.252548091207378 3.2142857142857153
v 14.464285714285715 4.632818903726806 3.2142857142857153
v 15 4.269104514462242 3.2142857142857153
v -15 1.1696907772836331 3.75
v -14.464285714285714 1.0837960459577864 3.75
v -13.928571428571429 1.063298427075481 3.75
v -13.392857142857142 1.8139231886976592 3.75
v -12.857142857142858 1.1755329527528722 3.75
v -12.321428571428571 1.8367890527781745 3.75
v -11.785714285714285 1.8728502825724684 3.75
v -11.25 2.108897048495233 3.75
v -10.714285714285715 2.1885690102329227 3.75
v -10.178571428571429 1.9765969156330856 3.75
v -9.642857142857142 2.5724448016554846 3.75
v -9.107142857142858 2.36861722717845 3.75
v -8.571428571428571 2.4957769497072744 3.75
v -8.035714285714285 2.3850455889575874 3.75
v -7.5 3.1857662337187107 3.75
v -6.9642857142857135 2.5429422627248726 3.75
v -6.428571428571429 3.2870653698074976 3.75
v -5.892857142857142 3.1935789303494997 3.75
v -5.357142857142858 3.476933756786033 3.75
v -4.821428571428571 3.3140704057226547 3.75
v -4.2857142857142865 3.6453656733277975 3.75
v -3.75 3.9978690592289836 3.75
v -3.2142857142857135 3.9687927905359994 3.75
v -2.678571428571429 3.952269490584549 3.75
v -2.1428571428571423 4.169321277175446 3.75
v -1.6071428571428577 4.327355218613585 3.75
v -1.0714285714285712 4.403075250820101 3.75
v -0.5357142857142865 4.137104019070774 3.75
v 0 4.721832236336564 3.75
v 0.5357142857142865 4.610337119426922 3.75
v 1.071428571428573 4.678767526437887 3.75
v 1.6071428571428577 4.415327979369272 3.75
v 2.1428571428571423 4.3568545175530735 3.75
v 2.678571428571427 5.219174746623864 3.75
v 3.2142857142857153 4.5821491422062115 3.75
v 3.75 5.330817153299601 3.75
v 4.285714285714285 5.067531740903269 3.75
v 4.821428571428573 5.275205656273817 3.75
v 5.357142857142858 5.41437725380817 3.75
v 5.892857142857142 5.35463136384927 3.75
v 6.428571428571427 5.335410577350725 3.75
v 6.964285714285715 5.307886055148232 3.75
v 7.5 5.373883858559052 3.75
v 8.035714285714285 5.275951065625425 3.75
v 8.571428571428573 5.633544022365597 3.75
v 9.107142857142858 5.642427977864774 3.75
v 9.642857142857142 5.49380248108049 3.75
v 10.178571428571427 5.383442250946112 3.75
v 10.714285714285715 5.398295507968272 3.75
v 11.25 5.237924235940149 3.75
v 11.785714285714285 4.628360663835222 3.75
v 12.321428571428573 4.708551116368468 3.75
v 12.857142857142858 5.031911675886234 3.75
v 13.392857142857142 4.561475235844311 3.75
v 13.928571428571427 4.586462677639658 3.75
v 14.464285714285715 4.059978240308162 3.75
v 15 4.033429549106883 3.75
v -15 0.7245558745964504 4.285714285714285
v -14.464285714285714 0.8292614877225983 4.285714285714285
v -13.928571428571429 0.7451093711726774 4.285714285714285
v -13.392857142857142 0.9377060332701193 4.285714285714285
v -12.857142857142858 0.9575840266694391 4.285714285714285
v -12.321428571428571 1.0082035072300457 4.285714285714285
v -11.785714285714285 1.1112999987819103 4.285714285714285
v -11.25 1.8807920739940713 4.285714285714285
v -10.714285714285715 1.9440735028024563 4.285714285714285
v -10.178571428571429 1.9150973878809956 4.285714285714285
v -9.642857142857142 1.4117199118858346 4.285714285714285
v -9.107142857142858 2.0316353326996537 4.285714285714285
v -8.571428571428571 1.99204330632444 4.285714285714285
v -8.035714285714285 2.3567066579617686 4.285714285714285
v -7.5 2.2361391802707695 4.285714285714285
v -6.9642857142857135 2.8610387502326446 4.285714285714285
v -6.428571428571429 2.8793524335857676 4.285714285714285
v -5.892857142857142 2.267225525980105 4.285714285714285
v -5.357142857142858 2.3791374806649945 4.285714285714285
v -4.821428571428571 3.0640330371969493 4.285714285714285
v -4.2857142857142865 3.0681109882458215 4.285714285714285
v -3.75 3.023219323549245 4.285714285714285
v -3.2142857142857135 3.3809629264632783 4.285714285714285
v -2.678571428571429 3.3289396850200017 4.285714285714285
v -2.1428571428571423 3.1762810130466135 4.285714285714285
v -1.6071428571428577 3.3565773227674836 4.285714285714285
v -1.0714285714285712 3.521516074003976 4.285714285714285
v -0.5357142857142865 3.656502025489066 4.285714285714285
v 0 3.4602088308345182 4.285714285714285
v 0.5357142857142865 3.6289286850841345 4.285714285714285
v 1.071428571428573 3.5435335904545764 4.285714285714285
v 1.6071428571428577 4.349247340539331 4.285714285714285
v 2.1428571428571423 4.491870107990656 4.285714285714285
v 2.678571428571427 4.528175022418492 4.285714285714285
v 3.2142857142857153 4.507698522925652 4.285714285714285
v 3.75 4.211640992786486 4.285714285714285
v 4.285714285714285 4.738076444541363 4.285714285714285
v 4.821428571428573 4.32655161303601 4.285714285714285
v 5.357142857142858 4.6202772371020036 4.285714285714285
v 5.892857142857142 4.643512280079932 4.285714285714285
v 6.428571428571427 5.043655513546299 4.285714285714285
v 6.964285714285715 4.565129470737162 4.285714285714285
v 7.5 5.118276504513203 4.285714285714285
v 8.035714285714285 4.724387649861025 4.285714285714285
v 8.571428571428573 5.228720624523501 4.285714285714285
v 9.107142857142858 5.045593759271979 4.285714285714285
v 9.642857142857142 4.724329106179789 4.285714285714285
v 10.178571428571427 5.159494997647629 4.285714285714285
v 10.714285714285715 5.074402417749678 4.285714285714285
v 11.25 5.114295318004859 4.285714285714285
v 11.785714285714285 4.508450259651293 4.285714285714285
v 12.321428571428573 4.472563371923162 4.285714285714285
v 12.857142857142858 4.502029243875664 4.285714285714285
v 13.392857142857142 4.206532293042241 4.285714285714285
v 13.928571428571427 4.5994408714764194 4.285714285714285
v 14.464285714285715 4.492806947823208 4.285714285714285
v 15 4.075686414948119 4.285714285714285
v -15 0.8454064088813277 4.821428571428573
v -14.464285714285714 0.6867743182031111 4.821428571428573
v -13.928571428571429 1.0258412616342816 4.821428571428573
v -13.392857142857142 0.7081641175239157 4.821428571428573
v -12.857142857142858 0.8175779215245259 4.821428571428573
v -12.321428571428571 1.3783243462773829 4.821428571428573
v -11.785714285714285 1.050830918352356 4.821428571428573
v -11.25 1.3761703389460116 4.821428571428573
v -10.714285714285715 1.372140326742753 4.821428571428573
v -10.178571428571429 1.2384365922768816 4.821428571428573
v -9.642857142857142 1.3779565581555044 4.821428571428573
v -9.107142857142858 1.2433117983661273 4.821428571428573
v -8.571428571428571 1.8926003056371277 4.821428571428573
v -8.035714285714285 1.9950553218192273 4.821428571428573
v -7.5 2.0632304724617576 4.821428571428573
v -6.9642857142857135 1.878622603983148 4.821428571428573
v -6.428571428571429 2.158397793530359 4.821428571428573
v -5.892857142857142 2.3233437315527223 4.821428571428573
v -5.357142857142858 2.362740622480411 4.821428571428573
v -4.821428571428571 2.8600507349748403 4.821428571428573
v -4.2857142857142865 2.220160253317165 4.821428571428573
v -3.75 2.3464107901301774 4.821428571428573
v -3.2142857142857135 2.276773040127593 4.821428571428573
v -2.678571428571429 2.9134311609592896 4.821428571428573
v -2.1428571428571423 2.9065008202362677 4.821428571428573
v -1.6071428571428577 3.202420201679794 4.821428571428573
v -1.0714285714285712 2.986540996640726 4.821428571428573
v -0.5357142857142865 3.234016779834122 4.821428571428573
v 0 3.3503808355596623 4.821428571428573
v 0.5357142857142865 3.395331384921254 4.821428571428573
v 1.071428571428573 3.2553018839797123 4.821428571428573
v 1.6071428571428577 4.041705565364573 4.821428571428573
v 2.1428571428571423 3.224826030898606 4.821428571428573
v 2.678571428571427 4.138819628264049 4.821428571428573
v 3.2142857142857153 4.026759661485941 4.821428571428573
v 3.75 3.5727354441781176 4.821428571428573
v 4.285714285714285 4.060051932835854 4.821428571428573
v 4.821428571428573 4.296289065164553 4.821428571428573
v 5.357142857142858 4.219773525295736 4.821428571428573
v 5.892857142857142 4.418684061456491 4.821428571428573
v 6.428571428571427 4.605682898005479 4.821428571428573
v 6.964285714285715 4.435971124623864 4.821428571428573
v 7.5 4.566050073704734 4.821428571428573
v 8.035714285714285 4.501802885801967 4.821428571428573
v 8.571428571428573 4.3547506975785115 4.821428571428573
v 9.107142857142858 4.347470878162964 4.821428571428573
v 9.642857142857142 4.44453665781397 4.821428571428573
v 10.178571428571427 4.41614753820947 4.821428571428573
v 10.714285714285715 4.381019744428689 4.821428571428573
v 11.25 4.450731599265625 4.821428571428573
v 11.785714285714285 4.585955356143268 4.821428571428573
v 12.321428571428573 4.092533433849396 4.821428571428573
v 12.857142857142858 4.305525008247976 4.821428571428573
v 13.392857142857142 4.350451291747139 4.821428571428573
v 13.928571428571427 3.992613072641211 4.821428571428573
v 14.464285714285715 3.573746283052294 4.821428571428573
v 15 4.021743160838747 4.821428571428573
v -15 0.7154886219055643 5.357142857142858
v -14.464285714285714 0.7972679771219842 5.357142857142858
v -13.928571428571429 0.31149813115633346 5.357142857142858
v -13.392857142857142 0.30103052247340356 5.357142857142858
v -12.857142857142858 0.7016297521200352 5.357142857142858
v -12.321428571428571 0.8138778836556233 5.357142857142858
v -11.785714285714285 1.0979857993275726 5.357142857142858
v -11.25 0.7723563102799179 5.357142857142858
v -10.714285714285715 1.1197256802178943 5.357142857142858
v -10.178571428571429 0.9573524774173914 5.357142857142858
v -9.642857142857142 1.171372990401905 5.357142857142858
v -9.107142857142858 0.994281207236695 5.357142857142858
v -8.571428571428571 1.7710832551806424 5.357142857142858
v -8.035714285714285 1.318925328637079 5.357142857142858
v -7.5 1.4202520550569528 5.357142857142858
v -6.9642857142857135 1.7994967542466225 5.357142857142858
v -6.428571428571429 1.4370446180734284 5.357142857142858
v -5.892857142857142 2.120924930022486 5.357142857142858
v -5.357142857142858 1.8636604436215367 5.357142857142858
v -4.821428571428571 1.7965328098819453 5.357142857142858
v -4.2857142857142865 1.8593579435068608 5.357142857142858
v -3.75 1.9034459396705612 5.357142857142858
v -3.2142857142857135 1.9620505478492787 5.357142857142858
v -2.678571428571429 2.553963494593005 5.357142857142858
v -2.1428571428571423 2.436667081798122 5.357142857142858
v -1.6071428571428577 2.3015834570025975 5.357142857142858
v -1.0714285714285712 2.9266791440490767 5.357142857142858
v -0.5357142857142865 2.325796842592509 5.357142857142858
v 0 2.926734111743053 5.357142857142858
v 0.5357142857142865 3.008705023205015 5.357142857142858
v 1.071428571428573 2.4959115574531583 5.357142857142858
v 1.6071428571428577 2.578155954668365 5.357142857142858
v 2.1428571428571423 3.0157780066912756 5.357142857142858
v 2.678571428571427 3.3135623901112354 5.357142857142858
v 3.2142857142857153 3.09076498777883 5.357142857142858
v 3.75 3.456717712199533 5.357142857142858
v 4.285714285714285 3.5806064720809583 5.357142857142858
v 4.821428571428573 4.086037764085121 5.357142857142858
v 5.357142857142858 3.2952292156378538 5.357142857142858
v 5.892857142857142 3.4024615896195134 5.357142857142858
v 6.428571428571427 3.5210059991430285 5.357142857142858
v 6.964285714285715 4.035556564412775 5.357142857142858
v 7.5 4.202035638649648 5.357142857142858
v 8.035714285714285 3.4877009917933477 5.357142857142858
v 8.571428571428573 3.9582854873610107 5.357142857142858
v 9.107142857142858 4.099582526749279 5.357142857142858
v 9.642857142857142 4.227973984411099 5.357142857142858
v 10.178571428571427 4.305931896634222 5.357142857142858
v 10.714285714285715 3.9992812138249225 5.357142857142858
v 11.25 3.4964777037173684 5.357142857142858
v 11.785714285714285 3.5041239821009946 5.357142857142858
v 12.321428571428573 3.5396047269858264 5.357142857142858
v 12.857142857142858 4.129078268530081 5.357142857142858
v 13.392857142857142 3.407193715598007 5.357142857142858
v 13.928571428571427 3.4408454076052837 5.357142857142858
v 14.464285714285715 3.440961318335242 5.357142857142858
v 15 3.242833918276759 5.357142857142858
v -15 0.380544440923246 5.892857142857142
v -14.464285714285714 0.0228462832633256 5.892857142857142
v -13.928571428571429 0.6871659887928682 5.892857142857142
v -13.392857142857142 0.1874398667347829 5.892857142857142
v -12.857142857142858 0.7762704971932233 5.892857142857142
v -12.321428571428571 0.8509627924401235 5.892857142857142
v -11.785714285714285 0.29753050893887023 5.892857142857142
v -11.25 0.31607465365964527 5.892857142857142
v -10.714285714285715 1.1902417374066414 5.892857142857142
v -10.178571428571429 0.717534294911121 5.892857142857142
v -9.642857142857142 0.9616427020774914 5.892857142857142
v -9.107142857142858 0.7991712913368108 5.892857142857142
v -8.571428571428571 1.1416328958378736 5.892857142857142
v -8.035714285714285 1.1126853807624635 5.892857142857142
v -7.5 0.9931379769318825 5.892857142857142
v -6.9642857142857135 1.0936608271176067 5.892857142857142
v -6.428571428571429 1.3784320927325238 5.892857142857142
v -5.892857142857142 1.8774124294523413 5.892857142857142
v -5.357142857142858 1.7957717131872997 5.892857142857142
v -4.821428571428571 1.7730721954792104 5.892857142857142
v -4.2857142857142865 1.8262192323408606 5.892857142857142
v -3.75 1.78060144933838 5.892857142857142
v -3.2142857142857135 1.785408544367345 5.892857142857142
v -2.678571428571429 2.0053558465950623 5.892857142857142
v -2.1428571428571423 1.932877657848053 5.892857142857142
v -1.6071428571428577 2.061680773993539 5.892857142857142
v -1.0714285714285712 1.933845508870296 5.892857142857142
v -0.5357142857142865 2.2319986205362934 5.892857142857142
v 0 2.0891905285060255 5.892857142857142
v 0.5357142857142865 2.517521943953824 5.892857142857142
v 1.071428571428573 2.5481616007397228 5.892857142857142
v 1.6071428571428577 2.8727659119703914 5.892857142857142
v 2.1428571428571423 2.893776699479942 5.892857142857142
v 2.678571428571427 2.505186079092715 5.892857142857142
v 3.2142857142857153 3.0210935208002647 5.892857142857142
v 3.75 2.9948492455137514 5.892857142857142
v 4.285714285714285 2.8914171910677964 5.892857142857142
v 4.821428571428573 3.1860462776239267 5.892857142857142
v 5.357142857142858 3.21621692551708 5.892857142857142
v 5.892857142857142 3.3150031697940143 5.892857142857142
v 6.428571428571427 3.2945009983929534 5.892857142857142
v 6.964285714285715 3.136668955966564 5.892857142857142
v 7.5 3.561602456780012 5.892857142857142
v 8.035714285714285 3.446884518125744 5.892857142857142
v 8.571428571428573 3.594476092046321 5.892857142857142
v 9.107142857142858 3.186143450085688 5.892857142857142
v 9.642857142857142 3.4827307370696463 5.892857142857142
v 10.178571428571427 3.5754989174575598 5.892857142857142
v 10.714285714285715 3.363378019730723 5.892857142857142
v 11.25 3.2372362419235996 5.892857142857142
v 11.785714285714285 3.343478135632642 5.892857142857142
v 12.321428571428573 3.480516319483094 5.892857142857142
v 12.857142857142858 3.089710880895187 5.892857142857142
v 13.392857142857142 3.445013440145679 5.892857142857142
v 13.928571428571427 3.326447241945093 5.892857142857142
v 14.464285714285715 3.071987876963224 5.892857142857142
v 15 3.298401924169824 5.892857142857142
v -15 0.3010997479493268 6.428571428571427
v -14.464285714285714 0.17278228010563298 6.428571428571427
v -13.928571428571429 0.22050649955492996 6.428571428571427
v -13.392857142857142 0.20154406549738063 6.428571428571427
v -12.857142857142858 0.13398758510797962 6.428571428571427
v -12.321428571428571 0.14117871247472677 6.428571428571427
v -11.785714285714285 0.7283273969722311 6.428571428571427
v -11.25 0.8644583691336611 6.428571428571427
v -10.714285714285715 0.7068819812714668 6.428571428571427
v -10.178571428571429 0.18016408281412566 6.428571428571427
v -9.642857142857142 0.33980105673369776 6.428571428571427
v -9.107142857142858 0.3266257338858436 6.428571428571427
v -8.571428571428571 0.7371373429061695 6.428571428571427
v -8.035714285714285 0.8022992244298962 6.428571428571427
v -7.5 0.9443634111085644 6.428571428571427
v -6.9642857142857135 0.6973312913076966 6.428571428571427
v -6.428571428571429 0.7589828956754712 6.428571428571427
v -5.892857142857142 0.9141935690292174 6.428571428571427
v -5.357142857142858 1.4307584505638389 6.428571428571427
v -4.821428571428571 1.129203311592249 6.428571428571427
v -4.2857142857142865 0.9117968934086241 6.428571428571427
v -3.75 1.3449946789722125 6.428571428571427
v -3.2142857142857135 1.2042214556596178 6.428571428571427
v -2.678571428571429 1.7983368317180752 6.428571428571427
v -2.1428571428571423 1.7797234089253764 6.428571428571427
v -1.6071428571428577 1.8652612048381692 6.428571428571427
v -1.0714285714285712 1.931667145037043 6.428571428571427
v -0.5357142857142865 2.0469241169343624 6.428571428571427
v 0 2.0705665083347675 6.428571428571427
v 0.5357142857142865 2.097563708619374 6.428571428571427
v 1.071428571428573 1.9393589621963974 6.428571428571427
v 1.6071428571428577 2.1912743976582556 6.428571428571427
v 2.1428571428571423 2.1721410811674224 6.428571428571427
v 2.678571428571427 2.083103349399313 6.428571428571427
v 3.2142857142857153 2.1474279945214803 6.428571428571427
v 3.75 2.42641311388206 6.428571428571427
v 4.285714285714285 2.2644439693246476 6.428571428571427
v 4.821428571428573 2.9083389101416386 6.428571428571427
v 5.357142857142858 2.2400000257215438 6.428571428571427
v 5.892857142857142 2.4201021023350715 6.428571428571427
v 6.428571428571427 2.4157429092937246 6.428571428571427
v 6.964285714285715 3.098263384487464 6.428571428571427
v 7.5 2.4779943030452407 6.428571428571427
v 8.035714285714285 3.0601526549248623 6.428571428571427
v 8.571428571428573 3.2818224319260803 6.428571428571427
v 9.107142857142858 2.891442078635006 6.428571428571427
v 9.642857142857142 3.2967373260758484 6.428571428571427
v 10.178571428571427 3.063956312084092 6.428571428571427
v 10.714285714285715 2.9155140907946038 6.428571428571427
v 11.25 3.0638152833448595 6.428571428571427
v 11.785714285714285 2.580292317186341 6.428571428571427
v 12.321428571428573 2.999000492411894 6.428571428571427
v 12.857142857142858 2.8645569425285315 6.428571428571427
v 13.392857142857142 2.4833761929871168 6.428571428571427
v 13.928571428571427 3.0348629797800535 6.428571428571427
v 14.464285714285715 2.4309782944504805 6.428571428571427
v 15 2.949041884592525 6.428571428571427
v -15 0.2663510482756448 6.964285714285715
v -14.464285714285714 0.0867911318068205 6.964285714285715
v -13.928571428571429 0.2449635278896129 6.964285714285715
v -13.392857142857142 -0.019784522368770957 6.964285714285715
v -12.857142857142858 0.35749307882659204 6.964285714285715
v -12.321428571428571 0.0639983762843998 6.964285714285715
v -11.785714285714285 0.39623856299288973 6.964285714285715
v -11.25 0.7218868977796669 6.964285714285715
v -10.714285714285715 -0.006802741891000779 6.964285714285715
v -10.178571428571429 0.31854587948940716 6.964285714285715
v -9.642857142857142 0.38445976551517946 6.964285714285715
v -9.107142857142858 0.1427539988334241 6.964285714285715
v -8.571428571428571 0.8703342359684857 6.964285714285715
v -8.035714285714285 0.6967718154063611 6.964285714285715
v -7.5 0.3892787807543801 6.964285714285715
v -6.9642857142857135 0.7653603700931286 6.964285714285715
v -6.428571428571429 0.9195133416977295 6.964285714285715
v -5.892857142857142 0.3953421111115409 6.964285714285715
v -5.357142857142858 0.9058856592742165 6.964285714285715
v -4.821428571428571 0.39467634772415394 6.964285714285715
v -4.2857142857142865 0.9754214395381399 6.964285714285715
v -3.75 1.2152397941526734 6.964285714285715
v -3.2142857142857135 1.346216474364441 6.964285714285715
v -2.678571428571429 0.8309842446101681 6.964285714285715
v -2.1428571428571423 0.8837014398251204 6.964285714285715
v -1.6071428571428577 1.2995369705555941 6.964285714285715
v -1.0714285714285712 1.350545030265595 6.964285714285715
v -0.5357142857142865 1.016967758087292 6.964285714285715
v 0 1.126909123052719 6.964285714285715
v 0.5357142857142865 1.2923481283677067 6.964285714285715
v 1.071428571428573 1.492191982442366 6.964285714285715
v 1.6071428571428577 1.8118723118797038 6.964285714285715
v 2.1428571428571423 1.3101309357763642 6.964285714285715
v 2.678571428571427 2.01075104666379 6.964285714285715
v 3.2142857142857153 2.0997912578352325 6.964285714285715
v 3.75 1.8887943289953888 6.964285714285715
v 4.285714285714285 1.8554337972853994 6.964285714285715
v 4.821428571428573 2.158198053813075 6.964285714285715
v 5.357142857142858 1.931263599247548 6.964285714285715
v 5.892857142857142 2.1033055602678083 6.964285714285715
v 6.428571428571427 2.2043533011295606 6.964285714285715
v 6.964285714285715 2.560781614959697 6.964285714285715
v 7.5 2.483162090921592 6.964285714285715
v 8.035714285714285 2.4532681635336107 6.964285714285715
v 8.571428571428573 2.546964543409249 6.964285714285715
v 9.107142857142858 2.541397193538697 6.964285714285715
v 9.642857142857142 2.352866972902388 6.964285714285715
v 10.178571428571427 2.539151686803011 6.964285714285715
v 10.714285714285715 2.998824412741743 6.964285714285715
v 11.25 2.4675023760008017 6.964285714285715
v 11.785714285714285 2.8776729713384266 6.964285714285715
v 12.321428571428573 2.540467446839766 6.964285714285715
v 12.857142857142858 2.2711664186089124 6.964285714285715
v 13.392857142857142 2.3169193681099114 6.964285714285715
v 13.928571428571427 2.3158105276634333 6.964285714285715
v 14.464285714285715 2.4138457004652434 6.964285714285715
v 15 2.303184884542528 6.964285714285715
v -15 0.32774290313681187 7.5
v -14.464285714285714 0.13703802109173813 7.5
v -13.928571428571429 0.048649593511944936 7.5
v -13.392857142857142 -0.026491397375332675 7.5
v -12.857142857142858 0.28716361951753144 7.5
v -12.321428571428571 0.039026210406007025 7.5
v -11.785714285714285 -0.0998220735517206 7.5
v -11.25 0.11953939947665346 7.5
v -10.714285714285715 0.07065191410701242 7.5
v -10.178571428571429 0.723949786923768 7.5
v -9.642857142857142 0.24503370154706144 7.5
v -9.107142857142858 0.2539813721706323 7.5
v -8.571428571428571 0.35774017426971944 7.5
v -8.035714285714285 0.21566335764452896 7.5
v -7.5 0.36388963581856487 7.5
v -6.9642857142857135 0.39873105341198095 7.5
v -6.428571428571429 0.8005920825013743 7.5
v -5.892857142857142 0.9981165500561551 7.5
v -5.357142857142858 0.343793403890963 7.5
v -4.821428571428571 0.6863346367876989 7.5
v -4.2857142857142865 1.083581816203162 7.5
v -3.75 1.0600792250388442 7.5
v -3.2142857142857135 0.882320654530913 7.5
v -2.678571428571429 0.7145582111400961 7.5
v -2.1428571428571423 0.9617017891669443 7.5
v -1.6071428571428577 1.189520175398717 7.5
v -1.0714285714285712 0.9885452575529726 7.5
v -0.5357142857142865 1.1072093083383625 7.5
v 0 1.159848562474321 7.5
v 0.5357142857142865 1.157670018969541 7.5
v 1.071428571428573 0.9387462455671656 7.5
v 1.6071428571428577 1.302304578020665 7.5
v 2.1428571428571423 1.1276729566471004 7.5
v 2.678571428571427 1.4696654635085438 7.5
v 3.2142857142857153 1.48050270287991 7.5
v 3.75 1.4385176253950596 7.5
v 4.285714285714285 1.7956223942531757 7.5
v 4.821428571428573 1.8964368972005485 7.5
v 5.357142857142858 1.4339028913325773 7.5
v 5.892857142857142 1.4360068639549597 7.5
v 6.428571428571427 1.9930706115088188 7.5
v 6.964285714285715 1.8625277455164029 7.5
v 7.5 2.0090990558851494 7.5
v 8.035714285714285 1.8798328908224609 7.5
v 8.571428571428573 1.9171759457277417 7.5
v 9.107142857142858 2.0012709986073594 7.5
v 9.642857142857142 2.0088680834536516 7.5
v 10.178571428571427 1.9112172663510028 7.5
v 10.714285714285715 2.183295707413095 7.5
v 11.25 1.7802050111220555 7.5
v 11.785714285714285 2.098307130235517 7.5
v 12.321428571428573 1.9738138334859676 7.5
v 12.857142857142858 1.852638424681687 7.5
v 13.392857142857142 1.8268653679544822 7.5
v 13.928571428571427 1.8825496258075554 7.5
v 14.464285714285715 2.170121201978125 7.5
v 15 2.3177569166349965 7.5
v -15 0.021716077397243797 8.035714285714285
v -14.464285714285714 -0.03534592737168688 8.035714285714285
v -13.928571428571429 0.0022753550874370734 8.035714285714285
v -13.392857142857142 0.12199393898430685 8.035714285714285
v -12.857142857142858 -0.09541691411103233 8.035714285714285
v -12.321428571428571 0.19183978210149513 8.035714285714285
v -11.785714285714285 -0.041742918008131 8.035714285714285
v -11.25 -0.09561274762233496 8.035714285714285
v -10.714285714285715 0.17333238790368688 8.035714285714285
v -10.178571428571429 0.353701155436024 8.035714285714285
v -9.642857142857142 0.10831957605887405 8.035714285714285
v -9.107142857142858 0.16633808639967507 8.035714285714285
v -8.571428571428571 0.3898290011077077 8.035714285714285
v -8.035714285714285 0.06548915474678421 8.035714285714285
v -7.5 0.23322401170477072 8.035714285714285
v -6.9642857142857135 0.7150574613748784 8.035714285714285
v -6.428571428571429 0.7938668082063609 8.035714285714285
v -5.892857142857142 0.03457540166157751 8.035714285714285
v -5.357142857142858 0.39715424605001903 8.035714285714285
v -4.821428571428571 0.2167701340249763 8.035714285714285
v -4.2857142857142865 0.8839250639857703 8.035714285714285
v -3.75 0.24774276694747 8.035714285714285
v -3.2142857142857135 0.7726357336781164 8.035714285714285
v -2.678571428571429 0.9682232913497575 8.035714285714285
v -2.1428571428571423 0.9769665578345843 8.035714285714285
v -1.6071428571428577 0.8960977870485699 8.035714285714285
v -1.0714285714285712 0.3914691297493281 8.035714285714285
v -0.5357142857142865 1.0509737696940982 8.035714285714285
v 0 0.7934007766745438 8.035714285714285
v 0.5357142857142865 1.05309221282126 8.035714285714285
v 1.071428571428573 0.9902839903693572 8.035714285714285
v 1.6071428571428577 1.0288178367574117 8.035714285714285
v 2.1428571428571423 1.192656629204052 8.035714285714285
v 2.678571428571427 0.9581793572115809 8.035714285714285
v 3.2142857142857153 1.153058208562036 8.035714285714285
v 3.75 0.8547086266453229 8.035714285714285
v 4.285714285714285 0.9188835464823683 8.035714285714285
v 4.821428571428573 1.4239311335240619 8.035714285714285
v 5.357142857142858 1.3792657995743063 8.035714285714285
v 5.892857142857142 1.7749006187665615 8.035714285714285
v 6.428571428571427 1.2483752703516133 8.035714285714285
v 6.964285714285715 1.3156465799464798 8.035714285714285
v 7.5 1.3703046642655305 8.035714285714285
v 8.035714285714285 1.9863795479591264 8.035714285714285
v 8.571428571428573 1.3979759419045725 8.035714285714285
v 9.107142857142858 1.4074937408416537 8.035714285714285
v 9.642857142857142 1.4738120170258069 8.035714285714285
v 10.178571428571427 1.8493998642683738 8.035714285714285
v 10.714285714285715 1.9098387193952766 8.035714285714285
v 11.25 1.8666327506334746 8.035714285714285
v 11.785714285714285 1.4091419019227351 8.035714285714285
v 12.321428571428573 1.9821024050129172 8.035714285714285
v 12.857142857142858 1.2627074965427314 8.035714285714285
v 13.392857142857142 2.0448431064323156 8.035714285714285
v 13.928571428571427 1.9754089151534406 8.035714285714285
v 14.464285714285715 1.2269286060151916 8.035714285714285
v 15 1.9824037569165465 8.035714285714285
v -15 0.018535769819702917 8.571428571428573
v -14.464285714285714 0.17081486511272131 8.571428571428573
v -13.928571428571429 -0.04143520194801324 8.571428571428573
v -13.392857142857142 0.2054895069385574 8.571428571428573
v -12.857142857142858 0.26494179544464624 8.571428571428573
v -12.321428571428571 -0.1191147458439337 8.571428571428573
v -11.785714285714285 -0.12482674244760951 8.571428571428573
v -11.25 0.23003219794642557 8.571428571428573
v -10.714285714285715 0.23929944641437528 8.571428571428573
v -10.178571428571429 0.009396464866828602 8.571428571428573
v -9.642857142857142 0.3376546425373139 8.571428571428573
v -9.107142857142858 -0.16747757166072935 8.571428571428573
v -8.571428571428571 -0.07845024909019759 8.571428571428573
v -8.035714285714285 0.23435553903066728 8.571428571428573
v -7.5 0.06036968869878272 8.571428571428573
v -6.9642857142857135 -0.06003028286445189 8.571428571428573
v -6.428571428571429 0.40280449312824473 8.571428571428573
v -5.892857142857142 0.6845026843607362 8.571428571428573
v -5.357142857142858 0.024808244491666832 8.571428571428573
v -4.821428571428571 0.8058070684414484 8.571428571428573
v -4.2857142857142865 0.15288033157488307 8.571428571428573
v -3.75 0.08305293348039607 8.571428571428573
v -3.2142857142857135 0.7027293753550742 8.571428571428573
v -2.678571428571429 0.3174644694830599 8.571428571428573
v -2.1428571428571423 0.7824323524771188 8.571428571428573
v -1.6071428571428577 0.30048886895673715 8.571428571428573
v -1.0714285714285712 0.8443339061354029 8.571428571428573
v -0.5357142857142865 0.25860610899579434 8.571428571428573
v 0 0.8795528197306409 8.571428571428573
v 0.5357142857142865 0.9628656544738643 8.571428571428573
v 1.071428571428573 0.9059301839102372 8.571428571428573
v 1.6071428571428577 0.9772126768908005 8.571428571428573
v 2.1428571428571423 0.9936072494863873 8.571428571428573
v 2.678571428571427 0.783666833637297 8.571428571428573
v 3.2142857142857153 0.8592884040520044 8.571428571428573
v 3.75 0.7029063221075704 8.571428571428573
v 4.285714285714285 1.187026114241598 8.571428571428573
v 4.821428571428573 1.0341805319403106 8.571428571428573
v 5.357142857142858 0.9341766768670832 8.571428571428573
v 5.892857142857142 1.0388186721285109 8.571428571428573
v 6.428571428571427 1.0531210282693397 8.571428571428573
v 6.964285714285715 1.3087142794770077 8.571428571428573
v 7.5 1.093191654007048 8.571428571428573
v 8.035714285714285 1.2256707063577181 8.571428571428573
v 8.571428571428573 1.0020851079104318 8.571428571428573
v 9.107142857142858 1.174938515789348 8.571428571428573
v 9.642857142857142 1.0401193815938137 8.571428571428573
v 10.178571428571427 1.1981685751413558 8.571428571428573
v 10.714285714285715 1.172756239585516 8.571428571428573
v 11.25 1.1633893041257029 8.571428571428573
v 11.785714285714285 1.2545778402323757 8.571428571428573
v 12.321428571428573 1.4752251935369025 8.571428571428573
v 12.857142857142858 1.407364152853258 8.571428571428573
v 13.392857142857142 1.4634054299805115 8.571428571428573
v 13.928571428571427 1.1974402654787648 8.571428571428573
v 14.464285714285715 1.4758697473841047 8.571428571428573
v 15 1.0874761627355736 8.571428571428573
v -15 0.17895064789685183 9.107142857142858
v -14.464285714285714 0.336478531103186 9.107142857142858
v -13.928571428571429 -0.07608393434859004 9.107142857142858
v -13.392857142857142 -0.10989327627858644 9.107142857142858
v -12.857142857142858 -0.20757272650676278 9.107142857142858
v -12.321428571428571 -0.14128419369726086 9.107142857142858
v -11.785714285714285 0.3529257156563472 9.107142857142858
v -11.25 0.08171296899296249 9.107142857142858
v -10.714285714285715 0.015077005516868316 9.107142857142858
v -10.178571428571429 0.038956369366860644 9.107142857142858
v -9.642857142857142 -0.21026974886162467 9.107142857142858
v -9.107142857142858 0.3053401542948915 9.107142857142858
v -8.571428571428571 0.3125623819856527 9.107142857142858
v -8.035714285714285 0.1523507944980417 9.107142857142858
v -7.5 0.062248479787276975 9.107142857142858
v -6.9642857142857135 0.12127925715386793 9.107142857142858
v -6.428571428571429 0.6967906303877126 9.107142857142858
v -5.892857142857142 -0.07226542403065268 9.107142857142858
v -5.357142857142858 0.1411960373136203 9.107142857142858
v -4.821428571428571 0.029225375069125446 9.107142857142858
v -4.2857142857142865 0.7343859863278807 9.107142857142858
v -3.75 0.25207510328942184 9.107142857142858
v -3.2142857142857135 0.24349180057284672 9.107142857142858
v -2.678571428571429 0.17949307946245863 9.107142857142858
v -2.1428571428571423 0.39906730601964935 9.107142857142858
v -1.6071428571428577 0.7069848201642172 9.107142857142858
v -1.0714285714285712 0.7047679328316607 9.107142857142858
v -0.5357142857142865 0.23562871089890242 9.107142857142858
v 0 0.09518228678594111 9.107142857142858
v 0.5357142857142865 0.19770519313887241 9.107142857142858
v 1.071428571428573 0.9942965807841869 9.107142857142858
v 1.6071428571428577 0.20820370831561708 9.107142857142858
v 2.1428571428571423 0.3234282412563593 9.107142857142858
v 2.678571428571427 0.37422891724093366 9.107142857142858
v 3.2142857142857153 0.7004355289112667 9.107142857142858
v 3.75 1.0721168809638049 9.107142857142858
v 4.285714285714285 0.7751568400348807 9.107142857142858
v 4.821428571428573 0.8321781987211134 9.107142857142858
v 5.357142857142858 0.9881796391871227 9.107142857142858
v 5.892857142857142 1.1660993744514778 9.107142857142858
v 6.428571428571427 0.35843568956681066 9.107142857142858
v 6.964285714285715 0.7607097686559332 9.107142857142858
v 7.5 0.735583640306993 9.107142857142858
v 8.035714285714285 0.8611212142999708 9.107142857142858
v 8.571428571428573 0.971891338382848 9.107142857142858
v 9.107142857142858 1.2241121449540957 9.107142857142858
v 9.642857142857142 1.191199484383876 9.107142857142858
v 10.178571428571427 0.984572962645887 9.107142857142858
v 10.714285714285715 0.8637608884286122 9.107142857142858
v 11.25 0.8814884299376635 9.107142857142858
v 11.785714285714285 1.1171587050675333 9.107142857142858
v 12.321428571428573 0.8907794287855421 9.107142857142858
v 12.857142857142858 1.14701200334707 9.107142857142858
v 13.392857142857142 1.0495631870094497 9.107142857142858
v 13.928571428571427 0.9736008458604197 9.107142857142858
v 14.464285714285715 1.0379757631767843 9.107142857142858
v 15 1.3806394297893403 9.107142857142858
v -15 -0.050710367567787754 9.642857142857142
v -14.464285714285714 0.2739191591855718 9.642857142857142
v -13.928571428571429 0.15727729161875964 9.642857142857142
v -13.392857142857142 -0.047900431867197744 9.642857142857142
v -12.857142857142858 -0.2976855748819958 9.642857142857142
v -12.321428571428571 0.09985580706299058 9.642857142857142
v -11.785714285714285 -0.027803622680015024 9.642857142857142
v -11.25 0.321665693266675 9.642857142857142
v -10.714285714285715 0.1529247113898071 9.642857142857142
v -10.178571428571429 -0.0641354223731174 9.642857142857142
v -9.642857142857142 0.0669484483694514 9.642857142857142
v -9.107142857142858 -0.06558613814418608 9.642857142857142
v -8.571428571428571 0.16341319524103848 9.642857142857142
v -8.035714285714285 0.25681202351047877 9.642857142857142
v -7.5 0.2959473200681787 9.642857142857142
v -6.9642857142857135 -0.02115990217484866 9.642857142857142
v -6.428571428571429 0.2738019439418522 9.642857142857142
v -5.892857142857142 0.18167304316350733 9.642857142857142
v -5.357142857142858 0.3231377337956676 9.642857142857142
v -4.821428571428571 -0.17077023311391454 9.642857142857142
v -4.2857142857142865 -0.03845545828819836 9.642857142857142
v -3.75 0.00769154241200205 9.642857142857142
v -3.2142857142857135 0.03513907580741307 9.642857142857142
v -2.678571428571429 0.2558104375336943 9.642857142857142
v -2.1428571428571423 0.28108099363465777 9.642857142857142
v -1.6071428571428577 0.09458970150622122 9.642857142857142
v -1.0714285714285712 0.13917196750448124 9.642857142857142
v -0.5357142857142865 0.07957631670821266 9.642857142857142
v 0 0.8068678280474905 9.642857142857142
v 0.5357142857142865 0.6952920524331057 9.642857142857142
v 1.071428571428573 0.0331420713794526 9.642857142857142
v 1.6071428571428577 0.3012507013093584 9.642857142857142
v 2.1428571428571423 0.19761143869316428 9.642857142857142
v 2.678571428571427 0.3358401060130466 9.642857142857142
v 3.2142857142857153 0.7383352099201703 9.642857142857142
v 3.75 0.400790111068317 9.642857142857142
v 4.285714285714285 0.7313627042212674 9.642857142857142
v 4.821428571428573 0.8263222028037305 9.642857142857142
v 5.357142857142858 0.20940055776546568 9.642857142857142
v 5.892857142857142 0.7016228360144918 9.642857142857142
v 6.428571428571427 0.28218266377856965 9.642857142857142
v 6.964285714285715 0.2572960836358952 9.642857142857142
v 7.5 0.9263731552309783 9.642857142857142
v 8.035714285714285 0.3686387044558425 9.642857142857142
v 8.571428571428573 0.8836433099445942 9.642857142857142
v 9.107142857142858 0.38033430841237476 9.642857142857142
v 9.642857142857142 0.8857162915728992 9.642857142857142
v 10.178571428571427 0.9660214109623131 9.642857142857142
v 10.714285714285715 1.0404077316982188 9.642857142857142
v 11.25 1.2316498855148863 9.642857142857142
v 11.785714285714285 0.8249616983287962 9.642857142857142
v 12.321428571428573 1.073020842043168 9.642857142857142
v 12.857142857142858 0.7499311538788797 9.642857142857142
v 13.392857142857142 0.9484873702484695 9.642857142857142
v 13.928571428571427 0.7797294628012695 9.642857142857142
v 14.464285714285715 0.7870325967362745 9.642857142857142
v 15 0.8952587682492484 9.642857142857142
v -15 0.2557673279715947 10.178571428571427
v -14.464285714285714 0.22216165908062224 10.178571428571427
v -13.928571428571429 -0.1749125844928285 10.178571428571427
v -13.392857142857142 0.0851723418196301 10.178571428571427
v -12.857142857142858 -0.09097203533863839 10.178571428571427
v -12.321428571428571 0.08290607912176093 10.178571428571427
v -11.785714285714285 -0.022366944789094484 10.178571428571427
v -11.25 -0.1625126512683123 10.178571428571427
v -10.714285714285715 -0.29719133931402464 10.178571428571427
v -10.178571428571429 0.09153603964290388 10.178571428571427
v -9.642857142857142 0.3353059977466134 10.178571428571427
v -9.107142857142858 0.10339156179642225 10.178571428571427
v -8.571428571428571 0.19629766840612278 10.178571428571427
v -8.035714285714285 0.05800703012305142 10.178571428571427
v -7.5 0.2419270480301747 10.178571428571427
v -6.9642857142857135 -0.1915870124809913 10.178571428571427
v -6.428571428571429 -0.22963698886947442 10.178571428571427
v -5.892857142857142 -0.06903066019385685 10.178571428571427
v -5.357142857142858 0.2586069833475982 10.178571428571427
v -4.821428571428571 0.3000509591328573 10.178571428571427
v -4.2857142857142865 -0.15043982093373076 10.178571428571427
v -3.75 0.06610390044432302 10.178571428571427
v -3.2142857142857135 -0.12613682864428538 10.178571428571427
v -2.678571428571429 0.1018525939404476 10.178571428571427
v -2.1428571428571423 0.02830135805151808 10.178571428571427
v -1.6071428571428577 0.21588692763967873 10.178571428571427
v -1.0714285714285712 0.30801271755602416 10.178571428571427
v -0.5357142857142865 -0.02569560561172459 10.178571428571427
v 0 -0.04950158630334521 10.178571428571427
v 0.5357142857142865 0.2866263061105603 10.178571428571427
v 1.071428571428573 0.40224151935677765 10.178571428571427
v 1.6071428571428577 0.7273943860598838 10.178571428571427
v 2.1428571428571423 0.3232969634263124 10.178571428571427
v 2.678571428571427 0.010209390824742707 10.178571428571427
v 3.2142857142857153 0.32502809873115923 10.178571428571427
v 3.75 0.25190280349501726 10.178571428571427
v 4.285714285714285 0.7993259574113254 10.178571428571427
v 4.821428571428573 0.6890948858621041 10.178571428571427
v 5.357142857142858 0.3917464636160791 10.178571428571427
v 5.892857142857142 0.35656766201181733 10.178571428571427
v 6.428571428571427 0.27318219141784794 10.178571428571427
v 6.964285714285715 0.15566536740789433 10.178571428571427
v 7.5 0.303277399226936 10.178571428571427
v 8.035714285714285 0.17246980402577025 10.178571428571427
v 8.571428571428573 0.6865768664895716 10.178571428571427
v 9.107142857142858 0.3812903609471111 10.178571428571427
v 9.642857142857142 0.22261957639111496 10.178571428571427
v 10.178571428571427 0.7153484330713621 10.178571428571427
v 10.714285714285715 0.8734251716011374 10.178571428571427
v 11.25 0.15446433931556197 10.178571428571427
v 11.785714285714285 0.7001878819774339 10.178571428571427
v 12.321428571428573 0.2695586832488704 10.178571428571427
v 12.857142857142858 0.3925307611279166 10.178571428571427
v 13.392857142857142 0.22953488745704825 10.178571428571427
v 13.928571428571427 0.8005576226640179 10.178571428571427
v 14.464285714285715 0.35562569269438116 10.178571428571427
v 15 1.1433634687106657 10.178571428571427
v -15 0.09365598198743158 10.714285714285715
v -14.464285714285714 0.1482321695824936 10.714285714285715
v -13.928571428571429 -0.2219419970749048 10.714285714285715
v -13.392857142857142 0.18014002878614999 10.714285714285715
v -12.857142857142858 -0.16006414960956117 10.714285714285715
v -12.321428571428571 -0.22048426663899384 10.714285714285715
v -11.785714285714285 0.13843923928532192 10.714285714285715
v -11.25 -0.1701341159246318 10.714285714285715
v -10.714285714285715 -0.09672125946598312 10.714285714285715
v -10.178571428571429 0.167864961540069 10.714285714285715
v -9.642857142857142 0.1802051654715889 10.714285714285715
v -9.107142857142858 -0.002201785498594332 10.714285714285715
v -8.571428571428571 -0.2185255881626236 10.714285714285715
v -8.035714285714285 -0.22730990108971072 10.714285714285715
v -7.5 0.3323563974300051 10.714285714285715
v -6.9642857142857135 -0.23460320014100006 10.714285714285715
v -6.428571428571429 0.11729239645228255 10.714285714285715
v -5.892857142857142 0.09256505330365339 10.714285714285715
v -5.357142857142858 0.16088894606032472 10.714285714285715
v -4.821428571428571 -0.11116025068314168 10.714285714285715
v -4.2857142857142865 -0.1820828177261302 10.714285714285715
v -3.75 -0.17879055915602565 10.714285714285715
v -3.2142857142857135 0.15586293559189032 10.714285714285715
v -2.678571428571429 0.13153185265539116 10.714285714285715
v -2.1428571428571423 0.2081006732364286 10.714285714285715
v -1.6071428571428577 -0.057681436599866374 10.714285714285715
v -1.0714285714285712 0.15473032104310935 10.714285714285715
v -0.5357142857142865 0.1700579714786534 10.714285714285715
v 0 0.018173526108000486 10.714285714285715
v 0.5357142857142865 0.21465429478521109 10.714285714285715
v 1.071428571428573 0.19748906122949683 10.714285714285715
v 1.6071428571428577 0.08405617858416144 10.714285714285715
v 2.1428571428571423 0.2328114160809807 10.714285714285715
v 2.678571428571427 -0.047608797033011394 10.714285714285715
v 3.2142857142857153 0.2858529080762389 10.714285714285715
v 3.75 0.026315457358950366 10.714285714285715
v 4.285714285714285 0.23353156074854126 10.714285714285715
v 4.821428571428573 0.024672500705927615 10.714285714285715
v 5.357142857142858 0.23558199382950862 10.714285714285715
v 5.892857142857142 0.7514126805314357 10.714285714285715
v 6.428571428571427 0.018111731620046 10.714285714285715
v 6.964285714285715 0.6928627452372496 10.714285714285715
v 7.5 0.17703915705646672 10.714285714285715
v 8.035714285714285 0.2731064588644166 10.714285714285715
v 8.571428571428573 0.8544664501516581 10.714285714285715
v 9.107142857142858 0.1965183947168965 10.714285714285715
v 9.642857142857142 0.8160837519570007 10.714285714285715
v 10.178571428571427 0.3722678677248781 10.714285714285715
v 10.714285714285715 0.24598425430122742 10.714285714285715
v 11.25 0.7728337266900328 10.714285714285715
v 11.785714285714285 0.8543140305536525 10.714285714285715
v 12.321428571428573 0.10985581877505762 10.714285714285715
v 12.857142857142858 0.718503130809011 10.714285714285715
v 13.392857142857142 0.12437100358207767 10.714285714285715
v 13.928571428571427 0.767928197416596 10.714285714285715
v 14.464285714285715 0.9601170120307074 10.714285714285715
v 15 0.28650641545936156 10.714285714285715
v -15 -0.1862923314326472 11.25
v -14.464285714285714 0.036440419831632966 11.25
v -13.928571428571429 0.15228645628107135 11.25
v -13.392857142857142 -0.27657282087880924 11.25
v -12.857142857142858 0.06430883645082106 11.25
v -12.321428571428571 -0.03559120697980034 11.25
v -11.785714285714285 -0.04746234193395262 11.25
v -11.25 0.09867185934577452 11.25
v -10.714285714285715 -0.0292274981407106 11.25
v -10.178571428571429 -0.15502531194794408 11.25
v -9.642857142857142 0.022444453337404316 11.25
v -9.107142857142858 -0.16202360898143162 11.25
v -8.571428571428571 0.17905249382438604 11.25
v -8.035714285714285 0.25230221547013615 11.25
v -7.5 -0.12975601348116653 11.25
v -6.9642857142857135 -0.06461792025336399 11.25
v -6.428571428571429 -0.10647168445156957 11.25
v -5.892857142857142 0.15610494676493927 11.25
v -5.357142857142858 -0.20007765994976778 11.25
v -4.821428571428571 0.009577822253448763 11.25
v -4.2857142857142865 -0.16869071619012121 11.25
v -3.75 0.0853944066699541 11.25
v -3.2142857142857135 -0.07681278908838977 11.25
v -2.678571428571429 -0.0030481479825857785 11.25
v -2.1428571428571423 -0.1397766146277987 11.25
v -1.6071428571428577 0.27193235387689163 11.25
v -1.0714285714285712 0.09747650302306049 11.25
v -0.5357142857142865 -0.15816134835861106 11.25
v 0 0.2029815304682284 11.25
v 0.5357142857142865 0.3140979780482734 11.25
v 1.071428571428573 0.0928769719682905 11.25
v 1.6071428571428577 0.209516902777341 11.25
v 2.1428571428571423 0.3113120038689894 11.25
v 2.678571428571427 0.24584837759162081 11.25
v 3.2142857142857153 -0.012690219133133236 11.25
v 3.75 -0.08239480430977507 11.25
v 4.285714285714285 0.0806820003625709 11.25
v 4.821428571428573 0.034923751255793736 11.25
v 5.357142857142858 0.34694498806096 11.25
v 5.892857142857142 0.31749681621127623 11.25
v 6.428571428571427 0.090790470986206 11.25
v 6.964285714285715 0.30867309597397313 11.25
v 7.5 0.22996720458138625 11.25
v 8.035714285714285 0.3139184191831874 11.25
v 8.571428571428573 0.12476416834848497 11.25
v 9.107142857142858 0.17542545668652132 11.25
v 9.642857142857142 0.1051655300139533 11.25
v 10.178571428571427 0.33072872012827825 11.25
v 10.714285714285715 0.001855595499865058 11.25
v 11.25 -0.018269365439104342 11.25
v 11.785714285714285 0.7719643333745244 11.25
v 12.321428571428573 0.37150462167232945 11.25
v 12.857142857142858 0.7316360895622205 11.25
v 13.392857142857142 0.3901121331011418 11.25
v 13.928571428571427 0.7755322143302843 11.25
v 14.464285714285715 0.3914904245006094 11.25
v 15 0.8766857544270286 11.25
v -15 0.25485052149102055 11.785714285714285
v -14.464285714285714 -0.28121273491935245 11.785714285714285
v -13.928571428571429 0.1975724199188888 11.785714285714285
v -13.392857142857142 0.22040137582098207 11.785714285714285
v -12.857142857142858 0.07923365512892655 11.785714285714285
v -12.321428571428571 -0.1797108885009147 11.785714285714285
v -11.785714285714285 -0.0642939466034238 11.785714285714285
v -11.25 0.3188704639216473 11.785714285714285
v -10.714285714285715 -0.016456766453875137 11.785714285714285
v -10.178571428571429 -0.09965024720169349 11.785714285714285
v -9.642857142857142 0.21248218738899022 11.785714285714285
v -9.107142857142858 0.22339052940781423 11.785714285714285
v -8.571428571428571 0.27837739799070155 11.785714285714285
v -8.035714285714285 0.004357636523225177 11.785714285714285
v -7.5 0.05662226336006115 11.785714285714285
v -6.9642857142857135 -0.05970442968489076 11.785714285714285
v -6.428571428571429 0.032599384574651086 11.785714285714285
v -5.892857142857142 -0.00440440019048309 11.785714285714285
v -5.357142857142858 0.13274563216033014 11.785714285714285
v -4.821428571428571 -0.03720905400061655 11.785714285714285
v -4.2857142857142865 0.07055027588892893 11.785714285714285
v -3.75 -0.049617953651948904 11.785714285714285
v -3.2142857142857135 -0.17533383537620784 11.785714285714285
v -2.678571428571429 -0.13699536951269198 11.785714285714285
v -2.1428571428571423 0.10405777259948704 11.785714285714285
v -1.6071428571428577 0.1142683617998762 11.785714285714285
v -1.0714285714285712 0.22373683695137406 11.785714285714285
v -0.5357142857142865 0.09081852218001013 11.785714285714285
v 0 0.18483709898271583 11.785714285714285
v 0.5357142857142865 0.14917744305990494 11.785714285714285
v 1.071428571428573 -0.1714825092807856 11.785714285714285
v 1.6071428571428577 0.07601841704135387 11.785714285714285
v 2.1428571428571423 0.27683185279214073 11.785714285714285
v 2.678571428571427 0.21039374413544298 11.785714285714285
v 3.2142857142857153 0.2608313653059913 11.785714285714285
v 3.75 -0.05568927046074472 11.785714285714285
v 4.285714285714285 0.0958859800441659 11.785714285714285
v 4.821428571428573 -0.02843483557392571 11.785714285714285
v 5.357142857142858 0.20728631142122766 11.785714285714285
v 5.892857142857142 -0.004178547725637678 11.785714285714285
v 6.428571428571427 0.23331198803024433 11.785714285714285
v 6.964285714285715 -0.01299019601852118 11.785714285714285
v 7.5 -0.09908266121507765 11.785714285714285
v 8.035714285714285 0.07329928795419083 11.785714285714285
v 8.571428571428573 0.23100347165789525 11.785714285714285
v 9.107142857142858 0.253497977041602 11.785714285714285
v 9.642857142857142 0.1678518789747653 11.785714285714285
v 10.178571428571427 0.696187056706547 11.785714285714285
v 10.714285714285715 0.03445761182995588 11.785714285714285
v 11.25 0.04965108876821634 11.785714285714285
v 11.785714285714285 -0.04367468006382373 11.785714285714285
v 12.321428571428573 0.3318995605707723 11.785714285714285
v 12.857142857142858 0.09358366016898503 11.785714285714285
v 13.392857142857142 0.6816015752510656 11.785714285714285
v 13.928571428571427 -0.015042089171667248 11.785714285714285
v 14.464285714285715 0.7169440186716578 11.785714285714285
v 15 0.35318213757187455 11.785714285714285
v -15 0.14837864255512984 12.321428571428573
v -14.464285714285714 -0.059283731259925185 12.321428571428573
v -13.928571428571429 0.027654547437471692 12.321428571428573
v -13.392857142857142 -0.1177745675767913 12.321428571428573
v -12.857142857142858 -0.18341483969963623 12.321428571428573
v -12.321428571428571 0.15240511506682294 12.321428571428573
v -11.785714285714285 -0.3116315230977963 12.321428571428573
v -11.25 -0.2019006972582624 12.321428571428573
v -10.714285714285715 0.31978003193390564 12.321428571428573
v -10.178571428571429 -0.07095802801368233 12.321428571428573
v -9.642857142857142 0.18889102265515217 12.321428571428573
v -9.107142857142858 -0.008888112163930501 12.321428571428573
v -8.571428571428571 -0.13691440326595258 12.321428571428573
v -8.035714285714285 -0.02411733265524297 12.321428571428573
v -7.5 -0.06979922653504801 12.321428571428573
v -6.9642857142857135 -0.09586386720073314 12.321428571428573
v -6.428571428571429 0.260094397614824 12.321428571428573
v -5.892857142857142 -0.13896978599125487 12.321428571428573
v -5.357142857142858 -0.008392514099734839 12.321428571428573
v -4.821428571428571 0.13139090729079794 12.321428571428573
v -4.2857142857142865 0.07218331591516311 12.321428571428573
v -3.75 0.003404795523482551 12.321428571428573
v -3.2142857142857135 -0.07882134915690779 12.321428571428573
v -2.678571428571429 -0.06209401575860262 12.321428571428573
v -2.1428571428571423 0.09179861486129755 12.321428571428573
v -1.6071428571428577 -0.08994471728005549 12.321428571428573
v -1.0714285714285712 0.22687988846131535 12.321428571428573
v -0.5357142857142865 0.2565855481479351 12.321428571428573
v 0 -0.054122607502097964 12.321428571428573
v 0.5357142857142865 0.14633497351844724 12.321428571428573
v 1.071428571428573 0.16866512721547344 12.321428571428573
v 1.6071428571428577 0.16088476633037588 12.321428571428573
v 2.1428571428571423 0.2802978819791323 12.321428571428573
v 2.678571428571427 0.19353992083615418 12.321428571428573
v 3.2142857142857153 0.07380285181369921 12.321428571428573
v 3.75 -0.11059686765216281 12.321428571428573
v 4.285714285714285 0.1105905034302029 12.321428571428573
v 4.821428571428573 0.06884431119792052 12.321428571428573
v 5.357142857142858 0.3256791455694842 12.321428571428573
v 5.892857142857142 -0.15524231427481758 12.321428571428573
v 6.428571428571427 0.351702626600436 12.321428571428573
v 6.964285714285715 0.18451368982231725 12.321428571428573
v 7.5 -0.1695366877454122 12.321428571428573
v 8.035714285714285 -0.08259525119631132 12.321428571428573
v 8.571428571428573 0.16222575635829642 12.321428571428573
v 9.107142857142858 -0.17558055801540198 12.321428571428573
v 9.642857142857142 -0.06763622417159108 12.321428571428573
v 10.178571428571427 -0.06156244599259106 12.321428571428573
v 10.714285714285715 -0.03856836558250501 12.321428571428573
v 11.25 0.08578655272702719 12.321428571428573
v 11.785714285714285 0.015466150532778805 12.321428571428573
v 12.321428571428573 0.10963284589490083 12.321428571428573
v 12.857142857142858 -0.07794594559841378 12.321428571428573
v 13.392857142857142 -0.07819763581205401 12.321428571428573
v 13.928571428571427 0.15339577881878774 12.321428571428573
v 14.464285714285715 -0.13177209035418647 12.321428571428573
v 15 0.0672608681917726 12.321428571428573
v -15 -0.0441953981762669 12.857142857142858
v -14.464285714285714 -0.0658078332463374 12.857142857142858
v -13.928571428571429 0.28508334616152164 12.857142857142858
v -13.392857142857142 -0.03820555197703207 12.857142857142858
v -12.857142857142858 0.10096620102894478 12.857142857142858
v -12.321428571428571 0.060274715117081455 12.857142857142858
v -11.785714285714285 0.03381649975291731 12.857142857142858
v -11.25 0.04265516624429472 12.857142857142858
v -10.714285714285715 0.04979986752400712 12.857142857142858
v -10.178571428571429 0.3216302594810194 12.857142857142858
v -9.642857142857142 -0.21669717766170865 12.857142857142858
v -9.107142857142858 0.18881831314549352 12.857142857142858
v -8.571428571428571 0.08573215480961233 12.857142857142858
v -8.035714285714285 -0.22686837940486682 12.857142857142858
v -7.5 -0.26448084603196353 12.857142857142858
v -6.9642857142857135 0.02486391768362982 12.857142857142858
v -6.428571428571429 -0.23294540525011392 12.857142857142858
v -5.892857142857142 -0.25591107887343667 12.857142857142858
v -5.357142857142858 0.16827221764153102 12.857142857142858
v -4.821428571428571 0.02408870923441666 12.857142857142858
v -4.2857142857142865 -0.10831810816623105 12.857142857142858
v -3.75 0.03654473347470574 12.857142857142858
v -3.2142857142857135 -0.1532986743477796 12.857142857142858
v -2.678571428571429 -0.18247940443940866 12.857142857142858
v -2.1428571428571423 0.2232966591741426 12.857142857142858
v -1.6071428571428577 -0.2174400581504065 12.857142857142858
v -1.0714285714285712 -0.13785489585011199 12.857142857142858
v -0.5357142857142865 -0.030109657779764515 12.857142857142858
v 0 0.1694544529044214 12.857142857142858
v 0.5357142857142865 -0.16885466602935428 12.857142857142858
v 1.071428571428573 0.18993581300939644 12.857142857142858
v 1.6071428571428577 -0.11251864534880454 12.857142857142858
v 2.1428571428571423 0.09004455638018038 12.857142857142858
v 2.678571428571427 0.21828785612902765 12.857142857142858
v 3.2142857142857153 0.2461805644777972 12.857142857142858
v 3.75 0.03239596595869252 12.857142857142858
v 4.285714285714285 -0.07335157492719811 12.857142857142858
v 4.821428571428573 -0.1408370482589391 12.857142857142858
v 5.357142857142858 0.14796291191811278 12.857142857142858
v 5.892857142857142 0.2747385034931556 12.857142857142858
v 6.428571428571427 0.17904262816917138 12.857142857142858
v 6.964285714285715 -0.06428940596860294 12.857142857142858
v 7.5 0.062022351436061676 12.857142857142858
v 8.035714285714285 0.10619026994599695 12.857142857142858
v 8.571428571428573 -0.24754625175293066 12.857142857142858
v 9.107142857142858 -0.25445415423517365 12.857142857142858
v 9.642857142857142 0.11892975478051881 12.857142857142858
v 10.178571428571427 -0.10969833363617097 12.857142857142858
v 10.714285714285715 0.05182396373536913 12.857142857142858
v 11.25 -0.04594360511700437 12.857142857142858
v 11.785714285714285 0.3253997142228773 12.857142857142858
v 12.321428571428573 -0.1491549659025598 12.857142857142858
v 12.857142857142858 0.01717290407352267 12.857142857142858
v 13.392857142857142 -0.08340976253282258 12.857142857142858
v 13.928571428571427 0.20821641917452133 12.857142857142858
v 14.464285714285715 0.003911473408382757 12.857142857142858
v 15 -0.1086540588258583 12.857142857142858
v -15 0.2549971773899653 13.392857142857142
v -14.464285714285714 0.22455654602941388 13.392857142857142
v -13.928571428571429 -0.14736228515599673 13.392857142857142
v -13.392857142857142 0.25250423401965194 13.392857142857142
v -12.857142857142858 0.16630205102485202 13.392857142857142
v -12.321428571428571 -0.21213602487791625 13.392857142857142
v -11.785714285714285 0.16365300260913535 13.392857142857142
v -11.25 0.1457185284890628 13.392857142857142
v -10.714285714285715 -0.015852735949074943 13.392857142857142
v -10.178571428571429 -0.3205847702066821 13.392857142857142
v -9.642857142857142 -0.212844577577134 13.392857142857142
v -9.107142857142858 -0.08375671753813316 13.392857142857142
v -8.571428571428571 0.05421236170614901 13.392857142857142
v -8.035714285714285 -0.13819481510561016 13.392857142857142
v -7.5 0.3383406948644827 13.392857142857142
v -6.9642857142857135 -0.086384121191282 13.392857142857142
v -6.428571428571429 -0.0458073876775152 13.392857142857142
v -5.892857142857142 0.0362224310873307 13.392857142857142
v -5.357142857142858 0.30246909019239654 13.392857142857142
v -4.821428571428571 -0.13114788228762458 13.392857142857142
v -4.2857142857142865 -0.26852504623819823 13.392857142857142
v -3.75 -0.033239282600787956 13.392857142857142
v -3.2142857142857135 0.2693892910925333 13.392857142857142
v -2.678571428571429 -0.03162274696449913 13.392857142857142
v -2.1428571428571423 0.1515464339520745 13.392857142857142
v -1.6071428571428577 -0.21791812071080954 13.392857142857142
v -1.0714285714285712 0.06673997989374286 13.392857142857142
v -0.5357142857142865 0.16113821938680759 13.392857142857142
v 0 0.12757797465424525 13.392857142857142
v 0.5357142857142865 0.1670187505481473 13.392857142857142
v 1.071428571428573 -0.11914892990966391 13.392857142857142
v 1.6071428571428577 -0.13750300410089075 13.392857142857142
v 2.1428571428571423 0.1169041284968835 13.392857142857142
v 2.678571428571427 -0.18538172627609653 13.392857142857142
v 3.2142857142857153 -0.04172910365003206 13.392857142857142
v 3.75 -0.01072401605287026 13.392857142857142
v 4.285714285714285 0.2812560738914237 13.392857142857142
v 4.821428571428573 0.13806365367591153 13.392857142857142
v 5.357142857142858 0.10503298105537301 13.392857142857142
v 5.892857142857142 0.00009474917445695982 13.392857142857142
v 6.428571428571427 -0.14124682466076494 13.392857142857142
v 6.964285714285715 -0.10311537938905135 13.392857142857142
v 7.5 -0.1290711627341935 13.392857142857142
v 8.035714285714285 -0.12191830658909272 13.392857142857142
v 8.571428571428573 0.13359866430629627 13.392857142857142
v 9.107142857142858 -0.21335057630385185 13.392857142857142
v 9.642857142857142 -0.18356403721353093 13.392857142857142
v 10.178571428571427 0.16329577636628317 13.392857142857142
v 10.714285714285715 -0.0380128965343282 13.392857142857142
v 11.25 -0.27660752273077915 13.392857142857142
v 11.785714285714285 0.18566813030687124 13.392857142857142
v 12.321428571428573 0.03981649483184755 13.392857142857142
v 12.857142857142858 -0.06416680363467178 13.392857142857142
v 13.392857142857142 -0.018329844680801007 13.392857142857142
v 13.928571428571427 0.2194097540590509 13.392857142857142
v 14.464285714285715 0.0617925309937017 13.392857142857142
v 15 0.030355117628965568 13.392857142857142
v -15 0.17566825692952762 13.928571428571427
v -14.464285714285714 0.22960126704837375 13.928571428571427
v -13.928571428571429 0.1937484486736625 13.928571428571427
v -13.392857142857142 -0.11382062381178393 13.928571428571427
v -12.857142857142858 -0.11436890037356842 13.928571428571427
v -12.321428571428571 -0.18780462176753948 13.928571428571427
v -11.785714285714285 -0.19298575821478375 13.928571428571427
v -11.25 -0.05011393027279157 13.928571428571427
v -10.714285714285715 0.0926770144747171 13.928571428571427
v -10.178571428571429 -0.2752657443713955 13.928571428571427
v -9.642857142857142 0.06781011391032743 13.928571428571427
v -9.107142857142858 -0.07970120785420927 13.928571428571427
v -8.571428571428571 -0.16946147275321113 13.928571428571427
v -8.035714285714285 0.026504838116083552 13.928571428571427
v -7.5 0.050487214297053454 13.928571428571427
v -6.9642857142857135 0.011734130398739741 13.928571428571427
v -6.428571428571429 0.1459842229272979 13.928571428571427
v -5.892857142857142 -0.19623112580048002 13.928571428571427
v -5.357142857142858 -0.2306072553423691 13.928571428571427
v -4.821428571428571 0.05910010282435363 13.928571428571427
v -4.2857142857142865 0.18475624501689777 13.928571428571427
v -3.75 0.16209592728149347 13.928571428571427
v -3.2142857142857135 -0.18558829548288236 13.928571428571427
v -2.678571428571429 -0.21182994300606342 13.928571428571427
v -2.1428571428571423 -0.1505843528434425 13.928571428571427
v -1.6071428571428577 -0.12418923202537388 13.928571428571427
v -1.0714285714285712 0.04339656901862156 13.928571428571427
v -0.5357142857142865 0.06773004229870823 13.928571428571427
v 0 -0.07256304450759016 13.928571428571427
v 0.5357142857142865 -0.2385380326803062 13.928571428571427
v 1.071428571428573 0.12451351610343969 13.928571428571427
v 1.6071428571428577 0.11708329682663998 13.928571428571427
v 2.1428571428571423 0.2313451052074766 13.928571428571427
v 2.678571428571427 -0.125469116847008 13.928571428571427
v 3.2142857142857153 -0.20848687028500348 13.928571428571427
v 3.75 -0.12114926458612219 13.928571428571427
v 4.285714285714285 0.06743348333941497 13.928571428571427
v 4.821428571428573 -0.1583463668321918 13.928571428571427
v 5.357142857142858 0.13073755440808787 13.928571428571427
v 5.892857142857142 0.16703852629194615 13.928571428571427
v 6.428571428571427 -0.028211574938425237 13.928571428571427
v 6.964285714285715 -0.1801007667721309 13.928571428571427
v 7.5 0.08227060798394338 13.928571428571427
v 8.035714285714285 -0.04273795877609533 13.928571428571427
v 8.571428571428573 0.05786026236235413 13.928571428571427
v 9.107142857142858 -0.09736610466166684 13.928571428571427
v 9.642857142857142 -0.12299888484367352 13.928571428571427
v 10.178571428571427 -0.01552244113308221 13.928571428571427
v 10.714285714285715 0.22992433042091193 13.928571428571427
v 11.25 -0.051670590017900656 13.928571428571427
v 11.785714285714285 -0.021728092090260907 13.928571428571427
v 12.321428571428573 0.38834927874749525 13.928571428571427
v 12.857142857142858 0.018945764614363043 13.928571428571427
v 13.392857142857142 0.20798551051277703 13.928571428571427
v 13.928571428571427 0.04189174465567159 13.928571428571427
v 14.464285714285715 -0.12560847653190085 13.928571428571427
v 15 0.11411379745193839 13.928571428571427
v -15 -0.17716170738159723 14.464285714285715
v -14.464285714285714 0.11056732950019542 14.464285714285715
v -13.928571428571429 -0.14156724629243403 14.464285714285715
v -13.392857142857142 0.09891645967952345 14.464285714285715
v -12.857142857142858 -0.0429857470184503 14.464285714285715
v -12.321428571428571 0.28952363904765555 14.464285714285715
v -11.785714285714285 -0.21611592983944178 14.464285714285715
v -11.25 0.18013832904952085 14.464285714285715
v -10.714285714285715 -0.13531057331423615 14.464285714285715
v -10.178571428571429 0.1146171385592776 14.464285714285715
v -9.642857142857142 0.23179481887223974 14.464285714285715
v -9.107142857142858 0.06093121835356533 14.464285714285715
v -8.571428571428571 0.2410327230032972 14.464285714285715
v -8.035714285714285 -0.2713831471508299 14.464285714285715
v -7.5 0.31586934710311115 14.464285714285715
v -6.9642857142857135 0.29883657073448855 14.464285714285715
v -6.428571428571429 -0.032010631314927866 14.464285714285715
v -5.892857142857142 0.0641143237537974 14.464285714285715
v -5.357142857142858 -0.08761538635730785 14.464285714285715
v -4.821428571428571 0.22851832238572622 14.464285714285715
v -4.2857142857142865 0.146011857041481 14.464285714285715
v -3.75 -0.165784781639018 14.464285714285715
v -3.2142857142857135 -0.13712689683839116 14.464285714285715
v -2.678571428571429 0.16996367230004492 14.464285714285715
v -2.1428571428571423 0.3176748686159137 14.464285714285715
v -1.6071428571428577 -0.16553240691954035 14.464285714285715
v -1.0714285714285712 0.28380069818161985 14.464285714285715
v -0.5357142857142865 -0.26155576429697586 14.464285714285715
v 0 -0.18677031359872598 14.464285714285715
v 0.5357142857142865 0.20801489881144547 14.464285714285715
v 1.071428571428573 -0.1043146333568036 14.464285714285715
v 1.6071428571428577 0.019048636953435893 14.464285714285715
v 2.1428571428571423 -0.10001893876966733 14.464285714285715
v 2.678571428571427 0.1476501785242844 14.464285714285715
v 3.2142857142857153 -0.05422383994523206 14.464285714285715
v 3.75 -0.2302714525733142 14.464285714285715
v 4.285714285714285 -0.30385652025558885 14.464285714285715
v 4.821428571428573 -0.2226550218207162 14.464285714285715
v 5.357142857142858 0.19274068880926298 14.464285714285715
v 5.892857142857142 0.08582570389068267 14.464285714285715
v 6.428571428571427 -0.2118729126221017 14.464285714285715
v 6.964285714285715 0.011306321866935176 14.464285714285715
v 7.5 0.10806740038112461 14.464285714285715
v 8.035714285714285 -0.006441254815813429 14.464285714285715
v 8.571428571428573 -0.16772514796097052 14.464285714285715
v 9.107142857142858 -0.1188931302483675 14.464285714285715
v 9.642857142857142 0.031011966360747975 14.464285714285715
v 10.178571428571427 -0.04032309745763933 14.464285714285715
v 10.714285714285715 -0.13446976982004694 14.464285714285715
v 11.25 0.30807283770516847 14.464285714285715
v 11.785714285714285 -0.05522827929301537 14.464285714285715
v 12.321428571428573 -0.07822767663599069 14.464285714285715
v 12.857142857142858 0.3200487904309608 14.464285714285715
v 13.392857142857142 0.3384919947707585 14.464285714285715
v 13.928571428571427 -0.16731443621292957 14.464285714285715
v 14.464285714285715 -0.002760702792270847 14.464285714285715
v 15 -0.0008260992514044967 14.464285714285715
v -15 -0.03797995685454643 15
v -14.464285714285714 0.007678123347084988 15
v -13.928571428571429 -0.07334328027415861 15
v -13.392857142857142 0.03497380625837692 15
v -12.857142857142858 0.16630308501182764 15
v -12.321428571428571 -0.037805199115061326 15
v -11.785714285714285 -0.17423207779344527 15
v -11.25 0.13724417202888586 15
v -10.714285714285715 -0.05728870811986378 15
v -10.178571428571429 0.09307240190090346 15
v -9.642857142857142 -0.06841352905890269 15
v -9.107142857142858 0.18715133585100946 15
v -8.571428571428571 0.348478967110162 15
v -8.035714285714285 0.054602694975889696 15
v -7.5 -0.2130422409488866 15
v -6.9642857142857135 -0.08307529179648998 15
v -6.428571428571429 -0.12304953461732195 15
v -5.892857142857142 0.026368884350570585 15
v -5.357142857142858 0.02684721118073135 15
v -4.821428571428571 -0.018553884537442375 15
v -4.2857142857142865 -0.28258676806809174 15
v -3.75 0.03668318110962668 15
v -3.2142857142857135 -0.12675635336219235 15
v -2.678571428571429 -0.2550188407373444 15
v -2.1428571428571423 -0.08715753693546141 15
v -1.6071428571428577 0.03746444311745849 15
v -1.0714285714285712 -0.035026911197958775 15
v -0.5357142857142865 -0.1331321969286467 15
v 0 0.2265109011025901 15
v 0.5357142857142865 0.19692507238187582 15
v 1.071428571428573 -0.18791915270833015 15
v 1.6071428571428577 0.244534615378112 15
v 2.1428571428571423 0.12555814792296183 15
v 2.678571428571427 -0.07997285933830804 15
v 3.2142857142857153 0.1313647410572409 15
v 3.75 0.09939236415754443 15
v 4.285714285714285 0.312192141841519 15
v 4.821428571428573 0.139337582967057 15
v 5.357142857142858 0.21052949534419846 15
v 5.892857142857142 -0.20695980723318935 15
v 6.428571428571427 0.32499909672394206 15
v 6.964285714285715 0.12694354926273665 15
v 7.5 0.0438451662918818 15
v 8.035714285714285 0.08219428226715872 15
v 8.571428571428573 0.0685884121546927 15
v 9.107142857142858 -0.17764377883449378 15
v 9.642857142857142 -0.16665583128507466 15
v 10.178571428571427 -0.15595482708662226 15
v 10.714285714285715 -0.12804942836400435 15
v 11.25 0.24332053159528302 15
v 11.785714285714285 -0.10196301731304633 15
v 12.321428571428573 -0.033305760478688703 15
v 12.857142857142858 -0.08055348364117318 15
v 13.392857142857142 -0.14931777438422805 15
v 13.928571428571427 -0.19109066738520433 15
v 14.464285714285715 -0.07869873351812919 15
v 15 -0.05525166461923721 15
usemtl terrain
f 1 58 2
f 2 58 59
f 2 59 3
f 3 59 60
f 3 60 4
f 4 60 61
f 4 61 5
f 5 61 62
f 5 62 6
f 6 62 63
f 6 63 7
f 7 63 64
f 7 64 8
f 8 64 65
f 8 65 9
f 9 65 66
f 9 66 10
f 10 66 67
f 10 67 11
f 11 67 68
f 11 68 12
f 12 68 69
f 12 69 13
f 13 69 70
f 13 70 14
f 14 70 71
f 14 71 15
f 15 71 72
f 15 72 16
f 16 72 73
f 16 73 17
f 17 73 74
f 17 74 18
f 18 74 75
f 18 75 19
f 19 75 76
f 19 76 20
f 20 76 77
f 20 77 21
f 21 77 78
f 21 78 22
f 22 78 79
f 22 79 23
f 23 79 80
f 23 80 24
f 24 80 81
f 24 81 25
f 25 81 82
f 25 82 26
f 26 82 83
f 26 83 27
f 27 83 84
f 27 84 28
f 28 84 85
f 28 85 29
f 29 85 86
f 29 86 30
f 30 86 87
f 30 87 31
f 31 87 88
f 31 88 32
f 32 88 89
f 32 89 33
f 33 89 90
f 33 90 34
f 34 90 91
f 34 91 35
f 35 91 92
f 35 92 36
f 36 92 93
f 36 93 37
f 37 93 94
f 37 94 38
f 38 94 95
f 38 95 39
f 39 95 96
f 39 96 40
f 40 96 97
f 40 97 41
f 41 97 98
f 41 98 42
f 42 98 99
f 42 99 43
f 43 99 100
f 43 100 44
f 44 100 101
f 44 101 45
f 45 101 102
f 45 102 46
f 46 102 103
f 46 103 47
f 47 103 104
f 47 104 48
f 48 104 105
f 48 105 49
f 49 105 106
f 49 106 50
f 50 106 107
f 50 107 51
f 51 107 108
f 51 108 52
f 52 108 109
f 52 109 53
f 53 109 110
f 53 110 54
f 54 110 111
f 54 111 55
f 55 111 112
f 55 112 56
f 56 112 113
f 56 113 57
f 57 113 114
f 58 115 59
f 59 115 116
f 59 116 60
f 60 116 117
f 60 117 61
f 61 117 118
f 61 118 62
f 62 118 119
f 62 119 63
f 63 119 120
f 63 120 64
f 64 120 121
f 64 121 65
f 65 121 122
f 65 122 66
f 66 122 123
f 66 123 67
f 67 123 124
f 67 124 68
f 68 124 125
f 68 125 69
f 69 125 126
f 69 126 70
f 70 126 127
f 70 127 71
f 71 127 128
f 71 128 72
f 72 128 129
f 72 129 73
f 73 129 130
f 73 130 74
f 74 130 131
f 74 131 75
f 75 131 132
f 75 132 76
f 76 132 133
f 76 133 77
f 77 133 134
f 77 134 78
f 78 134 135
f 78 135 79
f 79 135 136
f 79 136 80
f 80 136 137
f 80 137 81
f 81 137 138
f 81 138 82
f 82 138 139
f 82 139 83
f 83 139 140
f 83 140 84
f 84 140 141
f 84 141 85
f 85 141 142
f 85 142 86
f 86 142 143
f 86 143 87
f 87 143 144
f 87 144 88
f 88 144 145
f 88 145 89
f 89 145 146
f 89 146 90
f 90 146 147
f 90 147 91
f 91 147 148
f 91 148 92
f 92 148 149
f 92 149 93
f 93 149 150
f 93 150 94
f 94 150 151
f 94 151 95
f 95 151 152
f 95 152 96
f 96 152 153
f 96 153 97
f 97 153 154
f 97 154 98
f 98 154 155
f 98 155 99
f 99 155 156
f 99 156 100
f 100 156 157
f 100 157 101
f 101 157 158
f 101 158 102
f 102 158 159
f 102 159 103
f 103 159 160
f 103 160 104
f 104 160 161
f 104 161 105
f 105 161 162
f 105 162 106
f 106 162 163
f 106 163 107
f 107 163 164
f 107 164 108
f 108 164 165
f 108 165 109
f 109 165 166
f 109 166 110
f 110 166 167
f 110 167 111
f 111 167 168
f 111 168 112
f 112 168 169
f 112 169 113
f 113 169 170
f 113 170 114
f 114 170 171
f 115 172 116
f 116 172 173
f 116 173 117
f 117 173 174
f 117 174 118
f 118 174 175
f 118 175 119
f 119 175 176
f 119 176 120
f 120 176 177
f 120 177 121
f 121 177 178
f 121 178 122
f 122 178 179
f 122 179 123
f 123 179 180
f 123 180 124
f 124 180 181
f 124 181 125
f 125 181 182
f 125 182 126
f 126 182 183
f 126 183 127
f 127 183 184
f 127 184 128
f 128 184 185
f 128 185 129
f 129 185 186
f 129 186 130
f 130 186 187
f 130 187 131
f 131 187 188
f 131 188 132
f 132 188 189
f 132 189 133
f 133 189 190
f 133 190 134
f 134 190 191
f 134 191 135
f 135 191 192
f 135 192 136
f 136 192 193
f 136 193 137
f 137 193 194
f 137 194 138
f 138 194 195
f 138 195 139
f 139 195 196
f 139 196 140
f 140 196 197
f 140 197 141
f 141 197 198
f 141 198 142
f 142 198 199
f 142 199 143
f 143 199 200
f 143 200 144
f 144 200 201
f 144 201 145
f 145 201 202
f 145 202 146
f 146 202 203
f 146 203 147
f 147 203 204
f 147 204 148
f 148 204 205
f 148 205 149
f 149 205 206
f 149 206 150
f 150 206 207
f 150 207 151
f 151 207 208
f 151 208 152
f 152 208 209
f 152 209 153
f 153 209 210
f 153 210 154
f 154 210 211
f 154 211 155
f 155 211 212
f 155 212 156
f 156 212 213
f 156 213 157
f 157 213 214
f 157 214 158
f 158 214 215
f 158 215 159
f 159 215 216
f 159 216 160
f 160 216 217
f 160 217 161
f 161 217 218
f 161 218 162
f 162 218 219
f 162 219 163
f 163 219 220
f 163 220 164
f 164 220 221
f 164 221 165
f 165 221 222
f 165 222 166
f 166 222 223
f 166 223 167
f 167 223 224
f 167 224 168
f 168 224 225
f 168 225 169
f 169 225 226
f 169 226 170
f 170 226 227
f 170 227 171
f 171 227 228
f 172 229 173
f 173 229 230
f 173 230 174
f 174 230 231
f 174 231 175
f 175 231 232
f 175 232 176
f 176 232 233
f 176 233 177
f 177 233 234
f 177 234 178
f 178 234 235
f 178 235 179
f 179 235 236
f 179 236 180
f 180 236 237
f 180 237 181
f 181 237 238
f 181 238 182
f 182 238 239
f 182 239 183
f 183 239 240
f 183 240 184
f 184 240 241
f 184 241 185
f 185 241 242
f 185 242 186
f 186 242 243
f 186 243 187
f 187 243 244
f 187 244 188
f 188 244 245
f 188 245 189
f 189 245 246
f 189 246 190
f 190 246 247
f 190 247 191
f 191 247 248
f 191 248 192
f 192 248 249
f 192 249 193
f 193 249 250
f 193 250 194
f 194 250 251
f 194 251 195
f 195 251 252
f 195 252 196
f 196 252 253
f 196 253 197
f 197 253 254
f 197 254 198
f 198 254 255
f 198 255 199
f 199 255 256
f 199 256 200
f 200 256 257
f 200 257 201
f 201 257 258
f 201 258 202
f 202 258 259
f 202 259 203
f 203 259 260
f 203 260 204
f 204 260 261
f 204 261 205
f 205 261 262
f 205 262 206
f 206 262 263
f 206 263 207
f 207 263 264
f 207 264 208
f 208 264 265
f 208 265 209
f 209 265 266
f 209 266 210
f 210 266 267
f 210 267 211
f 211 267 268
f 211 268 212
f 212 268 269
f 212 269 213
f 213 269 270
f 213 270 214
f 214 270 271
f 214 271 215
f 215 271 272
f 215 272 216
f 216 272 273
f 216 273 217
f 217 273 274
f 217 274 218
f 218 274 275
f 218 275 219
f 219 275 276
f 219 276 220
f 220 276 277
f 220 277 221
f 221 277 278
f 221 278 222
f 222 278 279
f 222 279 223
f 223 279 280
f 223 280 224
f 224 280 281
f 224 281 225
f 225 281 282
f 225 282 226
f 226 282 283
f 226 283 227
f 227 283 284
f 227 284 228
f 228 284 285
f 229 286 230
f 230 286 287
f 230 287 231
f 231 287 288
f 231 288 232
f 232 288 289
f 232 289 233
f 233 289 290
f 233 290 234
f 234 290 291
f 234 291 235
f 235 291 292
f 235 292 236
f 236 292 293
f 236 293 237
f 237 293 294
f 237 294 238
f 238 294 295
f 238 295 239
f 239 295 296
f 239 296 240
f 240 296 297
f 240 297 241
f 241 297 298
f 241 298 242
f 242 298 299
f 242 299 243
f 243 299 300
f 243 300 244
f 244 300 301
f 244 301 245
f 245 301 302
f 245 302 246
f 246 302 303
f 246 303 247
f 247 303 304
f 247 304 248
f 248 304 305
f 248 305 249
f 249 305 306
f 249 306 250
f 250 306 307
f 250 307 251
f 251 307 308
f 251 308 252
f 252 308 309
f 252 309 253
f 253 309 310
f 253 310 254
f 254 310 311
f 254 311 255
f 255 311 312
f 255 312 256
f 256 312 313
f 256 313 257
f 257 313 314
f 257 314 258
f 258 314 315
f 258 315 259
f 259 315 316
f 259 316 260
f 260 316 317
f 260 317 261
f 261 317 318
f 261 318 262
f 262 318 319
f 262 319 263
f 263 319 320
f 263 320 264
f 264 320 321
f 264 321 265
f 265 321 322
f 265 322 266
f 266 322 323
f 266 323 267
f 267 323 324
f 267 324 268
f 268 324 325
f 268 325 269
f 269 325 326
f 269 326 270
f 270 326 327
f 270 327 271
f 271 327 328
f 271 328 272
f 272 328 329
f 272 329 273
f 273 329 330
f 273 330 274
f 274 330 331
f 274 331 275
f 275 331 332
f 275 332 276
f 276 332 333
f 276 333 277
f 277 333 334
f 277 334 278
f 278 334 335
f 278 335 279
f 279 335 336
f 279 336 280
f 280 336 337
f 280 337 281
f 281 337 338
f 281 338 282
f 282 338 339
f 282 339 283
f 283 339 340
f 283 340 284
f 284 340 341
f 284 341 285
f 285 341 342
f 286 343 287
f 287 343 344
f 287 344 288
f 288 344 345
f 288 345 289
f 289 345 346
f 289 346 290
f 290 346 347
f 290 347 291
f 291 347 348
f 291 348 292
f 292 348 349
f 292 349 293
f 293 349 350
f 293 350 294
f 294 350 351
f 294 351 295
f 295 351 352
f 295 352 296
f 296 352 353
f 296 353 297
f 297 353 354
f 297 354 298
f 298 354 355
f 298 355 299
f 299 355 356
f 299 356 300
f 300 356 357
f 300 357 301
f 301 357 358
f 301 358 302
f 302 358 359
f 302 359 303
f 303 359 360
f 303 360 304
f 304 360 361
f 304 361 305
f 305 361 362
f 305 362 306
f 306 362 363
f 306 363 307
f 307 363 364
f 307 364 308
f 308 364 365
f 308 365 309
f 309 365 366
f 309 366 310
f 310 366 367
f 310 367 311
f 311 367 368
f 311 368 312
f 312 368 369
f 312 369 313
f 313 369 370
f 313 370 314
f 314 370 371
f 314 371 315
f 315 371 372
f 315 372 316
f 316 372 373
f 316 373 317
f 317 373 374
f 317 374 318
f 318 374 375
f 318 375 319
f 319 375 376
f 319 376 320
f 320 376 377
f 320 377 321
f 321 377 378
f 321 378 322
f 322 378 379
f 322 379 323
f 323 379 380
f 323 380 324
f 324 380 381
f 324 381 325
f 325 381 382
f 325 382 326
f 326 382 383
f 326 383 327
f 327 383 384
f 327 384 328
f 328 384 385
f 328 385 329
f 329 385 386
f 329 386 330
f 330 386 387
f 330 387 331
f 331 387 388
f 331 388 332
f 332 388 389
f 332 389 333
f 333 389 390
f 333 390 334
f 334 390 391
f 334 391 335
f 335 391 392
f 335 392 336
f 336 392 393
f 336 393 337
f 337 393 394
f 337 394 338
f 338 394 395
f 338 395 339
f 339 395 396
f 339 396 340
f 340 396 397
f 340 397 341
f 341 397 398
f 341 398 342
f 342 398 399
f 343 400 344
f 344 400 401
f 344 401 345
f 345 401 402
f 345 402 346
f 346 402 403
f 346 403 347
f 347 403 404
f 347 404 348
f 348 404 405
f 348 405 349
f 349 405 406
f 349 406 350
f 350 406 407
f 350 407 351
f 351 407 408
f 351 408 352
f 352 408 409
f 352 409 353
f 353 409 410
f 353 410 354
f 354 410 411
f 354 411 355
f 355 411 412
f 355 412 356
f 356 412 413
f 356 413 357
f 357 413 414
f 357 414 358
f 358 414 415
f 358 415 359
f 359 415 416
f 359 416 360
f 360 416 417
f 360 417 361
f 361 417 418
f 361 418 362
f 362 418 419
f 362 419 363
f 363 419 420
f 363 420 364
f 364 420 421
f 364 421 365
f 365 421 422
f 365 422 366
f 366 422 423
f 366 423 367
f 367 423 424
f 367 424 368
f 368 424 425
f 368 425 369
f 369 425 426
f 369 426 370
f 370 426 427
f 370 427 371
f 371 427 428
f 371 428 372
f 372 428 429
f 372 429 373
f 373 429 430
f 373 430 374
f 374 430 431
f 374 431 375
f 375 431 432
f 375 432 376
f 376 432 433
f 376 433 377
f 377 433 434
f 377 434 378
f 378 434 435
f 378 435 379
f 379 435 436
f 379 436 380
f 380 436 437
f 380 437 381
f 381 437 438
f 381 438 382
f 382 438 439
f 382 439 383
f 383 439 440
f 383 440 384
f 384 440 441
f 384 441 385
f 385 441 442
f 385 442 386
f 386 442 443
f 386 443 387
f 387 443 444
f 387 444 388
f 388 444 445
f 388 445 389
f 389 445 446
f 389 446 390
f 390 446 447
f 390 447 391
f 391 447 448
f 391 448 392
f 392 448 449
f 392 449 393
f 393 449 450
f 393 450 394
f 394 450 451
f 394 451 395
f 395 451 452
f 395 452 396
f 396 452 453
f 396 453 397
f 397 453 454
f 397 454 398
f 398 454 455
f 398 455 399
f 399 455 456
f 400 457 401
f 401 457 458
f 401 458 402
f 402 458 459
f 402 459 403
f 403 459 460
f 403 460 404
f 404 460 461
f 404 461 405
f 405 461 462
f 405 462 406
f 406 462 463
f 406 463 407
f 407 463 464
f 407 464 408
f 408 464 465
f 408 465 409
f 409 465 466
f 409 466 410
f 410 466 467
f 410 467 411
f 411 467 468
f 411 468 412
f 412 468 469
f 412 469 413
f 413 469 470
f 413 470 414
f 414 470 471
f 414 471 415
f 415 471 472
f 415 472 416
f 416 472 473
f 416 473 417
f 417 473 474
f 417 474 418
f 418 474 475
f 418 475 419
f 419 475 476
f 419 476 420
f 420 476 477
f 420 477 421
f 421 477 478
f 421 478 422
f 422 478 479
f 422 479 423
f 423 479 480
f 423 480 424
f 424 480 481
f 424 481 425
f 425 481 482
f 425 482 426
f 426 482 483
f 426 483 427
f 427 483 484
f 427 484 428
f 428 484 485
f 428 485 429
f 429 485 486
f 429 486 430
f 430 486 487
f 430 487 431
f 431 487 488
f 431 488 432
f 432 488 489
f 432 489 433
f 433 489 490
f 433 490 434
f 434 490 491
f 434 491 435
f 435 491 492
f 435 492 436
f 436 492 493
f 436 493 437
f 437 493 494
f 437 494 438
f 438 494 495
f 438 495 439
f 439 495 496
f 439 496 440
f 440 496 497
f 440 497 441
f 441 497 498
f 441 498 442
f 442 498 499
f 442 499 443
f 443 499 500
f 443 500 444
f 444 500 501
f 444 501 445
f 445 501 502
f 445 502 446
f 446 502 503
f 446 503 447
f 447 503 504
f 447 504 448
f 448 504 505
f 448 505 449
f 449 505 506
f 449 506 450
f 450 506 507
f 450 507 451
f 451 507 508
f 451 508 452
f 452 508 509
f 452 509 453
f 453 509 510
f 453 510 454
f 454 510 511
f 454 511 455
f 455 511 512
f 455 512 456
f 456 512 513
f 457 514 458
f 458 514 515
f 458 515 459
f 459 515 516
f 459 516 460
f 460 516 517
f 460 517 461
f 461 517 518
f 461 518 462
f 462 518 519
f 462 519 463
f 463 519 520
f 463 520 464
f 464 520 521
f 464 521 465
f 465 521 522
f 465 522 466
f 466 522 523
f 466 523 467
f 467 523 524
f 467 524 468
f 468 524 525
f 468 525 469
f 469 525 526
f 469 526 470
f 470 526 527
f 470 527 471
f 471 527 528
f 471 528 472
f 472 528 529
f 472 529 473
f 473 529 530
f 473 530 474
f 474 530 531
f 474 531 475
f 475 531 532
f 475 532 476
f 476 532 533
f 476 533 477
f 477 533 534
f 477 534 478
f 478 534 535
f 478 535 479
f 479 535 536
f 479 536 480
f 480 536 537
f 480 537 481
f 481 537 538
f 481 538 482
f 482 538 539
f 482 539 483
f 483 539 540
f 483 540 484
f 484 540 541
f 484 541 485
f 485 541 542
f 485 542 486
f 486 542 543
f 486 543 487
f 487 543 544
f 487 544 488
f 488 544 545
f 488 545 489
f 489 545 546
f 489 546 490
f 490 546 547
f 490 547 491
f 491 547 548
f 491 548 492
f 492 548 549
f 492 549 493
f 493 549 550
f 493 550 494
f 494 550 551
f 494 551 495
f 495 551 552
f 495 552 496
f 496 552 553
f 496 553 497
f 497 553 554
f 497 554 498
f 498 554 555
f 498 555 499
f 499 555 556
f 499 556 500
f 500 556 557
f 500 557 501
f 501 557 558
f 501 558 502
f 502 558 559
f 502 559 503
f 503 559 560
f 503 560 504
f 504 560 561
f 504 561 505
f 505 561 562
f 505 562 506
f 506 562 563
f 506 563 507
f 507 563 564
f 507 564 508
f 508 564 565
f 508 565 509
f 509 565 566
f 509 566 510
f 510 566 567
f 510 567 511
f 511 567 568
f 511 568 512
f 512 568 569
f 512 569 513
f 513 569 570
f 514 571 515
f 515 571 572
f 515 572 516
f 516 572 573
f 516 573 517
f 517 573 574
f 517 574 518
f 518 574 575
f 518 575 519
f 519 575 576
f 519 576 520
f 520 576 577
f 520 577 521
f 521 577 578
f 521 578 522
f 522 578 579
f 522 579 523
f 523 579 580
f 523 580 524
f 524 580 581
f 524 581 525
f 525 581 582
f 525 582 526
f 526 582 583
f 526 583 527
f 527 583 584
f 527 584 528
f 528 584 585
f 528 585 529
f 529 585 586
f 529 586 530
f 530 586 587
f 530 587 531
f 531 587 588
f 531 588 532
f 532 588 589
f 532 589 533
f 533 589 590
f 533 590 534
f 534 590 591
f 534 591 535
f 535 591 592
f 535 592 536
f 536 592 593
f 536 593 537
f 537 593 594
f 537 594 538
f 538 594 595
f 538 595 539
f 539 595 596
f 539 596 540
f 540 596 597
f 540 597 541
f 541 597 598
f 541 598 542
f 542 598 599
f 542 599 543
f 543 599 600
f 543 600 544
f 544 600 601
f 544 601 545
f 545 601 602
f 545 602 546
f 546 602 603
f 546 603 547
f 547 603 604
f 547 604 548
f 548 604 605
f 548 605 549
f 549 605 606
f 549 606 550
f 550 606 607
f 550 607 551
f 551 607 608
f 551 608 552
f 552 608 609
f 552 609 553
f 553 609 610
f 553 610 554
f 554 610 611
f 554 611 555
f 555 611 612
f 555 612 556
f 556 612 613
f 556 613 557
f 557 613 614
f 557 614 558
f 558 614 615
f 558 615 559
f 559 615 616
f 559 616 560
f 560 616 617
f 560 617 561
f 561 617 618
f 561 618 562
f 562 618 619
f 562 619 563
f 563 619 620
f 563 620 564
f 564 620 621
f 564 621 565
f 565 621 622
f 565 622 566
f 566 622 623
f 566 623 567
f 567 623 624
f 567 624 568
f 568 624 625
f 568 625 569
f 569 625 626
f 569 626 570
f 570 626 627
f 571 628 572
f 572 628 629
f 572 629 573
f 573 629 630
f 573 630 574
f 574 630 631
f 574 631 575
f 575 631 632
f 575 632 576
f 576 632 633
f 576 633 577
f 577 633 634
f 577 634 578
f 578 634 635
f 578 635 579
f 579 635 636
f 579 636 580
f 580 636 637
f 580 637 581
f 581 637 638
f 581 638 582
f 582 638 639
f 582 639 583
f 583 639 640
f 583 640 584
f 584 640 641
f 584 641 585
f 585 641 642
f 585 642 586
f 586 642 643
f 586 643 587
f 587 643 644
f 587 644 588
f 588 644 645
f 588 645 589
f 589 645 646
f 589 646 590
f 590 646 647
f 590 647 591
f 591 647 648
f 591 648 592
f 592 648 649
f 592 649 593
f 593 649 650
f 593 650 594
f 594 650 651
f 594 651 595
f 595 651 652
f 595 652 596
f 596 652 653
f 596 653 597
f 597 653 654
f 597 654 598
f 598 654 655
f 598 655 599
f 599 655 656
f 599 656 600
f 600 656 657
f 600 657 601
f 601 657 658
f 601 658 602
f 602 658 659
f 602 659 603
f 603 659 660
f 603 660 604
f 604 660 661
f 604 661 605
f 605 661 662
f 605 662 606
f 606 662 663
f 606 663 607
f 607 663 664
f 607 664 608
f 608 664 665
f 608 665 609
f 609 665 666
f 609 666 610
f 610 666 667
f 610 667 611
f 611 667 668
f 611 668 612
f 612 668 669
f 612 669 613
f 613 669 670
f 613 670 614
f 614 670 671
f 614 671 615
f 615 671 672
f 615 672 616
f 616 672 673
f 616 673 617
f 617 673 674
f 617 674 618
f 618 674 675
f 618 675 619
f 619 675 676
f 619 676 620
f 620 676 677
f 620 677 621
f 621 677 678
f 621 678 622
f 622 678 679
f 622 679 623
f 623 679 680
f 623 680 624
f 624 680 681
f 624 681 625
f 625 681 682
f 625 682 626
f 626 682 683
f 626 683 627
f 627 683 684
f 628 685 629
f 629 685 686
f 629 686 630
f 630 686 687
f 630 687 631
f 631 687 688
f 631 688 632
f 632 688 689
f 632 689 633
f 633 689 690
f 633 690 634
f 634 690 691
f 634 691 635
f 635 691 692
f 635 692 636
f 636 692 693
f 636 693 637
f 637 693 694
f 637 694 638
f 638 694 695
f 638 695 639
f 639 695 696
f 639 696 640
f 640 696 697
f 640 697 641
f 641 697 698
f 641 698 642
f 642 698 699
f 642 699 643
f 643 699 700
f 643 700 644
f 644 700 701
f 644 701 645
f 645 701 702
f 645 702 646
f 646 702 703
f 646 703 647
f 647 703 704
f 647 704 648
f 648 704 705
f 648 705 649
f 649 705 706
f 649 706 650
f 650 706 707
f 650 707 651
f 651 707 708
f 651 708 652
f 652 708 709
f 652 709 653
f 653 709 710
f 653 710 654
f 654 710 711
f 654 711 655
f 655 711 712
f 655 712 656
f 656 712 713
f 656 713 657
f 657 713 714
f 657 714 658
f 658 714 715
f 658 715 659
f 659 715 716
f 659 716 660
f 660 716 717
f 660 717 661
f 661 717 718
f 661 718 662
f 662 718 719
f 662 719 663
f 663 719 720
f 663 720 664
f 664 720 721
f 664 721 665
f 665 721 722
f 665 722 666
f 666 722 723
f 666 723 667
f 667 723 724
f 667 724 668
f 668 724 725
f 668 725 669
f 669 725 726
f 669 726 670
f 670 726 727
f 670 727 671
f 671 727 728
f 671 728 672
f 672 728 729
f 672 729 673
f 673 729 730
f 673 730 674
f 674 730 731
f 674 731 675
f 675 731 732
f 675 732 676
f 676 732 733
f 676 733 677
f 677 733 734
f 677 734 678
f 678 734 735
f 678 735 679
f 679 735 736
f 679 736 680
f 680 736 737
f 680 737 681
f 681 737 738
f 681 738 682
f 682 738 739
f 682 739 683
f 683 739 740
f 683 740 684
f 684 740 741
f 685 742 686
f 686 742 743
f 686 743 687
f 687 743 744
f 687 744 688
f 688 744 745
f 688 745 689
f 689 745 746
f 689 746 690
f 690 746 747
f 690 747 691
f 691 747 748
f 691 748 692
f 692 748 749
f 692 749 693
f 693 749 750
f 693 750 694
f 694 750 751
f 694 751 695
f 695 751 752
f 695 752 696
f 696 752 753
f 696 753 697
f 697 753 754
f 697 754 698
f 698 754 755
f 698 755 699
f 699 755 756
f 699 756 700
f 700 756 757
f 700 757 701
f 701 757 758
f 701 758 702
f 702 758 759
f 702 759 703
f 703 759 760
f 703 760 704
f 704 760 761
f 704 761 705
f 705 761 762
f 705 762 706
f 706 762 763
f 706 763 707
f 707 763 764
f 707 764 708
f 708 764 765
f 708 765 709
f 709 765 766
f 709 766 710
f 710 766 767
f 710 767 711
f 711 767 768
f 711 768 712
f 712 768 769
f 712 769 713
f 713 769 770
f 713 770 714
f 714 770 771
f 714 771 715
f 715 771 772
f 715 772 716
f 716 772 773
f 716 773 717
f 717 773 774
f 717 774 718
f 718 774 775
f 718 775 719
f 719 775 776
f 719 776 720
f 720 776 777
f 720 777 721
f 721 777 778
f 721 778 722
f 722 778 779
f 722 779 723
f 723 779 780
f 723 780 724
f 724 780 781
f 724 781 725
f 725 781 782
f 725 782 726
f 726 782 783
f 726 783 727
f 727 783 784
f 727 784 728
f 728 784 785
f 728 785 729
f 729 785 786
f 729 786 730
f 730 786 787
f 730 787 731
f 731 787 788
f 731 788 732
f 732 788 789
f 732 789 733
f 733 789 790
f 733 790 734
f 734 790 791
f 734 791 735
f 735 791 792
f 735 792 736
f 736 792 793
f 736 793 737
f 737 793 794
f 737 794 738
f 738 794 795
f 738 795 739
f 739 795 796
f 739 796 740
f 740 796 797
f 740 797 741
f 741 797 798
f 742 799 743
f 743 799 800
f 743 800 744
f 744 800 801
f 744 801 745
f 745 801 802
f 745 802 746
f 746 802 803
f 746 803 747
f 747 803 804
f 747 804 748
f 748 804 805
f 748 805 749
f 749 805 806
f 749 806 750
f 750 806 807
f 750 807 751
f 751 807 808
f 751 808 752
f 752 808 809
f 752 809 753
f 753 809 810
f 753 810 754
f 754 810 811
f 754 811 755
f 755 811 812
f 755 812 756
f 756 812 813
f 756 813 757
f 757 813 814
f 757 814 758
f 758 814 815
f 758 815 759
f 759 815 816
f 759 816 760
f 760 816 817
f 760 817 761
f 761 817 818
f 761 818 762
f 762 818 819
f 762 819 763
f 763 819 820
f 763 820 764
f 764 820 821
f 764 821 765
f 765 821 822
f 765 822 766
f 766 822 823
f 766 823 767
f 767 823 824
f 767 824 768
f 768 824 825
f 768 825 769
f 769 825 826
f 769 826 770
f 770 826 827
f 770 827 771
f 771 827 828
f 771 828 772
f 772 828 829
f 772 829 773
f 773 829 830
f 773 830 774
f 774 830 831
f 774 831 775
f 775 831 832
f 775 832 776
f 776 832 833
f 776 833 777
f 777 833 834
f 777 834 778
f 778 834 835
f 778 835 779
f 779 835 836
f 779 836 780
f 780 836 837
f 780 837 781
f 781 837 838
f 781 838 782
f 782 838 839
f 782 839 783
f 783 839 840
f 783 840 784
f 784 840 841
f 784 841 785
f 785 841 842
f 785 842 786
f 786 842 843
f 786 843 787
f 787 843 844
f 787 844 788
f 788 844 845
f 788 845 789
f 789 845 846
f 789 846 790
f 790 846 847
f 790 847 791
f 791 847 848
f 791 848 792
f 792 848 849
f 792 849 793
f 793 849 850
f 793 850 794
f 794 850 851
f 794 851 795
f 795 851 852
f 795 852 796
f 796 852 853
f 796 853 797
f 797 853 854
f 797 854 798
f 798 854 855
f 799 856 800
f 800 856 857
f 800 857 801
f 801 857 858
f 801 858 802
f 802 858 859
f 802 859 803
f 803 859 860
f 803 860 804
f 804 860 861
f 804 861 805
f 805 861 862
f 805 862 806
f 806 862 863
f 806 863 807
f 807 863 864
f 807 864 808
f 808 864 865
f 808 865 809
f 809 865 866
f 809 866 810
f 810 866 867
f 810 867 811
f 811 867 868
f 811 868 812
f 812 868 869
f 812 869 813
f 813 869 870
f 813 870 814
f 814 870 871
f 814 871 815
f 815 871 872
f 815 872 816
f 816 872 873
f 816 873 817
f 817 873 874
f 817 874 818
f 818 874 875
f 818 875 819
f 819 875 876
f 819 876 820
f 820 876 877
f 820 877 821
f 821 877 878
f 821 878 822
f 822 878 879
f 822 879 823
f 823 879 880
f 823 880 824
f 824 880 881
f 824 881 825
f 825 881 882
f 825 882 826
f 826 882 883
f 826 883 827
f 827 883 884
f 827 884 828
f 828 884 885
f 828 885 829
f 829 885 886
f 829 886 830
f 830 886 887
f 830 887 831
f 831 887 888
f 831 888 832
f 832 888 889
f 832 889 833
f 833 889 890
f 833 890 834
f 834 890 891
f 834 891 835
f 835 891 892
f 835 892 836
f 836 892 893
f 836 893 837
f 837 893 894
f 837 894 838
f 838 894 895
f 838 895 839
f 839 895 896
f 839 896 840
f 840 896 897
f 840 897 841
f 841 897 898
f 841 898 842
f 842 898 899
f 842 899 843
f 843 899 900
f 843 900 844
f 844 900 901
f 844 901 845
f 845 901 902
f 845 902 846
f 846 902 903
f 846 903 847
f 847 903 904
f 847 904 848
f 848 904 905
f 848 905 849
f 849 905 906
f 849 906 850
f 850 906 907
f 850 907 851
f 851 907 908
f 851 908 852
f 852 908 909
f 852 909 853
f 853 909 910
f 853 910 854
f 854 910 911
f 854 911 855
f 855 911 912
f 856 913 857
f 857 913 914
f 857 914 858
f 858 914 915
f 858 915 859
f 859 915 916
f 859 916 860
f 860 916 917
f 860 917 861
f 861 917 918
f 861 918 862
f 862 918 919
f 862 919 863
f 863 919 920
f 863 920 864
f 864 920 921
f 864 921 865
f 865 921 922
f 865 922 866
f 866 922 923
f 866 923 867
f 867 923 924
f 867 924 868
f 868 924 925
f 868 925 869
f 869 925 926
f 869 926 870
f 870 926 927
f 870 927 871
f 871 927 928
f 871 928 872
f 872 928 929
f 872 929 873
f 873 929 930
f 873 930 874
f 874 930 931
f 874 931 875
f 875 931 932
f 875 932 876
f 876 932 933
f 876 933 877
f 877 933 934
f 877 934 878
f 878 934 935
f 878 935 879
f 879 935 936
f 879 936 880
f 880 936 937
f 880 937 881
f 881 937 938
f 881 938 882
f 882 938 939
f 882 939 883
f 883 939 940
f 883 940 884
f 884 940 941
f 884 941 885
f 885 941 942
f 885 942 886
f 886 942 943
f 886 943 887
f 887 943 944
f 887 944 888
f 888 944 945
f 888 945 889
f 889 945 946
f 889 946 890
f 890 946 947
f 890 947 891
f 891 947 948
f 891 948 892
f 892 948 949
f 892 949 893
f 893 949 950
f 893 950 894
f 894 950 951
f 894 951 895
f 895 951 952
f 895 952 896
f 896 952 953
f 896 953 897
f 897 953 954
f 897 954 898
f 898 954 955
f 898 955 899
f 899 955 956
f 899 956 900
f 900 956 957
f 900 957 901
f 901 957 958
f 901 958 902
f 902 958 959
f 902 959 903
f 903 959 960
f 903 960 904
f 904 960 961
f 904 961 905
f 905 961 962
f 905 962 906
f 906 962 963
f 906 963 907
f 907 963 964
f 907 964 908
f 908 964 965
f 908 965 909
f 909 965 966
f 909 966 910
f 910 966 967
f 910 967 911
f 911 967 968
f 911 968 912
f 912 968 969
f 913 970 914
f 914 970 971
f 914 971 915
f 915 971 972
f 915 972 916
f 916 972 973
f 916 973 917
f 917 973 974
f 917 974 918
f 918 974 975
f 918 975 919
f 919 975 976
f 919 976 920
f 920 976 977
f 920 977 921
f 921 977 978
f 921 978 922
f 922 978 979
f 922 979 923
f 923 979 980
f 923 980 924
f 924 980 981
f 924 981 925
f 925 981 982
f 925 982 926
f 926 982 983
f 926 983 927
f 927 983 984
f 927 984 928
f 928 984 985
f 928 985 929
f 929 985 986
f 929 986 930
f 930 986 987
f 930 987 931
f 931 987 988
f 931 988 932
f 932 988 989
f 932 989 933
f 933 989 990
f 933 990 934
f 934 990 991
f 934 991 935
f 935 991 992
f 935 992 936
f 936 992 993
f 936 993 937
f 937 993 994
f 937 994 938
f 938 994 995
f 938 995 939
f 939 995 996
f 939 996 940
f 940 996 997
f 940 997 941
f 941 997 998
f 941 998 942
f 942 998 999
f 942 999 943
f 943 999 1000
f 943 1000 944
f 944 1000 1001
f 944 1001 945
f 945 1001 1002
f 945 1002 946
f 946 1002 1003
f 946 1003 947
f 947 1003 1004
f 947 1004 948
f 948 1004 1005
f 948 1005 949
f 949 1005 1006
f 949 1006 950
f 950 1006 1007
f 950 1007 951
f 951 1007 1008
f 951 1008 952
f 952 1008 1009
f 952 1009 953
f 953 1009 1010
f 953 1010 954
f 954 1010 1011
f 954 1011 955
f 955 1011 1012
f 955 1012 956
f 956 1012 1013
f 956 1013 957
f 957 1013 1014
f 957 1014 958
f 958 1014 1015
f 958 1015 959
f 959 1015 1016
f 959 1016 960
f 960 1016 1017
f 960 1017 961
f 961 1017 1018
f 961 1018 962
f 962 1018 1019
f 962 1019 963
f 963 1019 1020
f 963 1020 964
f 964 1020 1021
f 964 1021 965
f 965 1021 1022
f 965 1022 966
f 966 1022 1023
f 966 1023 967
f 967 1023 1024
f 967 1024 968
f 968 1024 1025
f 968 1025 969
f 969 1025 1026
f 970 1027 971
f 971 1027 1028
f 971 1028 972
f 972 1028 1029
f 972 1029 973
f 973 1029 1030
f 973 1030 974
f 974 1030 1031
f 974 1031 975
f 975 1031 1032
f 975 1032 976
f 976 1032 1033
f 976 1033 977
f 977 1033 1034
f 977 1034 978
f 978 1034 1035
f 978 1035 979
f 979 1035 1036
f 979 1036 980
f 980 1036 1037
f 980 1037 981
f 981 1037 1038
f 981 1038 982
f 982 1038 1039
f 982 1039 983
f 983 1039 1040
f 983 1040 984
f 984 1040 1041
f 984 1041 985
f 985 1041 1042
f 985 1042 986
f 986 1042 1043
f 986 1043 987
f 987 1043 1044
f 987 1044 988
f 988 1044 1045
f 988 1045 989
f 989 1045 1046
f 989 1046 990
f 990 1046 1047
f 990 1047 991
f 991 1047 1048
f 991 1048 992
f 992 1048 1049
f 992 1049 993
f 993 1049 1050
f 993 1050 994
f 994 1050 1051
f 994 1051 995
f 995 1051 1052
f 995 1052 996
f 996 1052 1053
f 996 1053 997
f 997 1053 1054
f 997 1054 998
f 998 1054 1055
f 998 1055 999
f 999 1055 1056
f 999 1056 1000
f 1000 1056 1057
f 1000 1057 1001
f 1001 1057 1058
f 1001 1058 1002
f 1002 1058 1059
f 1002 1059 1003
f 1003 1059 1060
f 1003 1060 1004
f 1004 1060 1061
f 1004 1061 1005
f 1005 1061 1062
f 1005 1062 1006
f 1006 1062 1063
f 1006 1063 1007
f 1007 1063 1064
f 1007 1064 1008
f 1008 1064 1065
f 1008 1065 1009
f 1009 1065 1066
f 1009 1066 1010
f 1010 1066 1067
f 1010 1067 1011
f 1011 1067 1068
f 1011 1068 1012
f 1012 1068 1069
f 1012 1069 1013
f 1013 1069 1070
f 1013 1070 1014
f 1014 1070 1071
f 1014 1071 1015
f 1015 1071 1072
f 1015 1072 1016
f 1016 1072 1073
f 1016 1073 1017
f 1017 1073 1074
f 1017 1074 1018
f 1018 1074 1075
f 1018 1075 1019
f 1019 1075 1076
f 1019 1076 1020
f 1020 1076 1077
f 1020 1077 1021
f 1021 1077 1078
f 1021 1078 1022
f 1022 1078 1079
f 1022 1079 1023
f 1023 1079 1080
f 1023 1080 1024
f 1024 1080 1081
f 1024 1081 1025
f 1025 1081 1082
f 1025 1082 1026
f 1026 1082 1083
f 1027 1084 1028
f 1028 1084 1085
f 1028 1085 1029
f 1029 1085 1086
f 1029 1086 1030
f 1030 1086 1087
f 1030 1087 1031
f 1031 1087 1088
f 1031 1088 1032
f 1032 1088 1089
f 1032 1089 1033
f 1033 1089 1090
f 1033 1090 1034
f 1034 1090 1091
f 1034 1091 1035
f 1035 1091 1092
f 1035 1092 1036
f 1036 1092 1093
f 1036 1093 1037
f 1037 1093 1094
f 1037 1094 1038
f 1038 1094 1095
f 1038 1095 1039
f 1039 1095 1096
f 1039 1096 1040
f 1040 1096 1097
f 1040 1097 1041
f 1041 1097 1098
f 1041 1098 1042
f 1042 1098 1099
f 1042 1099 1043
f 1043 1099 1100
f 1043 1100 1044
f 1044 1100 1101
f 1044 1101 1045
f 1045 1101 1102
f 1045 1102 1046
f 1046 1102 1103
f 1046 1103 1047
f 1047 1103 1104
f 1047 1104 1048
f 1048 1104 1105
f 1048 1105 1049
f 1049 1105 1106
f 1049 1106 1050
f 1050 1106 1107
f 1050 1107 1051
f 1051 1107 1108
f 1051 1108 1052
f 1052 1108 1109
f 1052 1109 1053
f 1053 1109 1110
f 1053 1110 1054
f 1054 1110 1111
f 1054 1111 1055
f 1055 1111 1112
f 1055 1112 1056
f 1056 1112 1113
f 1056 1113 1057
f 1057 1113 1114
f 1057 1114 1058
f 1058 1114 1115
f 1058 1115 1059
f 1059 1115 1116
f 1059 1116 1060
f 1060 1116 1117
f 1060 1117 1061
f 1061 1117 1118
f 1061 1118 1062
f 1062 1118 1119
f 1062 1119 1063
f 1063 1119 1120
f 1063 1120 1064
f 1064 1120 1121
f 1064 1121 1065
f 1065 1121 1122
f 1065 1122 1066
f 1066 1122 1123
f 1066 1123 1067
f 1067 1123 1124
f 1067 1124 1068
f 1068 1124 1125
f 1068 1125 1069
f 1069 1125 1126
f 1069 1126 1070
f 1070 1126 1127
f 1070 1127 1071
f 1071 1127 1128
f 1071 1128 1072
f 1072 1128 1129
f 1072 1129 1073
f 1073 1129 1130
f 1073 1130 1074
f 1074 1130 1131
f 1074 1131 1075
f 1075 1131 1132
f 1075 1132 1076
f 1076 1132 1133
f 1076 1133 1077
f 1077 1133 1134
f 1077 1134 1078
f 1078 1134 1135
f 1078 1135 1079
f 1079 1135 1136
f 1079 1136 1080
f 1080 1136 1137
f 1080 1137 1081
f 1081 1137 1138
f 1081 1138 1082
f 1082 1138 1139
f 1082 1139 1083
f 1083 1139 1140
f 1084 1141 1085
f 1085 1141 1142
f 1085 1142 1086
f 1086 1142 1143
f 1086 1143 1087
f 1087 1143 1144
f 1087 1144 1088
f 1088 1144 1145
f 1088 1145 1089
f 1089 1145 1146
f 1089 1146 1090
f 1090 1146 1147
f 1090 1147 1091
f 1091 1147 1148
f 1091 1148 1092
f 1092 1148 1149
f 1092 1149 1093
f 1093 1149 1150
f 1093 1150 1094
f 1094 1150 1151
f 1094 1151 1095
f 1095 1151 1152
f 1095 1152 1096
f 1096 1152 1153
f 1096 1153 1097
f 1097 1153 1154
f 1097 1154 1098
f 1098 1154 1155
f 1098 1155 1099
f 1099 1155 1156
f 1099 1156 1100
f 1100 1156 1157
f 1100 1157 1101
f 1101 1157 1158
f 1101 1158 1102
f 1102 1158 1159
f 1102 1159 1103
f 1103 1159 1160
f 1103 1160 1104
f 1104 1160 1161
f 1104 1161 1105
f 1105 1161 1162
f 1105 1162 1106
f 1106 1162 1163
f 1106 1163 1107
f 1107 1163 1164
f 1107 1164 1108
f 1108 1164 1165
f 1108 1165 1109
f 1109 1165 1166
f 1109 1166 1110
f 1110 1166 1167
f 1110 1167 1111
f 1111 1167 1168
f 1111 1168 1112
f 1112 1168 1169
f 1112 1169 1113
f 1113 1169 1170
f 1113 1170 1114
f 1114 1170 1171
f 1114 1171 1115
f 1115 1171 1172
f 1115 1172 1116
f 1116 1172 1173
f 1116 1173 1117
f 1117 1173 1174
f 1117 1174 1118
f 1118 1174 1175
f 1118 1175 1119
f 1119 1175 1176
f 1119 1176 1120
f 1120 1176 1177
f 1120 1177 1121
f 1121 1177 1178
f 1121 1178 1122
f 1122 1178 1179
f 1122 1179 1123
f 1123 1179 1180
f 1123 1180 1124
f 1124 1180 1181
f 1124 1181 1125
f 1125 1181 1182
f 1125 1182 1126
f 1126 1182 1183
f 1126 1183 1127
f 1127 1183 1184
f 1127 1184 1128
f 1128 1184 1185
f 1128 1185 1129
f 1129 1185 1186
f 1129 1186 1130
f 1130 1186 1187
f 1130 1187 1131
f 1131 1187 1188
f 1131 1188 1132
f 1132 1188 1189
f 1132 1189 1133
f 1133 1189 1190
f 1133 1190 1134
f 1134 1190 1191
f 1134 1191 1135
f 1135 1191 1192
f 1135 1192 1136
f 1136 1192 1193
f 1136 1193 1137
f 1137 1193 1194
f 1137 1194 1138
f 1138 1194 1195
f 1138 1195 1139
f 1139 1195 1196
f 1139 1196 1140
f 1140 1196 1197
f 1141 1198 1142
f 1142 1198 1199
f 1142 1199 1143
f 1143 1199 1200
f 1143 1200 1144
f 1144 1200 1201
f 1144 1201 1145
f 1145 1201 1202
f 1145 1202 1146
f 1146 1202 1203
f 1146 1203 1147
f 1147 1203 1204
f 1147 1204 1148
f 1148 1204 1205
f 1148 1205 1149
f 1149 1205 1206
f 1149 1206 1150
f 1150 1206 1207
f 1150 1207 1151
f 1151 1207 1208
f 1151 1208 1152
f 1152 1208 1209
f 1152 1209 1153
f 1153 1209 1210
f 1153 1210 1154
f 1154 1210 1211
f 1154 1211 1155
f 1155 1211 1212
f 1155 1212 1156
f 1156 1212 1213
f 1156 1213 1157
f 1157 1213 1214
f 1157 1214 1158
f 1158 1214 1215
f 1158 1215 1159
f 1159 1215 1216
f 1159 1216 1160
f 1160 1216 1217
f 1160 1217 1161
f 1161 1217 1218
f 1161 1218 1162
f 1162 1218 1219
f 1162 1219 1163
f 1163 1219 1220
f 1163 1220 1164
f 1164 1220 1221
f 1164 1221 1165
f 1165 1221 1222
f 1165 1222 1166
f 1166 1222 1223
f 1166 1223 1167
f 1167 1223 1224
f 1167 1224 1168
f 1168 1224 1225
f 1168 1225 1169
f 1169 1225 1226
f 1169 1226 1170
f 1170 1226 1227
f 1170 1227 1171
f 1171 1227 1228
f 1171 1228 1172
f 1172 1228 1229
f 1172 1229 1173
f 1173 1229 1230
f 1173 1230 1174
f 1174 1230 1231
f 1174 1231 1175
f 1175 1231 1232
f 1175 1232 1176
f 1176 1232 1233
f 1176 1233 1177
f 1177 1233 1234
f 1177 1234 1178
f 1178 1234 1235
f 1178 1235 1179
f 1179 1235 1236
f 1179 1236 1180
f 1180 1236 1237
f 1180 1237 1181
f 1181 1237 1238
f 1181 1238 1182
f 1182 1238 1239
f 1182 1239 1183
f 1183 1239 1240
f 1183 1240 1184
f 1184 1240 1241
f 1184 1241 1185
f 1185 1241 1242
f 1185 1242 1186
f 1186 1242 1243
f 1186 1243 1187
f 1187 1243 1244
f 1187 1244 1188
f 1188 1244 1245
f 1188 1245 1189
f 1189 1245 1246
f 1189 1246 1190
f 1190 1246 1247
f 1190 1247 1191
f 1191 1247 1248
f 1191 1248 1192
f 1192 1248 1249
f 1192 1249 1193
f 1193 1249 1250
f 1193 1250 1194
f 1194 1250 1251
f 1194 1251 1195
f 1195 1251 1252
f 1195 1252 1196
f 1196 1252 1253
f 1196 1253 1197
f 1197 1253 1254
f 1198 1255 1199
f 1199 1255 1256
f 1199 1256 1200
f 1200 1256 1257
f 1200 1257 1201
f 1201 1257 1258
f 1201 1258 1202
f 1202 1258 1259
f 1202 1259 1203
f 1203 1259 1260
f 1203 1260 1204
f 1204 1260 1261
f 1204 1261 1205
f 1205 1261 1262
f 1205 1262 1206
f 1206 1262 1263
f 1206 1263 1207
f 1207 1263 1264
f 1207 1264 1208
f 1208 1264 1265
f 1208 1265 1209
f 1209 1265 1266
f 1209 1266 1210
f 1210 1266 1267
f 1210 1267 1211
f 1211 1267 1268
f 1211 1268 1212
f 1212 1268 1269
f 1212 1269 1213
f 1213 1269 1270
f 1213 1270 1214
f 1214 1270 1271
f 1214 1271 1215
f 1215 1271 1272
f 1215 1272 1216
f 1216 1272 1273
f 1216 1273 1217
f 1217 1273 1274
f 1217 1274 1218
f 1218 1274 1275
f 1218 1275 1219
f 1219 1275 1276
f 1219 1276 1220
f 1220 1276 1277
f 1220 1277 1221
f 1221 1277 1278
f 1221 1278 1222
f 1222 1278 1279
f 1222 1279 1223
f 1223 1279 1280
f 1223 1280 1224
f 1224 1280 1281
f 1224 1281 1225
f 1225 1281 1282
f 1225 1282 1226
f 1226 1282 1283
f 1226 1283 1227
f 1227 1283 1284
f 1227 1284 1228
f 1228 1284 1285
f 1228 1285 1229
f 1229 1285 1286
f 1229 1286 1230
f 1230 1286 1287
f 1230 1287 1231
f 1231 1287 1288
f 1231 1288 1232
f 1232 1288 1289
f 1232 1289 1233
f 1233 1289 1290
f 1233 1290 1234
f 1234 1290 1291
f 1234 1291 1235
f 1235 1291 1292
f 1235 1292 1236
f 1236 1292 1293
f 1236 1293 1237
f 1237 1293 1294
f 1237 1294 1238
f 1238 1294 1295
f 1238 1295 1239
f 1239 1295 1296
f 1239 1296 1240
f 1240 1296 1297
f 1240 1297 1241
f 1241 1297 1298
f 1241 1298 1242
f 1242 1298 1299
f 1242 1299 1243
f 1243 1299 1300
f 1243 1300 1244
f 1244 1300 1301
f 1244 1301 1245
f 1245 1301 1302
f 1245 1302 1246
f 1246 1302 1303
f 1246 1303 1247
f 1247 1303 1304
f 1247 1304 1248
f 1248 1304 1305
f 1248 1305 1249
f 1249 1305 1306
f 1249 1306 1250
f 1250 1306 1307
f 1250 1307 1251
f 1251 1307 1308
f 1251 1308 1252
f 1252 1308 1309
f 1252 1309 1253
f 1253 1309 1310
f 1253 1310 1254
f 1254 1310 1311
f 1255 1312 1256
f 1256 1312 1313
f 1256 1313 1257
f 1257 1313 1314
f 1257 1314 1258
f 1258 1314 1315
f 1258 1315 1259
f 1259 1315 1316
f 1259 1316 1260
f 1260 1316 1317
f 1260 1317 1261
f 1261 1317 1318
f 1261 1318 1262
f 1262 1318 1319
f 1262 1319 1263
f 1263 1319 1320
f 1263 1320 1264
f 1264 1320 1321
f 1264 1321 1265
f 1265 1321 1322
f 1265 1322 1266
f 1266 1322 1323
f 1266 1323 1267
f 1267 1323 1324
f 1267 1324 1268
f 1268 1324 1325
f 1268 1325 1269
f 1269 1325 1326
f 1269 1326 1270
f 1270 1326 1327
f 1270 1327 1271
f 1271 1327 1328
f 1271 1328 1272
f 1272 1328 1329
f 1272 1329 1273
f 1273 1329 1330
f 1273 1330 1274
f 1274 1330 1331
f 1274 1331 1275
f 1275 1331 1332
f 1275 1332 1276
f 1276 1332 1333
f 1276 1333 1277
f 1277 1333 1334
f 1277 1334 1278
f 1278 1334 1335
f 1278 1335 1279
f 1279 1335 1336
f 1279 1336 1280
f 1280 1336 1337
f 1280 1337 1281
f 1281 1337 1338
f 1281 1338 1282
f 1282 1338 1339
f 1282 1339 1283
f 1283 1339 1340
f 1283 1340 1284
f 1284 1340 1341
f 1284 1341 1285
f 1285 1341 1342
f 1285 1342 1286
f 1286 1342 1343
f 1286 1343 1287
f 1287 1343 1344
f 1287 1344 1288
f 1288 1344 1345
f 1288 1345 1289
f 1289 1345 1346
f 1289 1346 1290
f 1290 1346 1347
f 1290 1347 1291
f 1291 1347 1348
f 1291 1348 1292
f 1292 1348 1349
f 1292 1349 1293
f 1293 1349 1350
f 1293 1350 1294
f 1294 1350 1351
f 1294 1351 1295
f 1295 1351 1352
f 1295 1352 1296
f 1296 1352 1353
f 1296 1353 1297
f 1297 1353 1354
f 1297 1354 1298
f 1298 1354 1355
f 1298 1355 1299
f 1299 1355 1356
f 1299 1356 1300
f 1300 1356 1357
f 1300 1357 1301
f 1301 1357 1358
f 1301 1358 1302
f 1302 1358 1359
f 1302 1359 1303
f 1303 1359 1360
f 1303 1360 1304
f 1304 1360 1361
f 1304 1361 1305
f 1305 1361 1362
f 1305 1362 1306
f 1306 1362 1363
f 1306 1363 1307
f 1307 1363 1364
f 1307 1364 1308
f 1308 1364 1365
f 1308 1365 1309
f 1309 1365 1366
f 1309 1366 1310
f 1310 1366 1367
f 1310 1367 1311
f 1311 1367 1368
f 1312 1369 1313
f 1313 1369 1370
f 1313 1370 1314
f 1314 1370 1371
f 1314 1371 1315
f 1315 1371 1372
f 1315 1372 1316
f 1316 1372 1373
f 1316 1373 1317
f 1317 1373 1374
f 1317 1374 1318
f 1318 1374 1375
f 1318 1375 1319
f 1319 1375 1376
f 1319 1376 1320
f 1320 1376 1377
f 1320 1377 1321
f 1321 1377 1378
f 1321 1378 1322
f 1322 1378 1379
f 1322 1379 1323
f 1323 1379 1380
f 1323 1380 1324
f 1324 1380 1381
f 1324 1381 1325
f 1325 1381 1382
f 1325 1382 1326
f 1326 1382 1383
f 1326 1383 1327
f 1327 1383 1384
f 1327 1384 1328
f 1328 1384 1385
f 1328 1385 1329
f 1329 1385 1386
f 1329 1386 1330
f 1330 1386 1387
f 1330 1387 1331
f 1331 1387 1388
f 1331 1388 1332
f 1332 1388 1389
f 1332 1389 1333
f 1333 1389 1390
f 1333 1390 1334
f 1334 1390 1391
f 1334 1391 1335
f 1335 1391 1392
f 1335 1392 1336
f 1336 1392 1393
f 1336 1393 1337
f 1337 1393 1394
f 1337 1394 1338
f 1338 1394 1395
f 1338 1395 1339
f 1339 1395 1396
f 1339 1396 1340
f 1340 1396 1397
f 1340 1397 1341
f 1341 1397 1398
f 1341 1398 1342
f 1342 1398 1399
f 1342 1399 1343
f 1343 1399 1400
f 1343 1400 1344
f 1344 1400 1401
f 1344 1401 1345
f 1345 1401 1402
f 1345 1402 1346
f 1346 1402 1403
f 1346 1403 1347
f 1347 1403 1404
f 1347 1404 1348
f 1348 1404 1405
f 1348 1405 1349
f 1349 1405 1406
f 1349 1406 1350
f 1350 1406 1407
f 1350 1407 1351
f 1351 1407 1408
f 1351 1408 1352
f 1352 1408 1409
f 1352 1409 1353
f 1353 1409 1410
f 1353 1410 1354
f 1354 1410 1411
f 1354 1411 1355
f 1355 1411 1412
f 1355 1412 1356
f 1356 1412 1413
f 1356 1413 1357
f 1357 1413 1414
f 1357 1414 1358
f 1358 1414 1415
f 1358 1415 1359
f 1359 1415 1416
f 1359 1416 1360
f 1360 1416 1417
f 1360 1417 1361
f 1361 1417 1418
f 1361 1418 1362
f 1362 1418 1419
f 1362 1419 1363
f 1363 1419 1420
f 1363 1420 1364
f 1364 1420 1421
f 1364 1421 1365
f 1365 1421 1422
f 1365 1422 1366
f 1366 1422 1423
f 1366 1423 1367
f 1367 1423 1424
f 1367 1424 1368
f 1368 1424 1425
f 1369 1426 1370
f 1370 1426 1427
f 1370 1427 1371
f 1371 1427 1428
f 1371 1428 1372
f 1372 1428 1429
f 1372 1429 1373
f 1373 1429 1430
f 1373 1430 1374
f 1374 1430 1431
f 1374 1431 1375
f 1375 1431 1432
f 1375 1432 1376
f 1376 1432 1433
f 1376 1433 1377
f 1377 1433 1434
f 1377 1434 1378
f 1378 1434 1435
f 1378 1435 1379
f 1379 1435 1436
f 1379 1436 1380
f 1380 1436 1437
f 1380 1437 1381
f 1381 1437 1438
f 1381 1438 1382
f 1382 1438 1439
f 1382 1439 1383
f 1383 1439 1440
f 1383 1440 1384
f 1384 1440 1441
f 1384 1441 1385
f 1385 1441 1442
f 1385 1442 1386
f 1386 1442 1443
f 1386 1443 1387
f 1387 1443 1444
f 1387 1444 1388
f 1388 1444 1445
f 1388 1445 1389
f 1389 1445 1446
f 1389 1446 1390
f 1390 1446 1447
f 1390 1447 1391
f 1391 1447 1448
f 1391 1448 1392
f 1392 1448 1449
f 1392 1449 1393
f 1393 1449 1450
f 1393 1450 1394
f 1394 1450 1451
f 1394 1451 1395
f 1395 1451 1452
f 1395 1452 1396
f 1396 1452 1453
f 1396 1453 1397
f 1397 1453 1454
f 1397 1454 1398
f 1398 1454 1455
f 1398 1455 1399
f 1399 1455 1456
f 1399 1456 1400
f 1400 1456 1457
f 1400 1457 1401
f 1401 1457 1458
f 1401 1458 1402
f 1402 1458 1459
f 1402 1459 1403
f 1403 1459 1460
f 1403 1460 1404
f 1404 1460 1461
f 1404 1461 1405
f 1405 1461 1462
f 1405 1462 1406
f 1406 1462 1463
f 1406 1463 1407
f 1407 1463 1464
f 1407 1464 1408
f 1408 1464 1465
f 1408 1465 1409
f 1409 1465 1466
f 1409 1466 1410
f 1410 1466 1467
f 1410 1467 1411
f 1411 1467 1468
f 1411 1468 1412
f 1412 1468 1469
f 1412 1469 1413
f 1413 1469 1470
f 1413 1470 1414
f 1414 1470 1471
f 1414 1471 1415
f 1415 1471 1472
f 1415 1472 1416
f 1416 1472 1473
f 1416 1473 1417
f 1417 1473 1474
f 1417 1474 1418
f 1418 1474 1475
f 1418 1475 1419
f 1419 1475 1476
f 1419 1476 1420
f 1420 1476 1477
f 1420 1477 1421
f 1421 1477 1478
f 1421 1478 1422
f 1422 1478 1479
f 1422 1479 1423
f 1423 1479 1480
f 1423 1480 1424
f 1424 1480 1481
f 1424 1481 1425
f 1425 1481 1482
f 1426 1483 1427
f 1427 1483 1484
f 1427 1484 1428
f 1428 1484 1485
f 1428 1485 1429
f 1429 1485 1486
f 1429 1486 1430
f 1430 1486 1487
f 1430 1487 1431
f 1431 1487 1488
f 1431 1488 1432
f 1432 1488 1489
f 1432 1489 1433
f 1433 1489 1490
f 1433 1490 1434
f 1434 1490 1491
f 1434 1491 1435
f 1435 1491 1492
f 1435 1492 1436
f 1436 1492 1493
f 1436 1493 1437
f 1437 1493 1494
f 1437 1494 1438
f 1438 1494 1495
f 1438 1495 1439
f 1439 1495 1496
f 1439 1496 1440
f 1440 1496 1497
f 1440 1497 1441
f 1441 1497 1498
f 1441 1498 1442
f 1442 1498 1499
f 1442 1499 1443
f 1443 1499 1500
f 1443 1500 1444
f 1444 1500 1501
f 1444 1501 1445
f 1445 1501 1502
f 1445 1502 1446
f 1446 1502 1503
f 1446 1503 1447
f 1447 1503 1504
f 1447 1504 1448
f 1448 1504 1505
f 1448 1505 1449
f 1449 1505 1506
f 1449 1506 1450
f 1450 1506 1507
f 1450 1507 1451
f 1451 1507 1508
f 1451 1508 1452
f 1452 1508 1509
f 1452 1509 1453
f 1453 1509 1510
f 1453 1510 1454
f 1454 1510 1511
f 1454 1511 1455
f 1455 1511 1512
f 1455 1512 1456
f 1456 1512 1513
f 1456 1513 1457
f 1457 1513 1514
f 1457 1514 1458
f 1458 1514 1515
f 1458 1515 1459
f 1459 1515 1516
f 1459 1516 1460
f 1460 1516 1517
f 1460 1517 1461
f 1461 1517 1518
f 1461 1518 1462
f 1462 1518 1519
f 1462 1519 1463
f 1463 1519 1520
f 1463 1520 1464
f 1464 1520 1521
f 1464 1521 1465
f 1465 1521 1522
f 1465 1522 1466
f 1466 1522 1523
f 1466 1523 1467
f 1467 1523 1524
f 1467 1524 1468
f 1468 1524 1525
f 1468 1525 1469
f 1469 1525 1526
f 1469 1526 1470
f 1470 1526 1527
f 1470 1527 1471
f 1471 1527 1528
f 1471 1528 1472
f 1472 1528 1529
f 1472 1529 1473
f 1473 1529 1530
f 1473 1530 1474
f 1474 1530 1531
f 1474 1531 1475
f 1475 1531 1532
f 1475 1532 1476
f 1476 1532 1533
f 1476 1533 1477
f 1477 1533 1534
f 1477 1534 1478
f 1478 1534 1535
f 1478 1535 1479
f 1479 1535 1536
f 1479 1536 1480
f 1480 1536 1537
f 1480 1537 1481
f 1481 1537 1538
f 1481 1538 1482
f 1482 1538 1539
f 1483 1540 1484
f 1484 1540 1541
f 1484 1541 1485
f 1485 1541 1542
f 1485 1542 1486
f 1486 1542 1543
f 1486 1543 1487
f 1487 1543 1544
f 1487 1544 1488
f 1488 1544 1545
f 1488 1545 1489
f 1489 1545 1546
f 1489 1546 1490
f 1490 1546 1547
f 1490 1547 1491
f 1491 1547 1548
f 1491 1548 1492
f 1492 1548 1549
f 1492 1549 1493
f 1493 1549 1550
f 1493 1550 1494
f 1494 1550 1551
f 1494 1551 1495
f 1495 1551 1552
f 1495 1552 1496
f 1496 1552 1553
f 1496 1553 1497
f 1497 1553 1554
f 1497 1554 1498
f 1498 1554 1555
f 1498 1555 1499
f 1499 1555 1556
f 1499 1556 1500
f 1500 1556 1557
f 1500 1557 1501
f 1501 1557 1558
f 1501 1558 1502
f 1502 1558 1559
f 1502 1559 1503
f 1503 1559 1560
f 1503 1560 1504
f 1504 1560 1561
f 1504 1561 1505
f 1505 1561 1562
f 1505 1562 1506
f 1506 1562 1563
f 1506 1563 1507
f 1507 1563 1564
f 1507 1564 1508
f 1508 1564 1565
f 1508 1565 1509
f 1509 1565 1566
f 1509 1566 1510
f 1510 1566 1567
f 1510 1567 1511
f 1511 1567 1568
f 1511 1568 1512
f 1512 1568 1569
f 1512 1569 1513
f 1513 1569 1570
f 1513 1570 1514
f 1514 1570 1571
f 1514 1571 1515
f 1515 1571 1572
f 1515 1572 1516
f 1516 1572 1573
f 1516 1573 1517
f 1517 1573 1574
f 1517 1574 1518
f 1518 1574 1575
f 1518 1575 1519
f 1519 1575 1576
f 1519 1576 1520
f 1520 1576 1577
f 1520 1577 1521
f 1521 1577 1578
f 1521 1578 1522
f 1522 1578 1579
f 1522 1579 1523
f 1523 1579 1580
f 1523 1580 1524
f 1524 1580 1581
f 1524 1581 1525
f 1525 1581 1582
f 1525 1582 1526
f 1526 1582 1583
f 1526 1583 1527
f 1527 1583 1584
f 1527 1584 1528
f 1528 1584 1585
f 1528 1585 1529
f 1529 1585 1586
f 1529 1586 1530
f 1530 1586 1587
f 1530 1587 1531
f 1531 1587 1588
f 1531 1588 1532
f 1532 1588 1589
f 1532 1589 1533
f 1533 1589 1590
f 1533 1590 1534
f 1534 1590 1591
f 1534 1591 1535
f 1535 1591 1592
f 1535 1592 1536
f 1536 1592 1593
f 1536 1593 1537
f 1537 1593 1594
f 1537 1594 1538
f 1538 1594 1595
f 1538 1595 1539
f 1539 1595 1596
f 1540 1597 1541
f 1541 1597 1598
f 1541 1598 1542
f 1542 1598 1599
f 1542 1599 1543
f 1543 1599 1600
f 1543 1600 1544
f 1544 1600 1601
f 1544 1601 1545
f 1545 1601 1602
f 1545 1602 1546
f 1546 1602 1603
f 1546 1603 1547
f 1547 1603 1604
f 1547 1604 1548
f 1548 1604 1605
f 1548 1605 1549
f 1549 1605 1606
f 1549 1606 1550
f 1550 1606 1607
f 1550 1607 1551
f 1551 1607 1608
f 1551 1608 1552
f 1552 1608 1609
f 1552 1609 1553
f 1553 1609 1610
f 1553 1610 1554
f 1554 1610 1611
f 1554 1611 1555
f 1555 1611 1612
f 1555 1612 1556
f 1556 1612 1613
f 1556 1613 1557
f 1557 1613 1614
f 1557 1614 1558
f 1558 1614 1615
f 1558 1615 1559
f 1559 1615 1616
f 1559 1616 1560
f 1560 1616 1617
f 1560 1617 1561
f 1561 1617 1618
f 1561 1618 1562
f 1562 1618 1619
f 1562 1619 1563
f 1563 1619 1620
f 1563 1620 1564
f 1564 1620 1621
f 1564 1621 1565
f 1565 1621 1622
f 1565 1622 1566
f 1566 1622 1623
f 1566 1623 1567
f 1567 1623 1624
f 1567 1624 1568
f 1568 1624 1625
f 1568 1625 1569
f 1569 1625 1626
f 1569 1626 1570
f 1570 1626 1627
f 1570 1627 1571
f 1571 1627 1628
f 1571 1628 1572
f 1572 1628 1629
f 1572 1629 1573
f 1573 1629 1630
f 1573 1630 1574
f 1574 1630 1631
f 1574 1631 1575
f 1575 1631 1632
f 1575 1632 1576
f 1576 1632 1633
f 1576 1633 1577
f 1577 1633 1634
f 1577 1634 1578
f 1578 1634 1635
f 1578 1635 1579
f 1579 1635 1636
f 1579 1636 1580
f 1580 1636 1637
f 1580 1637 1581
f 1581 1637 1638
f 1581 1638 1582
f 1582 1638 1639
f 1582 1639 1583
f 1583 1639 1640
f 1583 1640 1584
f 1584 1640 1641
f 1584 1641 1585
f 1585 1641 1642
f 1585 1642 1586
f 1586 1642 1643
f 1586 1643 1587
f 1587 1643 1644
f 1587 1644 1588
f 1588 1644 1645
f 1588 1645 1589
f 1589 1645 1646
f 1589 1646 1590
f 1590 1646 1647
f 1590 1647 1591
f 1591 1647 1648
f 1591 1648 1592
f 1592 1648 1649
f 1592 1649 1593
f 1593 1649 1650
f 1593 1650 1594
f 1594 1650 1651
f 1594 1651 1595
f 1595 1651 1652
f 1595 1652 1596
f 1596 1652 1653
f 1597 1654 1598
f 1598 1654 1655
f 1598 1655 1599
f 1599 1655 1656
f 1599 1656 1600
f 1600 1656 1657
f 1600 1657 1601
f 1601 1657 1658
f 1601 1658 1602
f 1602 1658 1659
f 1602 1659 1603
f 1603 1659 1660
f 1603 1660 1604
f 1604 1660 1661
f 1604 1661 1605
f 1605 1661 1662
f 1605 1662 1606
f 1606 1662 1663
f 1606 1663 1607
f 1607 1663 1664
f 1607 1664 1608
f 1608 1664 1665
f 1608 1665 1609
f 1609 1665 1666
f 1609 1666 1610
f 1610 1666 1667
f 1610 1667 1611
f 1611 1667 1668
f 1611 1668 1612
f 1612 1668 1669
f 1612 1669 1613
f 1613 1669 1670
f 1613 1670 1614
f 1614 1670 1671
f 1614 1671 1615
f 1615 1671 1672
f 1615 1672 1616
f 1616 1672 1673
f 1616 1673 1617
f 1617 1673 1674
f 1617 1674 1618
f 1618 1674 1675
f 1618 1675 1619
f 1619 1675 1676
f 1619 1676 1620
f 1620 1676 1677
f 1620 1677 1621
f 1621 1677 1678
f 1621 1678 1622
f 1622 1678 1679
f 1622 1679 1623
f 1623 1679 1680
f 1623 1680 1624
f 1624 1680 1681
f 1624 1681 1625
f 1625 1681 1682
f 1625 1682 1626
f 1626 1682 1683
f 1626 1683 1627
f 1627 1683 1684
f 1627 1684 1628
f 1628 1684 1685
f 1628 1685 1629
f 1629 1685 1686
f 1629 1686 1630
f 1630 1686 1687
f 1630 1687 1631
f 1631 1687 1688
f 1631 1688 1632
f 1632 1688 1689
f 1632 1689 1633
f 1633 1689 1690
f 1633 1690 1634
f 1634 1690 1691
f 1634 1691 1635
f 1635 1691 1692
f 1635 1692 1636
f 1636 1692 1693
f 1636 1693 1637
f 1637 1693 1694
f 1637 1694 1638
f 1638 1694 1695
f 1638 1695 1639
f 1639 1695 1696
f 1639 1696 1640
f 1640 1696 1697
f 1640 1697 1641
f 1641 1697 1698
f 1641 1698 1642
f 1642 1698 1699
f 1642 1699 1643
f 1643 1699 1700
f 1643 1700 1644
f 1644 1700 1701
f 1644 1701 1645
f 1645 1701 1702
f 1645 1702 1646
f 1646 1702 1703
f 1646 1703 1647
f 1647 1703 1704
f 1647 1704 1648
f 1648 1704 1705
f 1648 1705 1649
f 1649 1705 1706
f 1649 1706 1650
f 1650 1706 1707
f 1650 1707 1651
f 1651 1707 1708
f 1651 1708 1652
f 1652 1708 1709
f 1652 1709 1653
f 1653 1709 1710
f 1654 1711 1655
f 1655 1711 1712
f 1655 1712 1656
f 1656 1712 1713
f 1656 1713 1657
f 1657 1713 1714
f 1657 1714 1658
f 1658 1714 1715
f 1658 1715 1659
f 1659 1715 1716
f 1659 1716 1660
f 1660 1716 1717
f 1660 1717 1661
f 1661 1717 1718
f 1661 1718 1662
f 1662 1718 1719
f 1662 1719 1663
f 1663 1719 1720
f 1663 1720 1664
f 1664 1720 1721
f 1664 1721 1665
f 1665 1721 1722
f 1665 1722 1666
f 1666 1722 1723
f 1666 1723 1667
f 1667 1723 1724
f 1667 1724 1668
f 1668 1724 1725
f 1668 1725 1669
f 1669 1725 1726
f 1669 1726 1670
f 1670 1726 1727
f 1670 1727 1671
f 1671 1727 1728
f 1671 1728 1672
f 1672 1728 1729
f 1672 1729 1673
f 1673 1729 1730
f 1673 1730 1674
f 1674 1730 1731
f 1674 1731 1675
f 1675 1731 1732
f 1675 1732 1676
f 1676 1732 1733
f 1676 1733 1677
f 1677 1733 1734
f 1677 1734 1678
f 1678 1734 1735
f 1678 1735 1679
f 1679 1735 1736
f 1679 1736 1680
f 1680 1736 1737
f 1680 1737 1681
f 1681 1737 1738
f 1681 1738 1682
f 1682 1738 1739
f 1682 1739 1683
f 1683 1739 1740
f 1683 1740 1684
f 1684 1740 1741
f 1684 1741 1685
f 1685 1741 1742
f 1685 1742 1686
f 1686 1742 1743
f 1686 1743 1687
f 1687 1743 1744
f 1687 1744 1688
f 1688 1744 1745
f 1688 1745 1689
f 1689 1745 1746
f 1689 1746 1690
f 1690 1746 1747
f 1690 1747 1691
f 1691 1747 1748
f 1691 1748 1692
f 1692 1748 1749
f 1692 1749 1693
f 1693 1749 1750
f 1693 1750 1694
f 1694 1750 1751
f 1694 1751 1695
f 1695 1751 1752
f 1695 1752 1696
f 1696 1752 1753
f 1696 1753 1697
f 1697 1753 1754
f 1697 1754 1698
f 1698 1754 1755
f 1698 1755 1699
f 1699 1755 1756
f 1699 1756 1700
f 1700 1756 1757
f 1700 1757 1701
f 1701 1757 1758
f 1701 1758 1702
f 1702 1758 1759
f 1702 1759 1703
f 1703 1759 1760
f 1703 1760 1704
f 1704 1760 1761
f 1704 1761 1705
f 1705 1761 1762
f 1705 1762 1706
f 1706 1762 1763
f 1706 1763 1707
f 1707 1763 1764
f 1707 1764 1708
f 1708 1764 1765
f 1708 1765 1709
f 1709 1765 1766
f 1709 1766 1710
f 1710 1766 1767
f 1711 1768 1712
f 1712 1768 1769
f 1712 1769 1713
f 1713 1769 1770
f 1713 1770 1714
f 1714 1770 1771
f 1714 1771 1715
f 1715 1771 1772
f 1715 1772 1716
f 1716 1772 1773
f 1716 1773 1717
f 1717 1773 1774
f 1717 1774 1718
f 1718 1774 1775
f 1718 1775 1719
f 1719 1775 1776
f 1719 1776 1720
f 1720 1776 1777
f 1720 1777 1721
f 1721 1777 1778
f 1721 1778 1722
f 1722 1778 1779
f 1722 1779 1723
f 1723 1779 1780
f 1723 1780 1724
f 1724 1780 1781
f 1724 1781 1725
f 1725 1781 1782
f 1725 1782 1726
f 1726 1782 1783
f 1726 1783 1727
f 1727 1783 1784
f 1727 1784 1728
f 1728 1784 1785
f 1728 1785 1729
f 1729 1785 1786
f 1729 1786 1730
f 1730 1786 1787
f 1730 1787 1731
f 1731 1787 1788
f 1731 1788 1732
f 1732 1788 1789
f 1732 1789 1733
f 1733 1789 1790
f 1733 1790 1734
f 1734 1790 1791
f 1734 1791 1735
f 1735 1791 1792
f 1735 1792 1736
f 1736 1792 1793
f 1736 1793 1737
f 1737 1793 1794
f 1737 1794 1738
f 1738 1794 1795
f 1738 1795 1739
f 1739 1795 1796
f 1739 1796 1740
f 1740 1796 1797
f 1740 1797 1741
f 1741 1797 1798
f 1741 1798 1742
f 1742 1798 1799
f 1742 1799 1743
f 1743 1799 1800
f 1743 1800 1744
f 1744 1800 1801
f 1744 1801 1745
f 1745 1801 1802
f 1745 1802 1746
f 1746 1802 1803
f 1746 1803 1747
f 1747 1803 1804
f 1747 1804 1748
f 1748 1804 1805
f 1748 1805 1749
f 1749 1805 1806
f 1749 1806 1750
f 1750 1806 1807
f 1750 1807 1751
f 1751 1807 1808
f 1751 1808 1752
f 1752 1808 1809
f 1752 1809 1753
f 1753 1809 1810
f 1753 1810 1754
f 1754 1810 1811
f 1754 1811 1755
f 1755 1811 1812
f 1755 1812 1756
f 1756 1812 1813
f 1756 1813 1757
f 1757 1813 1814
f 1757 1814 1758
f 1758 1814 1815
f 1758 1815 1759
f 1759 1815 1816
f 1759 1816 1760
f 1760 1816 1817
f 1760 1817 1761
f 1761 1817 1818
f 1761 1818 1762
f 1762 1818 1819
f 1762 1819 1763
f 1763 1819 1820
f 1763 1820 1764
f 1764 1820 1821
f 1764 1821 1765
f 1765 1821 1822
f 1765 1822 1766
f 1766 1822 1823
f 1766 1823 1767
f 1767 1823 1824
f 1768 1825 1769
f 1769 1825 1826
f 1769 1826 1770
f 1770 1826 1827
f 1770 1827 1771
f 1771 1827 1828
f 1771 1828 1772
f 1772 1828 1829
f 1772 1829 1773
f 1773 1829 1830
f 1773 1830 1774
f 1774 1830 1831
f 1774 1831 1775
f 1775 1831 1832
f 1775 1832 1776
f 1776 1832 1833
f 1776 1833 1777
f 1777 1833 1834
f 1777 1834 1778
f 1778 1834 1835
f 1778 1835 1779
f 1779 1835 1836
f 1779 1836 1780
f 1780 1836 1837
f 1780 1837 1781
f 1781 1837 1838
f 1781 1838 1782
f 1782 1838 1839
f 1782 1839 1783
f 1783 1839 1840
f 1783 1840 1784
f 1784 1840 1841
f 1784 1841 1785
f 1785 1841 1842
f 1785 1842 1786
f 1786 1842 1843
f 1786 1843 1787
f 1787 1843 1844
f 1787 1844 1788
f 1788 1844 1845
f 1788 1845 1789
f 1789 1845 1846
f 1789 1846 1790
f 1790 1846 1847
f 1790 1847 1791
f 1791 1847 1848
f 1791 1848 1792
f 1792 1848 1849
f 1792 1849 1793
f 1793 1849 1850
f 1793 1850 1794
f 1794 1850 1851
f 1794 1851 1795
f 1795 1851 1852
f 1795 1852 1796
f 1796 1852 1853
f 1796 1853 1797
f 1797 1853 1854
f 1797 1854 1798
f 1798 1854 1855
f 1798 1855 1799
f 1799 1855 1856
f 1799 1856 1800
f 1800 1856 1857
f 1800 1857 1801
f 1801 1857 1858
f 1801 1858 1802
f 1802 1858 1859
f 1802 1859 1803
f 1803 1859 1860
f 1803 1860 1804
f 1804 1860 1861
f 1804 1861 1805
f 1805 1861 1862
f 1805 1862 1806
f 1806 1862 1863
f 1806 1863 1807
f 1807 1863 1864
f 1807 1864 1808
f 1808 1864 1865
f 1808 1865 1809
f 1809 1865 1866
f 1809 1866 1810
f 1810 1866 1867
f 1810 1867 1811
f 1811 1867 1868
f 1811 1868 1812
f 1812 1868 1869
f 1812 1869 1813
f 1813 1869 1870
f 1813 1870 1814
f 1814 1870 1871
f 1814 1871 1815
f 1815 1871 1872
f 1815 1872 1816
f 1816 1872 1873
f 1816 1873 1817
f 1817 1873 1874
f 1817 1874 1818
f 1818 1874 1875
f 1818 1875 1819
f 1819 1875 1876
f 1819 1876 1820
f 1820 1876 1877
f 1820 1877 1821
f 1821 1877 1878
f 1821 1878 1822
f 1822 1878 1879
f 1822 1879 1823
f 1823 1879 1880
f 1823 1880 1824
f 1824 1880 1881
f 1825 1882 1826
f 1826 1882 1883
f 1826 1883 1827
f 1827 1883 1884
f 1827 1884 1828
f 1828 1884 1885
f 1828 1885 1829
f 1829 1885 1886
f 1829 1886 1830
f 1830 1886 1887
f 1830 1887 1831
f 1831 1887 1888
f 1831 1888 1832
f 1832 1888 1889
f 1832 1889 1833
f 1833 1889 1890
f 1833 1890 1834
f 1834 1890 1891
f 1834 1891 1835
f 1835 1891 1892
f 1835 1892 1836
f 1836 1892 1893
f 1836 1893 1837
f 1837 1893 1894
f 1837 1894 1838
f 1838 1894 1895
f 1838 1895 1839
f 1839 1895 1896
f 1839 1896 1840
f 1840 1896 1897
f 1840 1897 1841
f 1841 1897 1898
f 1841 1898 1842
f 1842 1898 1899
f 1842 1899 1843
f 1843 1899 1900
f 1843 1900 1844
f 1844 1900 1901
f 1844 1901 1845
f 1845 1901 1902
f 1845 1902 1846
f 1846 1902 1903
f 1846 1903 1847
f 1847 1903 1904
f 1847 1904 1848
f 1848 1904 1905
f 1848 1905 1849
f 1849 1905 1906
f 1849 1906 1850
f 1850 1906 1907
f 1850 1907 1851
f 1851 1907 1908
f 1851 1908 1852
f 1852 1908 1909
f 1852 1909 1853
f 1853 1909 1910
f 1853 1910 1854
f 1854 1910 1911
f 1854 1911 1855
f 1855 1911 1912
f 1855 1912 1856
f 1856 1912 1913
f 1856 1913 1857
f 1857 1913 1914
f 1857 1914 1858
f 1858 1914 1915
f 1858 1915 1859
f 1859 1915 1916
f 1859 1916 1860
f 1860 1916 1917
f 1860 1917 1861
f 1861 1917 1918
f 1861 1918 1862
f 1862 1918 1919
f 1862 1919 1863
f 1863 1919 1920
f 1863 1920 1864
f 1864 1920 1921
f 1864 1921 1865
f 1865 1921 1922
f 1865 1922 1866
f 1866 1922 1923
f 1866 1923 1867
f 1867 1923 1924
f 1867 1924 1868
f 1868 1924 1925
f 1868 1925 1869
f 1869 1925 1926
f 1869 1926 1870
f 1870 1926 1927
f 1870 1927 1871
f 1871 1927 1928
f 1871 1928 1872
f 1872 1928 1929
f 1872 1929 1873
f 1873 1929 1930
f 1873 1930 1874
f 1874 1930 1931
f 1874 1931 1875
f 1875 1931 1932
f 1875 1932 1876
f 1876 1932 1933
f 1876 1933 1877
f 1877 1933 1934
f 1877 1934 1878
f 1878 1934 1935
f 1878 1935 1879
f 1879 1935 1936
f 1879 1936 1880
f 1880 1936 1937
f 1880 1937 1881
f 1881 1937 1938
f 1882 1939 1883
f 1883 1939 1940
f 1883 1940 1884
f 1884 1940 1941
f 1884 1941 1885
f 1885 1941 1942
f 1885 1942 1886
f 1886 1942 1943
f 1886 1943 1887
f 1887 1943 1944
f 1887 1944 1888
f 1888 1944 1945
f 1888 1945 1889
f 1889 1945 1946
f 1889 1946 1890
f 1890 1946 1947
f 1890 1947 1891
f 1891 1947 1948
f 1891 1948 1892
f 1892 1948 1949
f 1892 1949 1893
f 1893 1949 1950
f 1893 1950 1894
f 1894 1950 1951
f 1894 1951 1895
f 1895 1951 1952
f 1895 1952 1896
f 1896 1952 1953
f 1896 1953 1897
f 1897 1953 1954
f 1897 1954 1898
f 1898 1954 1955
f 1898 1955 1899
f 1899 1955 1956
f 1899 1956 1900
f 1900 1956 1957
f 1900 1957 1901
f 1901 1957 1958
f 1901 1958 1902
f 1902 1958 1959
f 1902 1959 1903
f 1903 1959 1960
f 1903 1960 1904
f 1904 1960 1961
f 1904 1961 1905
f 1905 1961 1962
f 1905 1962 1906
f 1906 1962 1963
f 1906 1963 1907
f 1907 1963 1964
f 1907 1964 1908
f 1908 1964 1965
f 1908 1965 1909
f 1909 1965 1966
f 1909 1966 1910
f 1910 1966 1967
f 1910 1967 1911
f 1911 1967 1968
f 1911 1968 1912
f 1912 1968 1969
f 1912 1969 1913
f 1913 1969 1970
f 1913 1970 1914
f 1914 1970 1971
f 1914 1971 1915
f 1915 1971 1972
f 1915 1972 1916
f 1916 1972 1973
f 1916 1973 1917
f 1917 1973 1974
f 1917 1974 1918
f 1918 1974 1975
f 1918 1975 1919
f 1919 1975 1976
f 1919 1976 1920
f 1920 1976 1977
f 1920 1977 1921
f 1921 1977 1978
f 1921 1978 1922
f 1922 1978 1979
f 1922 1979 1923
f 1923 1979 1980
f 1923 1980 1924
f 1924 1980 1981
f 1924 1981 1925
f 1925 1981 1982
f 1925 1982 1926
f 1926 1982 1983
f 1926 1983 1927
f 1927 1983 1984
f 1927 1984 1928
f 1928 1984 1985
f 1928 1985 1929
f 1929 1985 1986
f 1929 1986 1930
f 1930 1986 1987
f 1930 1987 1931
f 1931 1987 1988
f 1931 1988 1932
f 1932 1988 1989
f 1932 1989 1933
f 1933 1989 1990
f 1933 1990 1934
f 1934 1990 1991
f 1934 1991 1935
f 1935 1991 1992
f 1935 1992 1936
f 1936 1992 1993
f 1936 1993 1937
f 1937 1993 1994
f 1937 1994 1938
f 1938 1994 1995
f 1939 1996 1940
f 1940 1996 1997
f 1940 1997 1941
f 1941 1997 1998
f 1941 1998 1942
f 1942 1998 1999
f 1942 1999 1943
f 1943 1999 2000
f 1943 2000 1944
f 1944 2000 2001
f 1944 2001 1945
f 1945 2001 2002
f 1945 2002 1946
f 1946 2002 2003
f 1946 2003 1947
f 1947 2003 2004
f 1947 2004 1948
f 1948 2004 2005
f 1948 2005 1949
f 1949 2005 2006
f 1949 2006 1950
f 1950 2006 2007
f 1950 2007 1951
f 1951 2007 2008
f 1951 2008 1952
f 1952 2008 2009
f 1952 2009 1953
f 1953 2009 2010
f 1953 2010 1954
f 1954 2010 2011
f 1954 2011 1955
f 1955 2011 2012
f 1955 2012 1956
f 1956 2012 2013
f 1956 2013 1957
f 1957 2013 2014
f 1957 2014 1958
f 1958 2014 2015
f 1958 2015 1959
f 1959 2015 2016
f 1959 2016 1960
f 1960 2016 2017
f 1960 2017 1961
f 1961 2017 2018
f 1961 2018 1962
f 1962 2018 2019
f 1962 2019 1963
f 1963 2019 2020
f 1963 2020 1964
f 1964 2020 2021
f 1964 2021 1965
f 1965 2021 2022
f 1965 2022 1966
f 1966 2022 2023
f 1966 2023 1967
f 1967 2023 2024
f 1967 2024 1968
f 1968 2024 2025
f 1968 2025 1969
f 1969 2025 2026
f 1969 2026 1970
f 1970 2026 2027
f 1970 2027 1971
f 1971 2027 2028
f 1971 2028 1972
f 1972 2028 2029
f 1972 2029 1973
f 1973 2029 2030
f 1973 2030 1974
f 1974 2030 2031
f 1974 2031 1975
f 1975 2031 2032
f 1975 2032 1976
f 1976 2032 2033
f 1976 2033 1977
f 1977 2033 2034
f 1977 2034 1978
f 1978 2034 2035
f 1978 2035 1979
f 1979 2035 2036
f 1979 2036 1980
f 1980 2036 2037
f 1980 2037 1981
f 1981 2037 2038
f 1981 2038 1982
f 1982 2038 2039
f 1982 2039 1983
f 1983 2039 2040
f 1983 2040 1984
f 1984 2040 2041
f 1984 2041 1985
f 1985 2041 2042
f 1985 2042 1986
f 1986 2042 2043
f 1986 2043 1987
f 1987 2043 2044
f 1987 2044 1988
f 1988 2044 2045
f 1988 2045 1989
f 1989 2045 2046
f 1989 2046 1990
f 1990 2046 2047
f 1990 2047 1991
f 1991 2047 2048
f 1991 2048 1992
f 1992 2048 2049
f 1992 2049 1993
f 1993 2049 2050
f 1993 2050 1994
f 1994 2050 2051
f 1994 2051 1995
f 1995 2051 2052
f 1996 2053 1997
f 1997 2053 2054
f 1997 2054 1998
f 1998 2054 2055
f 1998 2055 1999
f 1999 2055 2056
f 1999 2056 2000
f 2000 2056 2057
f 2000 2057 2001
f 2001 2057 2058
f 2001 2058 2002
f 2002 2058 2059
f 2002 2059 2003
f 2003 2059 2060
f 2003 2060 2004
f 2004 2060 2061
f 2004 2061 2005
f 2005 2061 2062
f 2005 2062 2006
f 2006 2062 2063
f 2006 2063 2007
f 2007 2063 2064
f 2007 2064 2008
f 2008 2064 2065
f 2008 2065 2009
f 2009 2065 2066
f 2009 2066 2010
f 2010 2066 2067
f 2010 2067 2011
f 2011 2067 2068
f 2011 2068 2012
f 2012 2068 2069
f 2012 2069 2013
f 2013 2069 2070
f 2013 2070 2014
f 2014 2070 2071
f 2014 2071 2015
f 2015 2071 2072
f 2015 2072 2016
f 2016 2072 2073
f 2016 2073 2017
f 2017 2073 2074
f 2017 2074 2018
f 2018 2074 2075
f 2018 2075 2019
f 2019 2075 2076
f 2019 2076 2020
f 2020 2076 2077
f 2020 2077 2021
f 2021 2077 2078
f 2021 2078 2022
f 2022 2078 2079
f 2022 2079 2023
f 2023 2079 2080
f 2023 2080 2024
f 2024 2080 2081
f 2024 2081 2025
f 2025 2081 2082
f 2025 2082 2026
f 2026 2082 2083
f 2026 2083 2027
f 2027 2083 2084
f 2027 2084 2028
f 2028 2084 2085
f 2028 2085 2029
f 2029 2085 2086
f 2029 2086 2030
f 2030 2086 2087
f 2030 2087 2031
f 2031 2087 2088
f 2031 2088 2032
f 2032 2088 2089
f 2032 2089 2033
f 2033 2089 2090
f 2033 2090 2034
f 2034 2090 2091
f 2034 2091 2035
f 2035 2091 2092
f 2035 2092 2036
f 2036 2092 2093
f 2036 2093 2037
f 2037 2093 2094
f 2037 2094 2038
f 2038 2094 2095
f 2038 2095 2039
f 2039 2095 2096
f 2039 2096 2040
f 2040 2096 2097
f 2040 2097 2041
f 2041 2097 2098
f 2041 2098 2042
f 2042 2098 2099
f 2042 2099 2043
f 2043 2099 2100
f 2043 2100 2044
f 2044 2100 2101
f 2044 2101 2045
f 2045 2101 2102
f 2045 2102 2046
f 2046 2102 2103
f 2046 2103 2047
f 2047 2103 2104
f 2047 2104 2048
f 2048 2104 2105
f 2048 2105 2049
f 2049 2105 2106
f 2049 2106 2050
f 2050 2106 2107
f 2050 2107 2051
f 2051 2107 2108
f 2051 2108 2052
f 2052 2108 2109
f 2053 2110 2054
f 2054 2110 2111
f 2054 2111 2055
f 2055 2111 2112
f 2055 2112 2056
f 2056 2112 2113
f 2056 2113 2057
f 2057 2113 2114
f 2057 2114 2058
f 2058 2114 2115
f 2058 2115 2059
f 2059 2115 2116
f 2059 2116 2060
f 2060 2116 2117
f 2060 2117 2061
f 2061 2117 2118
f 2061 2118 2062
f 2062 2118 2119
f 2062 2119 2063
f 2063 2119 2120
f 2063 2120 2064
f 2064 2120 2121
f 2064 2121 2065
f 2065 2121 2122
f 2065 2122 2066
f 2066 2122 2123
f 2066 2123 2067
f 2067 2123 2124
f 2067 2124 2068
f 2068 2124 2125
f 2068 2125 2069
f 2069 2125 2126
f 2069 2126 2070
f 2070 2126 2127
f 2070 2127 2071
f 2071 2127 2128
f 2071 2128 2072
f 2072 2128 2129
f 2072 2129 2073
f 2073 2129 2130
f 2073 2130 2074
f 2074 2130 2131
f 2074 2131 2075
f 2075 2131 2132
f 2075 2132 2076
f 2076 2132 2133
f 2076 2133 2077
f 2077 2133 2134
f 2077 2134 2078
f 2078 2134 2135
f 2078 2135 2079
f 2079 2135 2136
f 2079 2136 2080
f 2080 2136 2137
f 2080 2137 2081
f 2081 2137 2138
f 2081 2138 2082
f 2082 2138 2139
f 2082 2139 2083
f 2083 2139 2140
f 2083 2140 2084
f 2084 2140 2141
f 2084 2141 2085
f 2085 2141 2142
f 2085 2142 2086
f 2086 2142 2143
f 2086 2143 2087
f 2087 2143 2144
f 2087 2144 2088
f 2088 2144 2145
f 2088 2145 2089
f 2089 2145 2146
f 2089 2146 2090
f 2090 2146 2147
f 2090 2147 2091
f 2091 2147 2148
f 2091 2148 2092
f 2092 2148 2149
f 2092 2149 2093
f 2093 2149 2150
f 2093 2150 2094
f 2094 2150 2151
f 2094 2151 2095
f 2095 2151 2152
f 2095 2152 2096
f 2096 2152 2153
f 2096 2153 2097
f 2097 2153 2154
f 2097 2154 2098
f 2098 2154 2155
f 2098 2155 2099
f 2099 2155 2156
f 2099 2156 2100
f 2100 2156 2157
f 2100 2157 2101
f 2101 2157 2158
f 2101 2158 2102
f 2102 2158 2159
f 2102 2159 2103
f 2103 2159 2160
f 2103 2160 2104
f 2104 2160 2161
f 2104 2161 2105
f 2105 2161 2162
f 2105 2162 2106
f 2106 2162 2163
f 2106 2163 2107
f 2107 2163 2164
f 2107 2164 2108
f 2108 2164 2165
f 2108 2165 2109
f 2109 2165 2166
f 2110 2167 2111
f 2111 2167 2168
f 2111 2168 2112
f 2112 2168 2169
f 2112 2169 2113
f 2113 2169 2170
f 2113 2170 2114
f 2114 2170 2171
f 2114 2171 2115
f 2115 2171 2172
f 2115 2172 2116
f 2116 2172 2173
f 2116 2173 2117
f 2117 2173 2174
f 2117 2174 2118
f 2118 2174 2175
f 2118 2175 2119
f 2119 2175 2176
f 2119 2176 2120
f 2120 2176 2177
f 2120 2177 2121
f 2121 2177 2178
f 2121 2178 2122
f 2122 2178 2179
f 2122 2179 2123
f 2123 2179 2180
f 2123 2180 2124
f 2124 2180 2181
f 2124 2181 2125
f 2125 2181 2182
f 2125 2182 2126
f 2126 2182 2183
f 2126 2183 2127
f 2127 2183 2184
f 2127 2184 2128
f 2128 2184 2185
f 2128 2185 2129
f 2129 2185 2186
f 2129 2186 2130
f 2130 2186 2187
f 2130 2187 2131
f 2131 2187 2188
f 2131 2188 2132
f 2132 2188 2189
f 2132 2189 2133
f 2133 2189 2190
f 2133 2190 2134
f 2134 2190 2191
f 2134 2191 2135
f 2135 2191 2192
f 2135 2192 2136
f 2136 2192 2193
f 2136 2193 2137
f 2137 2193 2194
f 2137 2194 2138
f 2138 2194 2195
f 2138 2195 2139
f 2139 2195 2196
f 2139 2196 2140
f 2140 2196 2197
f 2140 2197 2141
f 2141 2197 2198
f 2141 2198 2142
f 2142 2198 2199
f 2142 2199 2143
f 2143 2199 2200
f 2143 2200 2144
f 2144 2200 2201
f 2144 2201 2145
f 2145 2201 2202
f 2145 2202 2146
f 2146 2202 2203
f 2146 2203 2147
f 2147 2203 2204
f 2147 2204 2148
f 2148 2204 2205
f 2148 2205 2149
f 2149 2205 2206
f 2149 2206 2150
f 2150 2206 2207
f 2150 2207 2151
f 2151 2207 2208
f 2151 2208 2152
f 2152 2208 2209
f 2152 2209 2153
f 2153 2209 2210
f 2153 2210 2154
f 2154 2210 2211
f 2154 2211 2155
f 2155 2211 2212
f 2155 2212 2156
f 2156 2212 2213
f 2156 2213 2157
f 2157 2213 2214
f 2157 2214 2158
f 2158 2214 2215
f 2158 2215 2159
f 2159 2215 2216
f 2159 2216 2160
f 2160 2216 2217
f 2160 2217 2161
f 2161 2217 2218
f 2161 2218 2162
f 2162 2218 2219
f 2162 2219 2163
f 2163 2219 2220
f 2163 2220 2164
f 2164 2220 2221
f 2164 2221 2165
f 2165 2221 2222
f 2165 2222 2166
f 2166 2222 2223
f 2167 2224 2168
f 2168 2224 2225
f 2168 2225 2169
f 2169 2225 2226
f 2169 2226 2170
f 2170 2226 2227
f 2170 2227 2171
f 2171 2227 2228
f 2171 2228 2172
f 2172 2228 2229
f 2172 2229 2173
f 2173 2229 2230
f 2173 2230 2174
f 2174 2230 2231
f 2174 2231 2175
f 2175 2231 2232
f 2175 2232 2176
f 2176 2232 2233
f 2176 2233 2177
f 2177 2233 2234
f 2177 2234 2178
f 2178 2234 2235
f 2178 2235 2179
f 2179 2235 2236
f 2179 2236 2180
f 2180 2236 2237
f 2180 2237 2181
f 2181 2237 2238
f 2181 2238 2182
f 2182 2238 2239
f 2182 2239 2183
f 2183 2239 2240
f 2183 2240 2184
f 2184 2240 2241
f 2184 2241 2185
f 2185 2241 2242
f 2185 2242 2186
f 2186 2242 2243
f 2186 2243 2187
f 2187 2243 2244
f 2187 2244 2188
f 2188 2244 2245
f 2188 2245 2189
f 2189 2245 2246
f 2189 2246 2190
f 2190 2246 2247
f 2190 2247 2191
f 2191 2247 2248
f 2191 2248 2192
f 2192 2248 2249
f 2192 2249 2193
f 2193 2249 2250
f 2193 2250 2194
f 2194 2250 2251
f 2194 2251 2195
f 2195 2251 2252
f 2195 2252 2196
f 2196 2252 2253
f 2196 2253 2197
f 2197 2253 2254
f 2197 2254 2198
f 2198 2254 2255
f 2198 2255 2199
f 2199 2255 2256
f 2199 2256 2200
f 2200 2256 2257
f 2200 2257 2201
f 2201 2257 2258
f 2201 2258 2202
f 2202 2258 2259
f 2202 2259 2203
f 2203 2259 2260
f 2203 2260 2204
f 2204 2260 2261
f 2204 2261 2205
f 2205 2261 2262
f 2205 2262 2206
f 2206 2262 2263
f 2206 2263 2207
f 2207 2263 2264
f 2207 2264 2208
f 2208 2264 2265
f 2208 2265 2209
f 2209 2265 2266
f 2209 2266 2210
f 2210 2266 2267
f 2210 2267 2211
f 2211 2267 2268
f 2211 2268 2212
f 2212 2268 2269
f 2212 2269 2213
f 2213 2269 2270
f 2213 2270 2214
f 2214 2270 2271
f 2214 2271 2215
f 2215 2271 2272
f 2215 2272 2216
f 2216 2272 2273
f 2216 2273 2217
f 2217 2273 2274
f 2217 2274 2218
f 2218 2274 2275
f 2218 2275 2219
f 2219 2275 2276
f 2219 2276 2220
f 2220 2276 2277
f 2220 2277 2221
f 2221 2277 2278
f 2221 2278 2222
f 2222 2278 2279
f 2222 2279 2223
f 2223 2279 2280
f 2224 2281 2225
f 2225 2281 2282
f 2225 2282 2226
f 2226 2282 2283
f 2226 2283 2227
f 2227 2283 2284
f 2227 2284 2228
f 2228 2284 2285
f 2228 2285 2229
f 2229 2285 2286
f 2229 2286 2230
f 2230 2286 2287
f 2230 2287 2231
f 2231 2287 2288
f 2231 2288 2232
f 2232 2288 2289
f 2232 2289 2233
f 2233 2289 2290
f 2233 2290 2234
f 2234 2290 2291
f 2234 2291 2235
f 2235 2291 2292
f 2235 2292 2236
f 2236 2292 2293
f 2236 2293 2237
f 2237 2293 2294
f 2237 2294 2238
f 2238 2294 2295
f 2238 2295 2239
f 2239 2295 2296
f 2239 2296 2240
f 2240 2296 2297
f 2240 2297 2241
f 2241 2297 2298
f 2241 2298 2242
f 2242 2298 2299
f 2242 2299 2243
f 2243 2299 2300
f 2243 2300 2244
f 2244 2300 2301
f 2244 2301 2245
f 2245 2301 2302
f 2245 2302 2246
f 2246 2302 2303
f 2246 2303 2247
f 2247 2303 2304
f 2247 2304 2248
f 2248 2304 2305
f 2248 2305 2249
f 2249 2305 2306
f 2249 2306 2250
f 2250 2306 2307
f 2250 2307 2251
f 2251 2307 2308
f 2251 2308 2252
f 2252 2308 2309
f 2252 2309 2253
f 2253 2309 2310
f 2253 2310 2254
f 2254 2310 2311
f 2254 2311 2255
f 2255 2311 2312
f 2255 2312 2256
f 2256 2312 2313
f 2256 2313 2257
f 2257 2313 2314
f 2257 2314 2258
f 2258 2314 2315
f 2258 2315 2259
f 2259 2315 2316
f 2259 2316 2260
f 2260 2316 2317
f 2260 2317 2261
f 2261 2317 2318
f 2261 2318 2262
f 2262 2318 2319
f 2262 2319 2263
f 2263 2319 2320
f 2263 2320 2264
f 2264 2320 2321
f 2264 2321 2265
f 2265 2321 2322
f 2265 2322 2266
f 2266 2322 2323
f 2266 2323 2267
f 2267 2323 2324
f 2267 2324 2268
f 2268 2324 2325
f 2268 2325 2269
f 2269 2325 2326
f 2269 2326 2270
f 2270 2326 2327
f 2270 2327 2271
f 2271 2327 2328
f 2271 2328 2272
f 2272 2328 2329
f 2272 2329 2273
f 2273 2329 2330
f 2273 2330 2274
f 2274 2330 2331
f 2274 2331 2275
f 2275 2331 2332
f 2275 2332 2276
f 2276 2332 2333
f 2276 2333 2277
f 2277 2333 2334
f 2277 2334 2278
f 2278 2334 2335
f 2278 2335 2279
f 2279 2335 2336
f 2279 2336 2280
f 2280 2336 2337
f 2281 2338 2282
f 2282 2338 2339
f 2282 2339 2283
f 2283 2339 2340
f 2283 2340 2284
f 2284 2340 2341
f 2284 2341 2285
f 2285 2341 2342
f 2285 2342 2286
f 2286 2342 2343
f 2286 2343 2287
f 2287 2343 2344
f 2287 2344 2288
f 2288 2344 2345
f 2288 2345 2289
f 2289 2345 2346
f 2289 2346 2290
f 2290 2346 2347
f 2290 2347 2291
f 2291 2347 2348
f 2291 2348 2292
f 2292 2348 2349
f 2292 2349 2293
f 2293 2349 2350
f 2293 2350 2294
f 2294 2350 2351
f 2294 2351 2295
f 2295 2351 2352
f 2295 2352 2296
f 2296 2352 2353
f 2296 2353 2297
f 2297 2353 2354
f 2297 2354 2298
f 2298 2354 2355
f 2298 2355 2299
f 2299 2355 2356
f 2299 2356 2300
f 2300 2356 2357
f 2300 2357 2301
f 2301 2357 2358
f 2301 2358 2302
f 2302 2358 2359
f 2302 2359 2303
f 2303 2359 2360
f 2303 2360 2304
f 2304 2360 2361
f 2304 2361 2305
f 2305 2361 2362
f 2305 2362 2306
f 2306 2362 2363
f 2306 2363 2307
f 2307 2363 2364
f 2307 2364 2308
f 2308 2364 2365
f 2308 2365 2309
f 2309 2365 2366
f 2309 2366 2310
f 2310 2366 2367
f 2310 2367 2311
f 2311 2367 2368
f 2311 2368 2312
f 2312 2368 2369
f 2312 2369 2313
f 2313 2369 2370
f 2313 2370 2314
f 2314 2370 2371
f 2314 2371 2315
f 2315 2371 2372
f 2315 2372 2316
f 2316 2372 2373
f 2316 2373 2317
f 2317 2373 2374
f 2317 2374 2318
f 2318 2374 2375
f 2318 2375 2319
f 2319 2375 2376
f 2319 2376 2320
f 2320 2376 2377
f 2320 2377 2321
f 2321 2377 2378
f 2321 2378 2322
f 2322 2378 2379
f 2322 2379 2323
f 2323 2379 2380
f 2323 2380 2324
f 2324 2380 2381
f 2324 2381 2325
f 2325 2381 2382
f 2325 2382 2326
f 2326 2382 2383
f 2326 2383 2327
f 2327 2383 2384
f 2327 2384 2328
f 2328 2384 2385
f 2328 2385 2329
f 2329 2385 2386
f 2329 2386 2330
f 2330 2386 2387
f 2330 2387 2331
f 2331 2387 2388
f 2331 2388 2332
f 2332 2388 2389
f 2332 2389 2333
f 2333 2389 2390
f 2333 2390 2334
f 2334 2390 2391
f 2334 2391 2335
f 2335 2391 2392
f 2335 2392 2336
f 2336 2392 2393
f 2336 2393 2337
f 2337 2393 2394
f 2338 2395 2339
f 2339 2395 2396
f 2339 2396 2340
f 2340 2396 2397
f 2340 2397 2341
f 2341 2397 2398
f 2341 2398 2342
f 2342 2398 2399
f 2342 2399 2343
f 2343 2399 2400
f 2343 2400 2344
f 2344 2400 2401
f 2344 2401 2345
f 2345 2401 2402
f 2345 2402 2346
f 2346 2402 2403
f 2346 2403 2347
f 2347 2403 2404
f 2347 2404 2348
f 2348 2404 2405
f 2348 2405 2349
f 2349 2405 2406
f 2349 2406 2350
f 2350 2406 2407
f 2350 2407 2351
f 2351 2407 2408
f 2351 2408 2352
f 2352 2408 2409
f 2352 2409 2353
f 2353 2409 2410
f 2353 2410 2354
f 2354 2410 2411
f 2354 2411 2355
f 2355 2411 2412
f 2355 2412 2356
f 2356 2412 2413
f 2356 2413 2357
f 2357 2413 2414
f 2357 2414 2358
f 2358 2414 2415
f 2358 2415 2359
f 2359 2415 2416
f 2359 2416 2360
f 2360 2416 2417
f 2360 2417 2361
f 2361 2417 2418
f 2361 2418 2362
f 2362 2418 2419
f 2362 2419 2363
f 2363 2419 2420
f 2363 2420 2364
f 2364 2420 2421
f 2364 2421 2365
f 2365 2421 2422
f 2365 2422 2366
f 2366 2422 2423
f 2366 2423 2367
f 2367 2423 2424
f 2367 2424 2368
f 2368 2424 2425
f 2368 2425 2369
f 2369 2425 2426
f 2369 2426 2370
f 2370 2426 2427
f 2370 2427 2371
f 2371 2427 2428
f 2371 2428 2372
f 2372 2428 2429
f 2372 2429 2373
f 2373 2429 2430
f 2373 2430 2374
f 2374 2430 2431
f 2374 2431 2375
f 2375 2431 2432
f 2375 2432 2376
f 2376 2432 2433
f 2376 2433 2377
f 2377 2433 2434
f 2377 2434 2378
f 2378 2434 2435
f 2378 2435 2379
f 2379 2435 2436
f 2379 2436 2380
f 2380 2436 2437
f 2380 2437 2381
f 2381 2437 2438
f 2381 2438 2382
f 2382 2438 2439
f 2382 2439 2383
f 2383 2439 2440
f 2383 2440 2384
f 2384 2440 2441
f 2384 2441 2385
f 2385 2441 2442
f 2385 2442 2386
f 2386 2442 2443
f 2386 2443 2387
f 2387 2443 2444
f 2387 2444 2388
f 2388 2444 2445
f 2388 2445 2389
f 2389 2445 2446
f 2389 2446 2390
f 2390 2446 2447
f 2390 2447 2391
f 2391 2447 2448
f 2391 2448 2392
f 2392 2448 2449
f 2392 2449 2393
f 2393 2449 2450
f 2393 2450 2394
f 2394 2450 2451
f 2395 2452 2396
f 2396 2452 2453
f 2396 2453 2397
f 2397 2453 2454
f 2397 2454 2398
f 2398 2454 2455
f 2398 2455 2399
f 2399 2455 2456
f 2399 2456 2400
f 2400 2456 2457
f 2400 2457 2401
f 2401 2457 2458
f 2401 2458 2402
f 2402 2458 2459
f 2402 2459 2403
f 2403 2459 2460
f 2403 2460 2404
f 2404 2460 2461
f 2404 2461 2405
f 2405 2461 2462
f 2405 2462 2406
f 2406 2462 2463
f 2406 2463 2407
f 2407 2463 2464
f 2407 2464 2408
f 2408 2464 2465
f 2408 2465 2409
f 2409 2465 2466
f 2409 2466 2410
f 2410 2466 2467
f 2410 2467 2411
f 2411 2467 2468
f 2411 2468 2412
f 2412 2468 2469
f 2412 2469 2413
f 2413 2469 2470
f 2413 2470 2414
f 2414 2470 2471
f 2414 2471 2415
f 2415 2471 2472
f 2415 2472 2416
f 2416 2472 2473
f 2416 2473 2417
f 2417 2473 2474
f 2417 2474 2418
f 2418 2474 2475
f 2418 2475 2419
f 2419 2475 2476
f 2419 2476 2420
f 2420 2476 2477
f 2420 2477 2421
f 2421 2477 2478
f 2421 2478 2422
f 2422 2478 2479
f 2422 2479 2423
f 2423 2479 2480
f 2423 2480 2424
f 2424 2480 2481
f 2424 2481 2425
f 2425 2481 2482
f 2425 2482 2426
f 2426 2482 2483
f 2426 2483 2427
f 2427 2483 2484
f 2427 2484 2428
f 2428 2484 2485
f 2428 2485 2429
f 2429 2485 2486
f 2429 2486 2430
f 2430 2486 2487
f 2430 2487 2431
f 2431 2487 2488
f 2431 2488 2432
f 2432 2488 2489
f 2432 2489 2433
f 2433 2489 2490
f 2433 2490 2434
f 2434 2490 2491
f 2434 2491 2435
f 2435 2491 2492
f 2435 2492 2436
f 2436 2492 2493
f 2436 2493 2437
f 2437 2493 2494
f 2437 2494 2438
f 2438 2494 2495
f 2438 2495 2439
f 2439 2495 2496
f 2439 2496 2440
f 2440 2496 2497
f 2440 2497 2441
f 2441 2497 2498
f 2441 2498 2442
f 2442 2498 2499
f 2442 2499 2443
f 2443 2499 2500
f 2443 2500 2444
f 2444 2500 2501
f 2444 2501 2445
f 2445 2501 2502
f 2445 2502 2446
f 2446 2502 2503
f 2446 2503 2447
f 2447 2503 2504
f 2447 2504 2448
f 2448 2504 2505
f 2448 2505 2449
f 2449 2505 2506
f 2449 2506 2450
f 2450 2506 2507
f 2450 2507 2451
f 2451 2507 2508
f 2452 2509 2453
f 2453 2509 2510
f 2453 2510 2454
f 2454 2510 2511
f 2454 2511 2455
f 2455 2511 2512
f 2455 2512 2456
f 2456 2512 2513
f 2456 2513 2457
f 2457 2513 2514
f 2457 2514 2458
f 2458 2514 2515
f 2458 2515 2459
f 2459 2515 2516
f 2459 2516 2460
f 2460 2516 2517
f 2460 2517 2461
f 2461 2517 2518
f 2461 2518 2462
f 2462 2518 2519
f 2462 2519 2463
f 2463 2519 2520
f 2463 2520 2464
f 2464 2520 2521
f 2464 2521 2465
f 2465 2521 2522
f 2465 2522 2466
f 2466 2522 2523
f 2466 2523 2467
f 2467 2523 2524
f 2467 2524 2468
f 2468 2524 2525
f 2468 2525 2469
f 2469 2525 2526
f 2469 2526 2470
f 2470 2526 2527
f 2470 2527 2471
f 2471 2527 2528
f 2471 2528 2472
f 2472 2528 2529
f 2472 2529 2473
f 2473 2529 2530
f 2473 2530 2474
f 2474 2530 2531
f 2474 2531 2475
f 2475 2531 2532
f 2475 2532 2476
f 2476 2532 2533
f 2476 2533 2477
f 2477 2533 2534
f 2477 2534 2478
f 2478 2534 2535
f 2478 2535 2479
f 2479 2535 2536
f 2479 2536 2480
f 2480 2536 2537
f 2480 2537 2481
f 2481 2537 2538
f 2481 2538 2482
f 2482 2538 2539
f 2482 2539 2483
f 2483 2539 2540
f 2483 2540 2484
f 2484 2540 2541
f 2484 2541 2485
f 2485 2541 2542
f 2485 2542 2486
f 2486 2542 2543
f 2486 2543 2487
f 2487 2543 2544
f 2487 2544 2488
f 2488 2544 2545
f 2488 2545 2489
f 2489 2545 2546
f 2489 2546 2490
f 2490 2546 2547
f 2490 2547 2491
f 2491 2547 2548
f 2491 2548 2492
f 2492 2548 2549
f 2492 2549 2493
f 2493 2549 2550
f 2493 2550 2494
f 2494 2550 2551
f 2494 2551 2495
f 2495 2551 2552
f 2495 2552 2496
f 2496 2552 2553
f 2496 2553 2497
f 2497 2553 2554
f 2497 2554 2498
f 2498 2554 2555
f 2498 2555 2499
f 2499 2555 2556
f 2499 2556 2500
f 2500 2556 2557
f 2500 2557 2501
f 2501 2557 2558
f 2501 2558 2502
f 2502 2558 2559
f 2502 2559 2503
f 2503 2559 2560
f 2503 2560 2504
f 2504 2560 2561
f 2504 2561 2505
f 2505 2561 2562
f 2505 2562 2506
f 2506 2562 2563
f 2506 2563 2507
f 2507 2563 2564
f 2507 2564 2508
f 2508 2564 2565
f 2509 2566 2510
f 2510 2566 2567
f 2510 2567 2511
f 2511 2567 2568
f 2511 2568 2512
f 2512 2568 2569
f 2512 2569 2513
f 2513 2569 2570
f 2513 2570 2514
f 2514 2570 2571
f 2514 2571 2515
f 2515 2571 2572
f 2515 2572 2516
f 2516 2572 2573
f 2516 2573 2517
f 2517 2573 2574
f 2517 2574 2518
f 2518 2574 2575
f 2518 2575 2519
f 2519 2575 2576
f 2519 2576 2520
f 2520 2576 2577
f 2520 2577 2521
f 2521 2577 2578
f 2521 2578 2522
f 2522 2578 2579
f 2522 2579 2523
f 2523 2579 2580
f 2523 2580 2524
f 2524 2580 2581
f 2524 2581 2525
f 2525 2581 2582
f 2525 2582 2526
f 2526 2582 2583
f 2526 2583 2527
f 2527 2583 2584
f 2527 2584 2528
f 2528 2584 2585
f 2528 2585 2529
f 2529 2585 2586
f 2529 2586 2530
f 2530 2586 2587
f 2530 2587 2531
f 2531 2587 2588
f 2531 2588 2532
f 2532 2588 2589
f 2532 2589 2533
f 2533 2589 2590
f 2533 2590 2534
f 2534 2590 2591
f 2534 2591 2535
f 2535 2591 2592
f 2535 2592 2536
f 2536 2592 2593
f 2536 2593 2537
f 2537 2593 2594
f 2537 2594 2538
f 2538 2594 2595
f 2538 2595 2539
f 2539 2595 2596
f 2539 2596 2540
f 2540 2596 2597
f 2540 2597 2541
f 2541 2597 2598
f 2541 2598 2542
f 2542 2598 2599
f 2542 2599 2543
f 2543 2599 2600
f 2543 2600 2544
f 2544 2600 2601
f 2544 2601 2545
f 2545 2601 2602
f 2545 2602 2546
f 2546 2602 2603
f 2546 2603 2547
f 2547 2603 2604
f 2547 2604 2548
f 2548 2604 2605
f 2548 2605 2549
f 2549 2605 2606
f 2549 2606 2550
f 2550 2606 2607
f 2550 2607 2551
f 2551 2607 2608
f 2551 2608 2552
f 2552 2608 2609
f 2552 2609 2553
f 2553 2609 2610
f 2553 2610 2554
f 2554 2610 2611
f 2554 2611 2555
f 2555 2611 2612
f 2555 2612 2556
f 2556 2612 2613
f 2556 2613 2557
f 2557 2613 2614
f 2557 2614 2558
f 2558 2614 2615
f 2558 2615 2559
f 2559 2615 2616
f 2559 2616 2560
f 2560 2616 2617
f 2560 2617 2561
f 2561 2617 2618
f 2561 2618 2562
f 2562 2618 2619
f 2562 2619 2563
f 2563 2619 2620
f 2563 2620 2564
f 2564 2620 2621
f 2564 2621 2565
f 2565 2621 2622
f 2566 2623 2567
f 2567 2623 2624
f 2567 2624 2568
f 2568 2624 2625
f 2568 2625 2569
f 2569 2625 2626
f 2569 2626 2570
f 2570 2626 2627
f 2570 2627 2571
f 2571 2627 2628
f 2571 2628 2572
f 2572 2628 2629
f 2572 2629 2573
f 2573 2629 2630
f 2573 2630 2574
f 2574 2630 2631
f 2574 2631 2575
f 2575 2631 2632
f 2575 2632 2576
f 2576 2632 2633
f 2576 2633 2577
f 2577 2633 2634
f 2577 2634 2578
f 2578 2634 2635
f 2578 2635 2579
f 2579 2635 2636
f 2579 2636 2580
f 2580 2636 2637
f 2580 2637 2581
f 2581 2637 2638
f 2581 2638 2582
f 2582 2638 2639
f 2582 2639 2583
f 2583 2639 2640
f 2583 2640 2584
f 2584 2640 2641
f 2584 2641 2585
f 2585 2641 2642
f 2585 2642 2586
f 2586 2642 2643
f 2586 2643 2587
f 2587 2643 2644
f 2587 2644 2588
f 2588 2644 2645
f 2588 2645 2589
f 2589 2645 2646
f 2589 2646 2590
f 2590 2646 2647
f 2590 2647 2591
f 2591 2647 2648
f 2591 2648 2592
f 2592 2648 2649
f 2592 2649 2593
f 2593 2649 2650
f 2593 2650 2594
f 2594 2650 2651
f 2594 2651 2595
f 2595 2651 2652
f 2595 2652 2596
f 2596 2652 2653
f 2596 2653 2597
f 2597 2653 2654
f 2597 2654 2598
f 2598 2654 2655
f 2598 2655 2599
f 2599 2655 2656
f 2599 2656 2600
f 2600 2656 2657
f 2600 2657 2601
f 2601 2657 2658
f 2601 2658 2602
f 2602 2658 2659
f 2602 2659 2603
f 2603 2659 2660
f 2603 2660 2604
f 2604 2660 2661
f 2604 2661 2605
f 2605 2661 2662
f 2605 2662 2606
f 2606 2662 2663
f 2606 2663 2607
f 2607 2663 2664
f 2607 2664 2608
f 2608 2664 2665
f 2608 2665 2609
f 2609 2665 2666
f 2609 2666 2610
f 2610 2666 2667
f 2610 2667 2611
f 2611 2667 2668
f 2611 2668 2612
f 2612 2668 2669
f 2612 2669 2613
f 2613 2669 2670
f 2613 2670 2614
f 2614 2670 2671
f 2614 2671 2615
f 2615 2671 2672
f 2615 2672 2616
f 2616 2672 2673
f 2616 2673 2617
f 2617 2673 2674
f 2617 2674 2618
f 2618 2674 2675
f 2618 2675 2619
f 2619 2675 2676
f 2619 2676 2620
f 2620 2676 2677
f 2620 2677 2621
f 2621 2677 2678
f 2621 2678 2622
f 2622 2678 2679
f 2623 2680 2624
f 2624 2680 2681
f 2624 2681 2625
f 2625 2681 2682
f 2625 2682 2626
f 2626 2682 2683
f 2626 2683 2627
f 2627 2683 2684
f 2627 2684 2628
f 2628 2684 2685
f 2628 2685 2629
f 2629 2685 2686
f 2629 2686 2630
f 2630 2686 2687
f 2630 2687 2631
f 2631 2687 2688
f 2631 2688 2632
f 2632 2688 2689
f 2632 2689 2633
f 2633 2689 2690
f 2633 2690 2634
f 2634 2690 2691
f 2634 2691 2635
f 2635 2691 2692
f 2635 2692 2636
f 2636 2692 2693
f 2636 2693 2637
f 2637 2693 2694
f 2637 2694 2638
f 2638 2694 2695
f 2638 2695 2639
f 2639 2695 2696
f 2639 2696 2640
f 2640 2696 2697
f 2640 2697 2641
f 2641 2697 2698
f 2641 2698 2642
f 2642 2698 2699
f 2642 2699 2643
f 2643 2699 2700
f 2643 2700 2644
f 2644 2700 2701
f 2644 2701 2645
f 2645 2701 2702
f 2645 2702 2646
f 2646 2702 2703
f 2646 2703 2647
f 2647 2703 2704
f 2647 2704 2648
f 2648 2704 2705
f 2648 2705 2649
f 2649 2705 2706
f 2649 2706 2650
f 2650 2706 2707
f 2650 2707 2651
f 2651 2707 2708
f 2651 2708 2652
f 2652 2708 2709
f 2652 2709 2653
f 2653 2709 2710
f 2653 2710 2654
f 2654 2710 2711
f 2654 2711 2655
f 2655 2711 2712
f 2655 2712 2656
f 2656 2712 2713
f 2656 2713 2657
f 2657 2713 2714
f 2657 2714 2658
f 2658 2714 2715
f 2658 2715 2659
f 2659 2715 2716
f 2659 2716 2660
f 2660 2716 2717
f 2660 2717 2661
f 2661 2717 2718
f 2661 2718 2662
f 2662 2718 2719
f 2662 2719 2663
f 2663 2719 2720
f 2663 2720 2664
f 2664 2720 2721
f 2664 2721 2665
f 2665 2721 2722
f 2665 2722 2666
f 2666 2722 2723
f 2666 2723 2667
f 2667 2723 2724
f 2667 2724 2668
f 2668 2724 2725
f 2668 2725 2669
f 2669 2725 2726
f 2669 2726 2670
f 2670 2726 2727
f 2670 2727 2671
f 2671 2727 2728
f 2671 2728 2672
f 2672 2728 2729
f 2672 2729 2673
f 2673 2729 2730
f 2673 2730 2674
f 2674 2730 2731
f 2674 2731 2675
f 2675 2731 2732
f 2675 2732 2676
f 2676 2732 2733
f 2676 2733 2677
f 2677 2733 2734
f 2677 2734 2678
f 2678 2734 2735
f 2678 2735 2679
f 2679 2735 2736
f 2680 2737 2681
f 2681 2737 2738
f 2681 2738 2682
f 2682 2738 2739
f 2682 2739 2683
f 2683 2739 2740
f 2683 2740 2684
f 2684 2740 2741
f 2684 2741 2685
f 2685 2741 2742
f 2685 2742 2686
f 2686 2742 2743
f 2686 2743 2687
f 2687 2743 2744
f 2687 2744 2688
f 2688 2744 2745
f 2688 2745 2689
f 2689 2745 2746
f 2689 2746 2690
f 2690 2746 2747
f 2690 2747 2691
f 2691 2747 2748
f 2691 2748 2692
f 2692 2748 2749
f 2692 2749 2693
f 2693 2749 2750
f 2693 2750 2694
f 2694 2750 2751
f 2694 2751 2695
f 2695 2751 2752
f 2695 2752 2696
f 2696 2752 2753
f 2696 2753 2697
f 2697 2753 2754
f 2697 2754 2698
f 2698 2754 2755
f 2698 2755 2699
f 2699 2755 2756
f 2699 2756 2700
f 2700 2756 2757
f 2700 2757 2701
f 2701 2757 2758
f 2701 2758 2702
f 2702 2758 2759
f 2702 2759 2703
f 2703 2759 2760
f 2703 2760 2704
f 2704 2760 2761
f 2704 2761 2705
f 2705 2761 2762
f 2705 2762 2706
f 2706 2762 2763
f 2706 2763 2707
f 2707 2763 2764
f 2707 2764 2708
f 2708 2764 2765
f 2708 2765 2709
f 2709 2765 2766
f 2709 2766 2710
f 2710 2766 2767
f 2710 2767 2711
f 2711 2767 2768
f 2711 2768 2712
f 2712 2768 2769
f 2712 2769 2713
f 2713 2769 2770
f 2713 2770 2714
f 2714 2770 2771
f 2714 2771 2715
f 2715 2771 2772
f 2715 2772 2716
f 2716 2772 2773
f 2716 2773 2717
f 2717 2773 2774
f 2717 2774 2718
f 2718 2774 2775
f 2718 2775 2719
f 2719 2775 2776
f 2719 2776 2720
f 2720 2776 2777
f 2720 2777 2721
f 2721 2777 2778
f 2721 2778 2722
f 2722 2778 2779
f 2722 2779 2723
f 2723 2779 2780
f 2723 2780 2724
f 2724 2780 2781
f 2724 2781 2725
f 2725 2781 2782
f 2725 2782 2726
f 2726 2782 2783
f 2726 2783 2727
f 2727 2783 2784
f 2727 2784 2728
f 2728 2784 2785
f 2728 2785 2729
f 2729 2785 2786
f 2729 2786 2730
f 2730 2786 2787
f 2730 2787 2731
f 2731 2787 2788
f 2731 2788 2732
f 2732 2788 2789
f 2732 2789 2733
f 2733 2789 2790
f 2733 2790 2734
f 2734 2790 2791
f 2734 2791 2735
f 2735 2791 2792
f 2735 2792 2736
f 2736 2792 2793
f 2737 2794 2738
f 2738 2794 2795
f 2738 2795 2739
f 2739 2795 2796
f 2739 2796 2740
f 2740 2796 2797
f 2740 2797 2741
f 2741 2797 2798
f 2741 2798 2742
f 2742 2798 2799
f 2742 2799 2743
f 2743 2799 2800
f 2743 2800 2744
f 2744 2800 2801
f 2744 2801 2745
f 2745 2801 2802
f 2745 2802 2746
f 2746 2802 2803
f 2746 2803 2747
f 2747 2803 2804
f 2747 2804 2748
f 2748 2804 2805
f 2748 2805 2749
f 2749 2805 2806
f 2749 2806 2750
f 2750 2806 2807
f 2750 2807 2751
f 2751 2807 2808
f 2751 2808 2752
f 2752 2808 2809
f 2752 2809 2753
f 2753 2809 2810
f 2753 2810 2754
f 2754 2810 2811
f 2754 2811 2755
f 2755 2811 2812
f 2755 2812 2756
f 2756 2812 2813
f 2756 2813 2757
f 2757 2813 2814
f 2757 2814 2758
f 2758 2814 2815
f 2758 2815 2759
f 2759 2815 2816
f 2759 2816 2760
f 2760 2816 2817
f 2760 2817 2761
f 2761 2817 2818
f 2761 2818 2762
f 2762 2818 2819
f 2762 2819 2763
f 2763 2819 2820
f 2763 2820 2764
f 2764 2820 2821
f 2764 2821 2765
f 2765 2821 2822
f 2765 2822 2766
f 2766 2822 2823
f 2766 2823 2767
f 2767 2823 2824
f 2767 2824 2768
f 2768 2824 2825
f 2768 2825 2769
f 2769 2825 2826
f 2769 2826 2770
f 2770 2826 2827
f 2770 2827 2771
f 2771 2827 2828
f 2771 2828 2772
f 2772 2828 2829
f 2772 2829 2773
f 2773 2829 2830
f 2773 2830 2774
f 2774 2830 2831
f 2774 2831 2775
f 2775 2831 2832
f 2775 2832 2776
f 2776 2832 2833
f 2776 2833 2777
f 2777 2833 2834
f 2777 2834 2778
f 2778 2834 2835
f 2778 2835 2779
f 2779 2835 2836
f 2779 2836 2780
f 2780 2836 2837
f 2780 2837 2781
f 2781 2837 2838
f 2781 2838 2782
f 2782 2838 2839
f 2782 2839 2783
f 2783 2839 2840
f 2783 2840 2784
f 2784 2840 2841
f 2784 2841 2785
f 2785 2841 2842
f 2785 2842 2786
f 2786 2842 2843
f 2786 2843 2787
f 2787 2843 2844
f 2787 2844 2788
f 2788 2844 2845
f 2788 2845 2789
f 2789 2845 2846
f 2789 2846 2790
f 2790 2846 2847
f 2790 2847 2791
f 2791 2847 2848
f 2791 2848 2792
f 2792 2848 2849
f 2792 2849 2793
f 2793 2849 2850
f 2794 2851 2795
f 2795 2851 2852
f 2795 2852 2796
f 2796 2852 2853
f 2796 2853 2797
f 2797 2853 2854
f 2797 2854 2798
f 2798 2854 2855
f 2798 2855 2799
f 2799 2855 2856
f 2799 2856 2800
f 2800 2856 2857
f 2800 2857 2801
f 2801 2857 2858
f 2801 2858 2802
f 2802 2858 2859
f 2802 2859 2803
f 2803 2859 2860
f 2803 2860 2804
f 2804 2860 2861
f 2804 2861 2805
f 2805 2861 2862
f 2805 2862 2806
f 2806 2862 2863
f 2806 2863 2807
f 2807 2863 2864
f 2807 2864 2808
f 2808 2864 2865
f 2808 2865 2809
f 2809 2865 2866
f 2809 2866 2810
f 2810 2866 2867
f 2810 2867 2811
f 2811 2867 2868
f 2811 2868 2812
f 2812 2868 2869
f 2812 2869 2813
f 2813 2869 2870
f 2813 2870 2814
f 2814 2870 2871
f 2814 2871 2815
f 2815 2871 2872
f 2815 2872 2816
f 2816 2872 2873
f 2816 2873 2817
f 2817 2873 2874
f 2817 2874 2818
f 2818 2874 2875
f 2818 2875 2819
f 2819 2875 2876
f 2819 2876 2820
f 2820 2876 2877
f 2820 2877 2821
f 2821 2877 2878
f 2821 2878 2822
f 2822 2878 2879
f 2822 2879 2823
f 2823 2879 2880
f 2823 2880 2824
f 2824 2880 2881
f 2824 2881 2825
f 2825 2881 2882
f 2825 2882 2826
f 2826 2882 2883
f 2826 2883 2827
f 2827 2883 2884
f 2827 2884 2828
f 2828 2884 2885
f 2828 2885 2829
f 2829 2885 2886
f 2829 2886 2830
f 2830 2886 2887
f 2830 2887 2831
f 2831 2887 2888
f 2831 2888 2832
f 2832 2888 2889
f 2832 2889 2833
f 2833 2889 2890
f 2833 2890 2834
f 2834 2890 2891
f 2834 2891 2835
f 2835 2891 2892
f 2835 2892 2836
f 2836 2892 2893
f 2836 2893 2837
f 2837 2893 2894
f 2837 2894 2838
f 2838 2894 2895
f 2838 2895 2839
f 2839 2895 2896
f 2839 2896 2840
f 2840 2896 2897
f 2840 2897 2841
f 2841 2897 2898
f 2841 2898 2842
f 2842 2898 2899
f 2842 2899 2843
f 2843 2899 2900
f 2843 2900 2844
f 2844 2900 2901
f 2844 2901 2845
f 2845 2901 2902
f 2845 2902 2846
f 2846 2902 2903
f 2846 2903 2847
f 2847 2903 2904
f 2847 2904 2848
f 2848 2904 2905
f 2848 2905 2849
f 2849 2905 2906
f 2849 2906 2850
f 2850 2906 2907
f 2851 2908 2852
f 2852 2908 2909
f 2852 2909 2853
f 2853 2909 2910
f 2853 2910 2854
f 2854 2910 2911
f 2854 2911 2855
f 2855 2911 2912
f 2855 2912 2856
f 2856 2912 2913
f 2856 2913 2857
f 2857 2913 2914
f 2857 2914 2858
f 2858 2914 2915
f 2858 2915 2859
f 2859 2915 2916
f 2859 2916 2860
f 2860 2916 2917
f 2860 2917 2861
f 2861 2917 2918
f 2861 2918 2862
f 2862 2918 2919
f 2862 2919 2863
f 2863 2919 2920
f 2863 2920 2864
f 2864 2920 2921
f 2864 2921 2865
f 2865 2921 2922
f 2865 2922 2866
f 2866 2922 2923
f 2866 2923 2867
f 2867 2923 2924
f 2867 2924 2868
f 2868 2924 2925
f 2868 2925 2869
f 2869 2925 2926
f 2869 2926 2870
f 2870 2926 2927
f 2870 2927 2871
f 2871 2927 2928
f 2871 2928 2872
f 2872 2928 2929
f 2872 2929 2873
f 2873 2929 2930
f 2873 2930 2874
f 2874 2930 2931
f 2874 2931 2875
f 2875 2931 2932
f 2875 2932 2876
f 2876 2932 2933
f 2876 2933 2877
f 2877 2933 2934
f 2877 2934 2878
f 2878 2934 2935
f 2878 2935 2879
f 2879 2935 2936
f 2879 2936 2880
f 2880 2936 2937
f 2880 2937 2881
f 2881 2937 2938
f 2881 2938 2882
f 2882 2938 2939
f 2882 2939 2883
f 2883 2939 2940
f 2883 2940 2884
f 2884 2940 2941
f 2884 2941 2885
f 2885 2941 2942
f 2885 2942 2886
f 2886 2942 2943
f 2886 2943 2887
f 2887 2943 2944
f 2887 2944 2888
f 2888 2944 2945
f 2888 2945 2889
f 2889 2945 2946
f 2889 2946 2890
f 2890 2946 2947
f 2890 2947 2891
f 2891 2947 2948
f 2891 2948 2892
f 2892 2948 2949
f 2892 2949 2893
f 2893 2949 2950
f 2893 2950 2894
f 2894 2950 2951
f 2894 2951 2895
f 2895 2951 2952
f 2895 2952 2896
f 2896 2952 2953
f 2896 2953 2897
f 2897 2953 2954
f 2897 2954 2898
f 2898 2954 2955
f 2898 2955 2899
f 2899 2955 2956
f 2899 2956 2900
f 2900 2956 2957
f 2900 2957 2901
f 2901 2957 2958
f 2901 2958 2902
f 2902 2958 2959
f 2902 2959 2903
f 2903 2959 2960
f 2903 2960 2904
f 2904 2960 2961
f 2904 2961 2905
f 2905 2961 2962
f 2905 2962 2906
f 2906 2962 2963
f 2906 2963 2907
f 2907 2963 2964
f 2908 2965 2909
f 2909 2965 2966
f 2909 2966 2910
f 2910 2966 2967
f 2910 2967 2911
f 2911 2967 2968
f 2911 2968 2912
f 2912 2968 2969
f 2912 2969 2913
f 2913 2969 2970
f 2913 2970 2914
f 2914 2970 2971
f 2914 2971 2915
f 2915 2971 2972
f 2915 2972 2916
f 2916 2972 2973
f 2916 2973 2917
f 2917 2973 2974
f 2917 2974 2918
f 2918 2974 2975
f 2918 2975 2919
f 2919 2975 2976
f 2919 2976 2920
f 2920 2976 2977
f 2920 2977 2921
f 2921 2977 2978
f 2921 2978 2922
f 2922 2978 2979
f 2922 2979 2923
f 2923 2979 2980
f 2923 2980 2924
f 2924 2980 2981
f 2924 2981 2925
f 2925 2981 2982
f 2925 2982 2926
f 2926 2982 2983
f 2926 2983 2927
f 2927 2983 2984
f 2927 2984 2928
f 2928 2984 2985
f 2928 2985 2929
f 2929 2985 2986
f 2929 2986 2930
f 2930 2986 2987
f 2930 2987 2931
f 2931 2987 2988
f 2931 2988 2932
f 2932 2988 2989
f 2932 2989 2933
f 2933 2989 2990
f 2933 2990 2934
f 2934 2990 2991
f 2934 2991 2935
f 2935 2991 2992
f 2935 2992 2936
f 2936 2992 2993
f 2936 2993 2937
f 2937 2993 2994
f 2937 2994 2938
f 2938 2994 2995
f 2938 2995 2939
f 2939 2995 2996
f 2939 2996 2940
f 2940 2996 2997
f 2940 2997 2941
f 2941 2997 2998
f 2941 2998 2942
f 2942 2998 2999
f 2942 2999 2943
f 2943 2999 3000
f 2943 3000 2944
f 2944 3000 3001
f 2944 3001 2945
f 2945 3001 3002
f 2945 3002 2946
f 2946 3002 3003
f 2946 3003 2947
f 2947 3003 3004
f 2947 3004 2948
f 2948 3004 3005
f 2948 3005 2949
f 2949 3005 3006
f 2949 3006 2950
f 2950 3006 3007
f 2950 3007 2951
f 2951 3007 3008
f 2951 3008 2952
f 2952 3008 3009
f 2952 3009 2953
f 2953 3009 3010
f 2953 3010 2954
f 2954 3010 3011
f 2954 3011 2955
f 2955 3011 3012
f 2955 3012 2956
f 2956 3012 3013
f 2956 3013 2957
f 2957 3013 3014
f 2957 3014 2958
f 2958 3014 3015
f 2958 3015 2959
f 2959 3015 3016
f 2959 3016 2960
f 2960 3016 3017
f 2960 3017 2961
f 2961 3017 3018
f 2961 3018 2962
f 2962 3018 3019
f 2962 3019 2963
f 2963 3019 3020
f 2963 3020 2964
f 2964 3020 3021
f 2965 3022 2966
f 2966 3022 3023
f 2966 3023 2967
f 2967 3023 3024
f 2967 3024 2968
f 2968 3024 3025
f 2968 3025 2969
f 2969 3025 3026
f 2969 3026 2970
f 2970 3026 3027
f 2970 3027 2971
f 2971 3027 3028
f 2971 3028 2972
f 2972 3028 3029
f 2972 3029 2973
f 2973 3029 3030
f 2973 3030 2974
f 2974 3030 3031
f 2974 3031 2975
f 2975 3031 3032
f 2975 3032 2976
f 2976 3032 3033
f 2976 3033 2977
f 2977 3033 3034
f 2977 3034 2978
f 2978 3034 3035
f 2978 3035 2979
f 2979 3035 3036
f 2979 3036 2980
f 2980 3036 3037
f 2980 3037 2981
f 2981 3037 3038
f 2981 3038 2982
f 2982 3038 3039
f 2982 3039 2983
f 2983 3039 3040
f 2983 3040 2984
f 2984 3040 3041
f 2984 3041 2985
f 2985 3041 3042
f 2985 3042 2986
f 2986 3042 3043
f 2986 3043 2987
f 2987 3043 3044
f 2987 3044 2988
f 2988 3044 3045
f 2988 3045 2989
f 2989 3045 3046
f 2989 3046 2990
f 2990 3046 3047
f 2990 3047 2991
f 2991 3047 3048
f 2991 3048 2992
f 2992 3048 3049
f 2992 3049 2993
f 2993 3049 3050
f 2993 3050 2994
f 2994 3050 3051
f 2994 3051 2995
f 2995 3051 3052
f 2995 3052 2996
f 2996 3052 3053
f 2996 3053 2997
f 2997 3053 3054
f 2997 3054 2998
f 2998 3054 3055
f 2998 3055 2999
f 2999 3055 3056
f 2999 3056 3000
f 3000 3056 3057
f 3000 3057 3001
f 3001 3057 3058
f 3001 3058 3002
f 3002 3058 3059
f 3002 3059 3003
f 3003 3059 3060
f 3003 3060 3004
f 3004 3060 3061
f 3004 3061 3005
f 3005 3061 3062
f 3005 3062 3006
f 3006 3062 3063
f 3006 3063 3007
f 3007 3063 3064
f 3007 3064 3008
f 3008 3064 3065
f 3008 3065 3009
f 3009 3065 3066
f 3009 3066 3010
f 3010 3066 3067
f 3010 3067 3011
f 3011 3067 3068
f 3011 3068 3012
f 3012 3068 3069
f 3012 3069 3013
f 3013 3069 3070
f 3013 3070 3014
f 3014 3070 3071
f 3014 3071 3015
f 3015 3071 3072
f 3015 3072 3016
f 3016 3072 3073
f 3016 3073 3017
f 3017 3073 3074
f 3017 3074 3018
f 3018 3074 3075
f 3018 3075 3019
f 3019 3075 3076
f 3019 3076 3020
f 3020 3076 3077
f 3020 3077 3021
f 3021 3077 3078
f 3022 3079 3023
f 3023 3079 3080
f 3023 3080 3024
f 3024 3080 3081
f 3024 3081 3025
f 3025 3081 3082
f 3025 3082 3026
f 3026 3082 3083
f 3026 3083 3027
f 3027 3083 3084
f 3027 3084 3028
f 3028 3084 3085
f 3028 3085 3029
f 3029 3085 3086
f 3029 3086 3030
f 3030 3086 3087
f 3030 3087 3031
f 3031 3087 3088
f 3031 3088 3032
f 3032 3088 3089
f 3032 3089 3033
f 3033 3089 3090
f 3033 3090 3034
f 3034 3090 3091
f 3034 3091 3035
f 3035 3091 3092
f 3035 3092 3036
f 3036 3092 3093
f 3036 3093 3037
f 3037 3093 3094
f 3037 3094 3038
f 3038 3094 3095
f 3038 3095 3039
f 3039 3095 3096
f 3039 3096 3040
f 3040 3096 3097
f 3040 3097 3041
f 3041 3097 3098
f 3041 3098 3042
f 3042 3098 3099
f 3042 3099 3043
f 3043 3099 3100
f 3043 3100 3044
f 3044 3100 3101
f 3044 3101 3045
f 3045 3101 3102
f 3045 3102 3046
f 3046 3102 3103
f 3046 3103 3047
f 3047 3103 3104
f 3047 3104 3048
f 3048 3104 3105
f 3048 3105 3049
f 3049 3105 3106
f 3049 3106 3050
f 3050 3106 3107
f 3050 3107 3051
f 3051 3107 3108
f 3051 3108 3052
f 3052 3108 3109
f 3052 3109 3053
f 3053 3109 3110
f 3053 3110 3054
f 3054 3110 3111
f 3054 3111 3055
f 3055 3111 3112
f 3055 3112 3056
f 3056 3112 3113
f 3056 3113 3057
f 3057 3113 3114
f 3057 3114 3058
f 3058 3114 3115
f 3058 3115 3059
f 3059 3115 3116
f 3059 3116 3060
f 3060 3116 3117
f 3060 3117 3061
f 3061 3117 3118
f 3061 3118 3062
f 3062 3118 3119
f 3062 3119 3063
f 3063 3119 3120
f 3063 3120 3064
f 3064 3120 3121
f 3064 3121 3065
f 3065 3121 3122
f 3065 3122 3066
f 3066 3122 3123
f 3066 3123 3067
f 3067 3123 3124
f 3067 3124 3068
f 3068 3124 3125
f 3068 3125 3069
f 3069 3125 3126
f 3069 3126 3070
f 3070 3126 3127
f 3070 3127 3071
f 3071 3127 3128
f 3071 3128 3072
f 3072 3128 3129
f 3072 3129 3073
f 3073 3129 3130
f 3073 3130 3074
f 3074 3130 3131
f 3074 3131 3075
f 3075 3131 3132
f 3075 3132 3076
f 3076 3132 3133
f 3076 3133 3077
f 3077 3133 3134
f 3077 3134 3078
f 3078 3134 3135
f 3079 3136 3080
f 3080 3136 3137
f 3080 3137 3081
f 3081 3137 3138
f 3081 3138 3082
f 3082 3138 3139
f 3082 3139 3083
f 3083 3139 3140
f 3083 3140 3084
f 3084 3140 3141
f 3084 3141 3085
f 3085 3141 3142
f 3085 3142 3086
f 3086 3142 3143
f 3086 3143 3087
f 3087 3143 3144
f 3087 3144 3088
f 3088 3144 3145
f 3088 3145 3089
f 3089 3145 3146
f 3089 3146 3090
f 3090 3146 3147
f 3090 3147 3091
f 3091 3147 3148
f 3091 3148 3092
f 3092 3148 3149
f 3092 3149 3093
f 3093 3149 3150
f 3093 3150 3094
f 3094 3150 3151
f 3094 3151 3095
f 3095 3151 3152
f 3095 3152 3096
f 3096 3152 3153
f 3096 3153 3097
f 3097 3153 3154
f 3097 3154 3098
f 3098 3154 3155
f 3098 3155 3099
f 3099 3155 3156
f 3099 3156 3100
f 3100 3156 3157
f 3100 3157 3101
f 3101 3157 3158
f 3101 3158 3102
f 3102 3158 3159
f 3102 3159 3103
f 3103 3159 3160
f 3103 3160 3104
f 3104 3160 3161
f 3104 3161 3105
f 3105 3161 3162
f 3105 3162 3106
f 3106 3162 3163
f 3106 3163 3107
f 3107 3163 3164
f 3107 3164 3108
f 3108 3164 3165
f 3108 3165 3109
f 3109 3165 3166
f 3109 3166 3110
f 3110 3166 3167
f 3110 3167 3111
f 3111 3167 3168
f 3111 3168 3112
f 3112 3168 3169
f 3112 3169 3113
f 3113 3169 3170
f 3113 3170 3114
f 3114 3170 3171
f 3114 3171 3115
f 3115 3171 3172
f 3115 3172 3116
f 3116 3172 3173
f 3116 3173 3117
f 3117 3173 3174
f 3117 3174 3118
f 3118 3174 3175
f 3118 3175 3119
f 3119 3175 3176
f 3119 3176 3120
f 3120 3176 3177
f 3120 3177 3121
f 3121 3177 3178
f 3121 3178 3122
f 3122 3178 3179
f 3122 3179 3123
f 3123 3179 3180
f 3123 3180 3124
f 3124 3180 3181
f 3124 3181 3125
f 3125 3181 3182
f 3125 3182 3126
f 3126 3182 3183
f 3126 3183 3127
f 3127 3183 3184
f 3127 3184 3128
f 3128 3184 3185
f 3128 3185 3129
f 3129 3185 3186
f 3129 3186 3130
f 3130 3186 3187
f 3130 3187 3131
f 3131 3187 3188
f 3131 3188 3132
f 3132 3188 3189
f 3132 3189 3133
f 3133 3189 3190
f 3133 3190 3134
f 3134 3190 3191
f 3134 3191 3135
f 3135 3191 3192
f 3136 3193 3137
f 3137 3193 3194
f 3137 3194 3138
f 3138 3194 3195
f 3138 3195 3139
f 3139 3195 3196
f 3139 3196 3140
f 3140 3196 3197
f 3140 3197 3141
f 3141 3197 3198
f 3141 3198 3142
f 3142 3198 3199
f 3142 3199 3143
f 3143 3199 3200
f 3143 3200 3144
f 3144 3200 3201
f 3144 3201 3145
f 3145 3201 3202
f 3145 3202 3146
f 3146 3202 3203
f 3146 3203 3147
f 3147 3203 3204
f 3147 3204 3148
f 3148 3204 3205
f 3148 3205 3149
f 3149 3205 3206
f 3149 3206 3150
f 3150 3206 3207
f 3150 3207 3151
f 3151 3207 3208
f 3151 3208 3152
f 3152 3208 3209
f 3152 3209 3153
f 3153 3209 3210
f 3153 3210 3154
f 3154 3210 3211
f 3154 3211 3155
f 3155 3211 3212
f 3155 3212 3156
f 3156 3212 3213
f 3156 3213 3157
f 3157 3213 3214
f 3157 3214 3158
f 3158 3214 3215
f 3158 3215 3159
f 3159 3215 3216
f 3159 3216 3160
f 3160 3216 3217
f 3160 3217 3161
f 3161 3217 3218
f 3161 3218 3162
f 3162 3218 3219
f 3162 3219 3163
f 3163 3219 3220
f 3163 3220 3164
f 3164 3220 3221
f 3164 3221 3165
f 3165 3221 3222
f 3165 3222 3166
f 3166 3222 3223
f 3166 3223 3167
f 3167 3223 3224
f 3167 3224 3168
f 3168 3224 3225
f 3168 3225 3169
f 3169 3225 3226
f 3169 3226 3170
f 3170 3226 3227
f 3170 3227 3171
f 3171 3227 3228
f 3171 3228 3172
f 3172 3228 3229
f 3172 3229 3173
f 3173 3229 3230
f 3173 3230 3174
f 3174 3230 3231
f 3174 3231 3175
f 3175 3231 3232
f 3175 3232 3176
f 3176 3232 3233
f 3176 3233 3177
f 3177 3233 3234
f 3177 3234 3178
f 3178 3234 3235
f 3178 3235 3179
f 3179 3235 3236
f 3179 3236 3180
f 3180 3236 3237
f 3180 3237 3181
f 3181 3237 3238
f 3181 3238 3182
f 3182 3238 3239
f 3182 3239 3183
f 3183 3239 3240
f 3183 3240 3184
f 3184 3240 3241
f 3184 3241 3185
f 3185 3241 3242
f 3185 3242 3186
f 3186 3242 3243
f 3186 3243 3187
f 3187 3243 3244
f 3187 3244 3188
f 3188 3244 3245
f 3188 3245 3189
f 3189 3245 3246
f 3189 3246 3190
f 3190 3246 3247
f 3190 3247 3191
f 3191 3247 3248
f 3191 3248 3192
f 3192 3248 3249
o rock_0
v 11.38369613869757 0.8264710622738772 12.134517321638988
v 10.350231124994455 0.011144015195022727 12.796371073931233
v 10.801069635411613 0.8236717342635951 12.861298399976018
v 10.932857628280411 0.013943343205304881 12.069589995594203
v 11.314875465828873 0.14167230991594604 12.823446794386157
v 10.419051797863151 0.6959427675529539 12.107441601184064
usemtl rock
f 3250 3252 3254
f 3252 3251 3254
f 3251 3253 3254
f 3253 3250 3254
f 3252 3250 3255
f 3251 3252 3255
f 3253 3251 3255
f 3250 3253 3255
o rock_1
v -0.9912266067253448 0.6772642239742784 7.20769969014443
v -0.1379122312156475 0.9223351280322446 9.625569498408666
v 0.14813098613141407 1.7415385383100546 8.069655492006618
v -1.2772698240724063 -0.14193918630353142 8.763613696546479
v 0.35649012400856983 0.012388176802411888 8.17138495398457
v -1.4856289619495622 1.5872111752041111 8.661884234568527
usemtl rock
f 3256 3258 3260
f 3258 3257 3260
f 3257 3259 3260
f 3259 3256 3260
f 3258 3256 3261
f 3257 3258 3261
f 3259 3257 3261
f 3256 3259 3261
o rock_2
v 14.135740519215291 0.6414943844862699 -13.60381925849769
v 12.715550308401758 -0.3986180942042461 -12.039028260125185
v 13.621156595944992 0.4546759274936609 -12.422477290792498
v 13.230134231672057 -0.21179963721163708 -13.220370227830378
v 14.091178202253088 -0.4986907927771844 -12.629590278219842
v 12.760112625363961 0.7415670830592083 -13.013257240403034
usemtl rock
f 3262 3264 3266
f 3264 3263 3266
f 3263 3265 3266
f 3265 3262 3266
f 3264 3262 3267
f 3263 3264 3267
f 3265 3263 3267
f 3262 3265 3267
o rock_3
v -6.710420669847374 2.005420770254422 -9.218658459782342
v -8.622523894301409 1.084722852601634 -8.424062238037846
v -7.831595065245326 2.0352108924307633 -8.65078538089686
v -7.501349498903458 1.0549327304252927 -8.991935316923328
v -7.033048266256789 1.3191171244677633 -7.558912748642217
v -8.299896297891994 1.7710264983882926 -10.08380794917797
usemtl rock
f 3268 3270 3272
f 3270 3269 3272
f 3269 3271 3272
f 3271 3268 3272
f 3270 3268 3273
f 3269 3270 3273
f 3271 3269 3273
f 3268 3271 3273
o rock_4
v -10.781839845065804 2.7517031485981787 -7.6150217862331635
v -11.561360239315004 2.7008217311314673 -6.172793559590603
v -11.035945014906243 3.7793084354615094 -6.78343532857638
v -11.307255069474564 1.6732164442681365 -7.004380017247386
v -9.789328649914939 2.4707639157631536 -6.155807700983624
v -12.553871434465869 2.9817609639664924 -7.632007644840142
usemtl rock
f 3274 3276 3278
f 3276 3275 3278
f 3275 3277 3278
f 3277 3274 3278
f 3276 3274 3279
f 3275 3276 3279
f 3277 3275 3279
f 3274 3277 3279
o rock_5
v -7.880361456493024 6.778317836063086 -2.676061173933407
v -8.293535369751867 6.75509126887724 -1.9230353213522218
v -7.711570829414699 6.7029705795990155 -2.0955500671278835
v -8.462325996830193 6.83043852534131 -2.5035464281577453
v -8.134596869773539 6.362478131168117 -2.338160323613749
v -8.039299956471353 7.170930973772209 -2.26093617167188
usemtl rock
f 3280 3282 3284
f 3282 3281 3284
f 3281 3283 3284
f 3283 3280 3284
f 3282 3280 3285
f 3281 3282 3285
f 3283 3281 3285
f 3280 3283 3285
o rock_6
v -7.17876201903966 2.0120176397957428 -9.459777236115622
v -7.942246012775631 1.0026477157517157 -8.211304576564144
v -7.5303872361669075 2.202100248456347 -8.255415131232166
v -7.590620795648384 0.8125651070911113 -9.4156666814476
v -6.9689458606385735 1.311695070204875 -8.631952574728922
v -8.152062171176718 1.7029702853425834 -9.039129237950844
usemtl rock
f 3286 3288 3290
f 3288 3287 3290
f 3287 3289 3290
f 3289 3286 3290
f 3288 3286 3291
f 3287 3288 3291
f 3289 3287 3291
f 3286 3289 3291
o rock_7
v -4.453188839486407 -0.0350042603075883 -11.597542634696302
v -4.361337954433098 0.9945299741425572 -8.973124618365828
v -4.13452368719218 1.6232581060373072 -10.743461440831167
v -4.680003106727325 -0.6637323922023383 -9.827205812230963
v -3.6971801507386113 0.3247968590984221 -10.249393839227137
v -5.117346643180894 0.6347288547365468 -10.321273413834993
usemtl rock
f 3292 3294 3296
f 3294 3293 3296
f 3293 3295 3296
f 3295 3292 3296
f 3294 3292 3297
f 3293 3294 3297
f 3295 3293 3297
f 3292 3295 3297
o rock_8
v -0.5695170009314149 1.7819481962032253 -8.862416509984607
v -0.7557292921663196 0.36436096213639524 -7.643631270082122
v -1.172708385196833 1.2906872841145227 -8.077941818539799
v -0.1525379079009015 0.855621874225098 -8.428105961526931
v -0.23469677835172975 1.5642396867275103 -7.616454703424224
v -1.0905495147460047 0.5820694716121102 -8.889593076642505
usemtl rock
f 3298 3300 3302
f 3300 3299 3302
f 3299 3301 3302
f 3301 3298 3302
f 3300 3298 3303
f 3299 3300 3303
f 3301 3299 3303
f 3298 3301 3303
o rock_9
v 9.591517456974724 0.8138143897290244 12.065750282629525
v 9.615717548709473 -0.398814518913553 13.649409658090084
v 9.801413297409491 0.5690224656102923 13.131380006904816
v 9.405821708274706 -0.15402259479482094 12.583779933814792
v 10.578590401169928 -0.12298780360413264 12.589622462304936
v 8.62864460451427 0.537987674419604 13.125537478414673
usemtl rock
f 3304 3306 3308
f 3306 3305 3308
f 3305 3307 3308
f 3307 3304 3308
f 3306 3304 3309
f 3305 3306 3309
f 3307 3305 3309
f 3304 3307 3309
o rock_10
v -10.0795162510296 1.5533737023186251 -9.813917372222756
v -9.486868600344133 1.7748470423108125 -8.031794909354536
v -9.49206333767473 1.9494234602822589 -9.055128875970304
v -10.074321513699003 1.3787972843471787 -8.790583405606988
v -9.130146400113249 0.9388556007627555 -9.049896566439543
v -10.436238451260484 2.389365143866682 -8.79581571513775
usemtl rock
f 3310 3312 3314
f 3312 3311 3314
f 3311 3313 3314
f 3313 3310 3314
f 3312 3310 3315
f 3311 3312 3315
f 3313 3311 3315
f 3310 3313 3315
o rock_11
v -7.439205806666274 0.0823434095077141 -14.091913845669026
v -7.225961446798187 0.5641955611217004 -12.33229981241793
v -7.0347161305145365 1.1663825528305776 -13.47908265460272
v -7.630451122949924 -0.5198435822011631 -12.945131003484235
v -6.4087659817208955 -0.00969004352925823 -13.232885043061179
v -8.256401271743565 0.6562290141586729 -13.191328615025776
usemtl rock
f 3316 3318 3320
f 3318 3317 3320
f 3317 3319 3320
f 3319 3316 3320
f 3318 3316 3321
f 3317 3318 3321
f 3319 3317 3321
f 3316 3319 3321
o rock_12
v 5.45171696849027 0.8168950682507904 -8.875635240750052
v 5.4521390256672255 1.2946675039027167 -6.450047300046647
v 4.854995649460452 1.3694082733520745 -7.724513076851945
v 6.048860344697044 0.7421542988014325 -7.601169463944753
v 5.841360153052227 1.7693435961695942 -7.8034606888062115
v 5.062495841105269 0.3422189759839128 -7.522221851990487
usemtl rock
f 3322 3324 3326
f 3324 3323 3326
f 3323 3325 3326
f 3325 3322 3326
f 3324 3322 3327
f 3323 3324 3327
f 3325 3323 3327
f 3322 3325 3327
o rock_13
v 1.9123755341773698 0.5622581027221505 11.892127416154333
v 1.335898636057431 -0.05033345222770963 13.963411061966829
v 2.3901660169274637 0.9217575022970885 13.337881338861319
v 0.858108153307337 -0.40983285180264767 12.517657139259843
v 2.2869934621239394 -0.4852852136310964 12.89302721110417
v 0.9612807081108614 0.9972098641255374 12.96251126701699
usemtl rock
f 3328 3330 3332
f 3330 3329 3332
f 3329 3331 3332
f 3331 3328 3332
f 3330 3328 3333
f 3329 3330 3333
f 3331 3329 3333
f 3328 3331 3333
o rock_14
v 10.953227379218921 0.7513415349701036 -8.738668910311473
v 10.444003269216731 0.04509779155290111 -8.056637361934472
v 10.461072422945106 0.7110436418161763 -8.251080143429213
v 10.936158225490546 0.08539568470682851 -8.544226128816732
v 11.188842814539157 0.5333933565646779 -7.891663004949903
v 10.208387833896495 0.26304596995832685 -8.903643267296042
usemtl rock
f 3334 3336 3338
f 3336 3335 3338
f 3335 3337 3338
f 3337 3334 3338
f 3336 3334 3339
f 3335 3336 3339
f 3337 3335 3339
f 3334 3337 3339
o rock_15
v 6.373119608557036 0.5685803843670381 12.190314079120794
v 6.394174091646261 0.2364899952430269 13.335622457928915
v 6.42117826135459 0.6838976592594685 12.843861387982246
v 6.346115438848707 0.12117272035059645 12.682075149067463
v 7.070276911617873 0.3213420779647101 12.726803254900233
v 5.697016788585423 0.4837283016453549 12.799133282149477
usemtl rock
f 3340 3342 3344
f 3342 3341 3344
f 3341 3343 3344
f 3343 3340 3344
f 3342 3340 3345
f 3341 3342 3345
f 3343 3341 3345
f 3340 3343 3345
o rock_16
v -9.118417479265775 2.912783143543708 -6.8634381841706755
v -10.962949803676166 2.7443785200983757 -6.721060750090826
v -10.109936789247737 3.9216833266525626 -6.39651369093857
v -9.971430493694204 1.735478336989521 -7.187985243322932
v -9.896648681115067 2.3619656790506425 -5.4781578603069105
v -10.184718601826873 3.2951959845914414 -8.106341073954592
usemtl rock
f 3346 3348 3350
f 3348 3347 3350
f 3347 3349 3350
f 3349 3346 3350
f 3348 3346 3351
f 3347 3348 3351
f 3349 3347 3351
f 3346 3349 3351
o rock_17
v 0.48437979006038767 7.446852951788008 -0.09399092264876496
v 0.47054632856680434 7.519888054528565 0.6627650778035885
v 0.3142548158188032 7.735149780892484 0.2571042276802992
v 0.6406713028083888 7.231591225424089 0.3116699274745243
v 0.8545138978667974 7.725991772490373 0.26786398285600904
v 0.10041222076039452 7.2407492338262 0.3009101722988145
usemtl rock
f 3352 3354 3356
f 3354 3353 3356
f 3353 3355 3356
f 3355 3352 3356
f 3354 3352 3357
f 3353 3354 3357
f 3355 3353 3357
f 3352 3355 3357
o rock_18
v -1.572152113208041 4.937355499413944 3.8777786938007153
v -1.4936613667370227 2.8346300964586595 5.079242735030205
v -1.431599003493682 4.334928487210908 5.257590841785372
v -1.6342144764513815 3.4370571086616963 3.6994305870455486
v -0.01747017813226126 3.8438424151281843 4.305739478223644
v -3.0483433018128023 3.9281431807444194 4.6512819506072764
usemtl rock
f 3358 3360 3362
f 3360 3359 3362
f 3359 3361 3362
f 3361 3358 3362
f 3360 3358 3363
f 3359 3360 3363
f 3361 3359 3363
f 3358 3361 3363
o rock_19
v 4.280028867354821 0.09192564636187114 -13.959069917788957
v 4.692200939165227 0.19900668594126167 -12.558820280181019
v 4.612347602059638 0.643729826961513 -13.334206095987385
v 4.359882204460409 -0.3527974946583802 -13.18368410198259
v 4.901909252047963 0.023053820632632643 -13.371975499222648
v 4.070320554472085 0.26787851167050014 -13.145914698747328
usemtl rock
f 3364 3366 3368
f 3366 3365 3368
f 3365 3367 3368
f 3367 3364 3368
f 3366 3364 3369
f 3365 3366 3369
f 3367 3365 3369
f 3364 3367 3369
o rock_20
v 13.302318787167485 0.5542583845743759 11.218040086714954
v 13.160179466230163 -0.20502673460645937 11.987185017006073
v 12.555761251383029 0.4186172164259503 11.718654710064376
v 13.90673700201462 -0.06938556645803376 11.48657039365665
v 13.589782157397874 0.8286170388776513 12.314487530930592
v 12.872716095999774 -0.47938538890973476 10.890737572790435
usemtl rock
f 3370 3372 3374
f 3372 3371 3374
f 3371 3373 3374
f 3373 3370 3374
f 3372 3370 3375
f 3371 3372 3375
f 3373 3371 3375
f 3370 3373 3375
o rock_21
v -9.902904897302164 0.28803963117284204 8.215560546311554
v -9.544305755265285 0.5694431740204168 9.443767445367758
v -10.202587129060076 1.230207617718635 8.785882309771607
v -9.244623523507373 -0.37272481252537604 8.873445681907706
v -8.795504885943608 0.9619278381897276 8.436524554939895
v -10.651705766623841 -0.10444503299646879 9.222803436739417
usemtl rock
f 3376 3378 3380
f 3378 3377 3380
f 3377 3379 3380
f 3379 3376 3380
f 3378 3376 3381
f 3377 3378 3381
f 3379 3377 3381
f 3376 3379 3381
o rock_22
v -6.689365984259501 0.01795052600372593 12.399827995839836
v -6.444252652356074 1.096119886330425 15.086188289952162
v -7.153779825784799 1.4604346164353421 13.433986575948655
v -5.979838810830776 -0.3463642041011913 14.052029709843342
v -5.6797609167498395 1.0394643623463293 13.4684479040469
v -7.453857719865735 0.07460604998782139 14.017568381745097
usemtl rock
f 3382 3384 3386
f 3384 3383 3386
f 3383 3385 3386
f 3385 3382 3386
f 3384 3382 3387
f 3383 3384 3387
f 3385 3383 3387
f 3382 3385 3387
